{
"type": "FeatureCollection",
"name": "三亚乡镇2002_16",
"crs": { "type": "name", "properties": { "name": "urn:ogc:def:crs:EPSG::32649" } },
"features": [
{ "type": "Feature", "properties": { "OBJECTID": 1, "乡镇名": "梅山镇", "面积km2": 117.129 }, "geometry": { "type": "Polygon", "coordinates": [ [ [ 301966.544282749993727, 2042696.930823852540925 ], [ 302249.006453273934312, 2042696.930823852540925 ], [ 302279.010202860401478, 2042666.926145778270438 ], [ 302339.017702033335809, 2042666.926145778270438 ], [ 302369.021451619861182, 2042636.921467703999951 ], [ 302429.028950792795513, 2042636.921467703999951 ], [ 302459.032700379320886, 2042606.916789629962295 ], [ 302519.040199552371632, 2042606.916789629962295 ], [ 302549.043949138897005, 2042576.912111555691808 ], [ 302609.051448311889544, 2042576.912111555691808 ], [ 302643.449241441267077, 2042542.51325396168977 ], [ 302669.05894748494029, 2042516.902755407150835 ], [ 302699.062697071407456, 2042516.902755407150835 ], [ 302733.460490200784989, 2042482.503897813148797 ], [ 302759.070196244458202, 2042456.893399258609861 ], [ 302819.077695417392533, 2042456.893399258609861 ], [ 302849.081445003917906, 2042426.888721184339374 ], [ 302947.880588555941358, 2042426.888721184339374 ], [ 302947.880588555941358, 2042328.086520221317187 ], [ 302977.884338142466731, 2042298.081842147279531 ], [ 302977.884338142466731, 2042088.049095627386123 ], [ 302999.100192936486565, 2042066.832584293326363 ], [ 303059.107692109362688, 2042066.832584293326363 ], [ 303097.899336488451809, 2042028.03973947907798 ], [ 303097.899336488451809, 2041998.035061404807493 ], [ 303123.509234825323801, 2041972.424370551016182 ], [ 303157.906835661444347, 2041938.025705256266519 ], [ 303157.906835661444347, 2041878.016349107725546 ], [ 303209.126440041989554, 2041826.795159699395299 ], [ 303247.918084420962259, 2041826.795159699395299 ], [ 303247.918084420962259, 2041637.978924513794482 ], [ 303273.527982757834252, 2041612.36823366000317 ], [ 303307.925583593954798, 2041577.969568365253508 ], [ 303307.925583593954798, 2041547.964890290983021 ], [ 303329.141438387974631, 2041526.748378956923261 ], [ 303359.145187974558212, 2041526.748378956923261 ], [ 303397.93683235347271, 2041487.955534142442048 ], [ 303397.93683235347271, 2041307.927465697051957 ], [ 303427.940581939998083, 2041277.92278762278147 ], [ 303427.940581939998083, 2041247.918109548510984 ], [ 303449.156436734017916, 2041226.701598214451224 ], [ 303479.160186320426874, 2041226.701598214451224 ], [ 303509.163935906952247, 2041196.696920140413567 ], [ 303547.95558028598316, 2041196.696920140413567 ], [ 303547.95558028598316, 2040977.876006880309433 ], [ 303577.959329872508533, 2040947.871328806038946 ], [ 303577.959329872508533, 2040857.857294583460316 ], [ 303603.569228209380526, 2040832.246603729669005 ], [ 303637.966829045501072, 2040797.847938434919342 ], [ 303637.966829045501072, 2040737.838582286378369 ], [ 303667.970578632026445, 2040707.833904212107882 ], [ 303667.970578632026445, 2040587.815191915258765 ], [ 303697.974328218551818, 2040557.810513840988278 ], [ 303697.974328218551818, 2040467.796479618176818 ], [ 303727.978077805018984, 2040437.791801543906331 ], [ 303727.978077805018984, 2040125.317140451399609 ], [ 303697.974328218551818, 2040095.312462377129123 ], [ 303697.974328218551818, 2040065.307784302858636 ], [ 303667.970578632026445, 2040035.30310622882098 ], [ 303667.970578632026445, 2039975.293750080280006 ], [ 303633.572977795847692, 2039940.895084785530344 ], [ 303607.963079459033906, 2039915.284393931739032 ], [ 303607.963079459033906, 2039885.279715857468545 ], [ 303577.959329872508533, 2039855.275037783198059 ], [ 303577.959329872508533, 2039795.265681634657085 ], [ 303547.95558028598316, 2039765.261003560386598 ], [ 303547.95558028598316, 2039726.468158746138215 ], [ 303509.163935907010455, 2039726.468158746138215 ], [ 303487.948081112990621, 2039705.251647412078455 ], [ 303487.948081112990621, 2039645.242291263537481 ], [ 303457.944331526465248, 2039615.237613189266995 ], [ 303457.944331526465248, 2039585.232935114996508 ], [ 303434.154329826065805, 2039561.442197215743363 ], [ 303457.944331526465248, 2039537.651459316490218 ], [ 303457.944331526465248, 2039507.646781242219731 ], [ 303483.554229863337241, 2039482.03609038866125 ], [ 303509.163935907010455, 2039456.425591834122315 ], [ 303577.959329872508533, 2039456.425591834122315 ], [ 303577.959329872508533, 2039315.190832446794957 ], [ 303543.56172903632978, 2039280.792167152045295 ], [ 303513.557979449920822, 2039250.787489077774808 ], [ 303479.160186320485082, 2039216.38863148377277 ], [ 303449.156436734017916, 2039216.38863148377277 ], [ 303423.54673069040291, 2039190.778132929233834 ], [ 303397.93683235347271, 2039165.167442075675353 ], [ 303397.93683235347271, 2039135.162764001404867 ], [ 303363.539231517410371, 2039100.764098706655204 ], [ 303337.929333180480171, 2039075.153407852863893 ], [ 303337.929333180480171, 2039045.148729778593406 ], [ 303303.531732344301417, 2039010.750064483843744 ], [ 303273.52798275789246, 2038980.745386409573257 ], [ 303243.524233171308879, 2038950.74070833530277 ], [ 303217.914334834495094, 2038925.130017481511459 ], [ 303217.914334834495094, 2038886.337172667263076 ], [ 303179.122690455464181, 2038886.337172667263076 ], [ 303157.906835661444347, 2038865.120661333203316 ], [ 303157.906835661444347, 2038835.115983258932829 ], [ 303127.903086074977182, 2038805.111305184662342 ], [ 303127.903086074977182, 2038775.106627110391855 ], [ 303097.899336488451809, 2038745.101949036121368 ], [ 303097.899336488451809, 2038715.097270961850882 ], [ 303067.895586901926436, 2038685.092592887580395 ], [ 303067.895586901926436, 2038385.045812145108357 ], [ 303037.89183731545927, 2038355.04113407083787 ], [ 303037.89183731545927, 2038325.036455996800214 ], [ 303003.494236479280517, 2038290.637790702050552 ], [ 302977.884338142466731, 2038265.02709984825924 ], [ 302977.884338142466731, 2038226.234255033778027 ], [ 302939.092693763435818, 2038226.234255033778027 ], [ 302917.876838969415985, 2038205.017743699718267 ], [ 302917.876838969415985, 2038175.01306562544778 ], [ 302887.87308938294882, 2038145.008387551177293 ], [ 302887.87308938294882, 2038115.003709476906806 ], [ 302857.869339796423446, 2038084.999031402636319 ], [ 302857.869339796423446, 2037964.980319105787203 ], [ 302823.471738960244693, 2037930.58165381103754 ], [ 302797.861840623430908, 2037904.970962957246229 ], [ 302797.861840623430908, 2037874.966284882975742 ], [ 302767.858091036905535, 2037844.961606808705255 ], [ 302767.858091036905535, 2037514.910147991962731 ], [ 302737.854341450438369, 2037484.905469917925075 ], [ 302737.854341450438369, 2037454.900791843654588 ], [ 302677.846842277387623, 2037394.891435695113614 ], [ 302677.846842277387623, 2037364.886757620843127 ], [ 302639.055197898473125, 2037326.093912806361914 ], [ 302609.051448311889544, 2037326.093912806361914 ], [ 302583.441742268216331, 2037300.483414251822978 ], [ 302549.043949138955213, 2037266.08455665782094 ], [ 302519.04019955242984, 2037266.08455665782094 ], [ 302489.036449965962674, 2037236.079878583550453 ], [ 302459.032700379379094, 2037236.079878583550453 ], [ 302429.02895079285372, 2037206.075200509279966 ], [ 302068.983955754782073, 2037206.075200509279966 ], [ 302038.9802061682567, 2037176.07052243524231 ], [ 302008.976456581847742, 2037176.07052243524231 ], [ 301948.968957408796996, 2037116.061166286701337 ], [ 301918.96520782232983, 2037116.061166286701337 ], [ 301897.749353028309997, 2037094.844654952641577 ], [ 301897.749353028309997, 2037064.83997687837109 ], [ 301867.745603441784624, 2037034.835298804100603 ], [ 301867.745603441784624, 2037004.830620729830116 ], [ 301837.741853855317459, 2036974.825942655559629 ], [ 301837.741853855317459, 2036854.807230358710513 ], [ 301807.738104268792085, 2036824.802552284440026 ], [ 301807.738104268792085, 2036756.005029395688325 ], [ 301768.94645988981938, 2036756.005029395688325 ], [ 301738.942710303294007, 2036726.000351321417838 ], [ 301708.938960716826841, 2036726.000351321417838 ], [ 301683.329254673211835, 2036700.389852766878903 ], [ 301627.715606749756262, 2036644.774483838817105 ], [ 301627.715606749756262, 2036614.769805764779449 ], [ 301593.318005913693924, 2036580.371140470029786 ], [ 301563.314256327110343, 2036550.366462395759299 ], [ 301528.916463197849225, 2036515.967604801757261 ], [ 301498.912713611265644, 2036515.967604801757261 ], [ 301473.303007567592431, 2036490.357106247218326 ], [ 301447.693109230778646, 2036464.746415393427014 ], [ 301447.693109230778646, 2036434.741737319156528 ], [ 301383.291758808074519, 2036370.338393950136378 ], [ 301353.288009221607354, 2036340.333715876098722 ], [ 301318.890216092229821, 2036305.934858282096684 ], [ 301288.886466505762655, 2036305.934858282096684 ], [ 301267.670611711742822, 2036284.718346948036924 ], [ 301267.670611711742822, 2036245.92550213355571 ], [ 301228.878967332770117, 2036245.92550213355571 ], [ 301198.875217746302951, 2036215.920824059285223 ], [ 301138.867718573252205, 2036215.920824059285223 ], [ 301108.863968986726832, 2036185.916145985014737 ], [ 301078.860219400259666, 2036185.916145985014737 ], [ 301048.856469813792501, 2036155.91146791074425 ], [ 300928.841471467691008, 2036155.91146791074425 ], [ 300907.625616673671175, 2036134.69495657668449 ], [ 300907.625616673671175, 2036104.690278502414003 ], [ 300877.621867087204009, 2036074.685600428143516 ], [ 300877.621867087204009, 2036014.676244279835373 ], [ 300847.618117500678636, 2035984.671566205564886 ], [ 300847.618117500678636, 2035954.666888131294399 ], [ 300808.826473121764138, 2035915.874043316813186 ], [ 300778.822723535180558, 2035915.874043316813186 ], [ 300748.818973948655184, 2035885.869365242542699 ], [ 300688.811474775720853, 2035885.869365242542699 ], [ 300663.201768732105847, 2035860.258866688003764 ], [ 300603.194269558996893, 2035800.24951053946279 ], [ 300568.796476429619361, 2035765.850652945693582 ], [ 300286.334305905853398, 2035765.850652945693582 ], [ 300256.330556319328025, 2035795.855331019731238 ], [ 300217.538911940297112, 2035795.855331019731238 ], [ 300217.538911940297112, 2035864.652853908482939 ], [ 300196.323057146277279, 2035885.869365242542699 ], [ 300076.308058800292201, 2035885.869365242542699 ], [ 300046.304309213766828, 2035915.874043316813186 ], [ 300016.300559627183247, 2035915.874043316813186 ], [ 299986.296810040716082, 2035945.878721391083673 ], [ 299956.293060454248916, 2035945.878721391083673 ], [ 299917.501416075218003, 2035984.671566205564886 ], [ 299917.501416075218003, 2036104.690278502414003 ], [ 299896.28556128119817, 2036125.906789836473763 ], [ 299866.281811694672797, 2036125.906789836473763 ], [ 299836.278062108205631, 2036155.91146791074425 ], [ 299806.274312521738466, 2036155.91146791074425 ], [ 299767.482668142707553, 2036194.704312725225464 ], [ 299767.482668142707553, 2036224.70899079949595 ], [ 299737.478918556240387, 2036254.713668873766437 ], [ 299737.478918556240387, 2036284.718346948036924 ], [ 299711.869020219368394, 2036310.329037801828235 ], [ 299681.865270632843021, 2036340.333715876098722 ], [ 299656.255564589286223, 2036365.944214430404827 ], [ 299626.251815002644435, 2036365.944214430404827 ], [ 299587.460170623729937, 2036404.737059244886041 ], [ 299587.460170623729937, 2036494.751093467697501 ], [ 299557.456421037204564, 2036524.755771541967988 ], [ 299557.456421037204564, 2036584.765127690508962 ], [ 299536.24056624318473, 2036605.981639024568722 ], [ 299416.225567897257861, 2036605.981639024568722 ], [ 299386.221818310732488, 2036635.986317098606378 ], [ 299356.218068724207114, 2036635.986317098606378 ], [ 299317.426424345176201, 2036674.779161913087592 ], [ 299317.426424345176201, 2036764.793196135899052 ], [ 299287.422674758650828, 2036794.797874210169539 ], [ 299287.422674758650828, 2036824.802552284440026 ], [ 299261.812776421778835, 2036850.413243138231337 ], [ 299231.80902683531167, 2036880.417921212501824 ], [ 299201.805277248786297, 2036910.422599286772311 ], [ 299176.195571205229498, 2036936.033097841078416 ], [ 298888.586499585420825, 2036936.033097841078416 ], [ 298862.976793541805819, 2036910.422599286772311 ], [ 298837.366895204933826, 2036884.811908432980999 ], [ 298837.366895204933826, 2036854.807230358710513 ], [ 298807.36314561846666, 2036824.802552284440026 ], [ 298807.36314561846666, 2036794.797874210169539 ], [ 298772.965544782287907, 2036760.399208915419877 ], [ 298747.355646445474122, 2036734.788518061628565 ], [ 298747.355646445474122, 2036704.783839987358078 ], [ 298717.351896858948749, 2036674.779161913087592 ], [ 298717.351896858948749, 2036537.183651892002672 ], [ 298742.961795195820741, 2036511.572961038211361 ], [ 298777.359396031941287, 2036477.174295743461698 ], [ 298777.359396031941287, 2036417.164939594920725 ], [ 298807.36314561846666, 2036387.160261520650238 ], [ 298807.36314561846666, 2036237.136871149530634 ], [ 298837.366895204933826, 2036207.132193075260147 ], [ 298837.366895204933826, 2036177.127515000989661 ], [ 298867.370644791459199, 2036147.122836926719174 ], [ 298867.370644791459199, 2036117.118158852448687 ], [ 298892.980543128331192, 2036091.507467998657376 ], [ 298918.59024917188799, 2036065.896969444351271 ], [ 298948.593998758471571, 2036065.896969444351271 ], [ 298978.597748344996944, 2036035.892291370080784 ], [ 299068.608997104456648, 2036035.892291370080784 ], [ 299107.400641483487561, 2035997.09944655559957 ], [ 299107.400641483487561, 2035907.08541233278811 ], [ 299137.404391070012935, 2035877.080734258517623 ], [ 299137.404391070012935, 2035847.076056184247136 ], [ 299158.620245864032768, 2035825.859544850187376 ], [ 299248.631494623434264, 2035825.859544850187376 ], [ 299278.635244209959637, 2035795.85486677614972 ], [ 299308.638993796485011, 2035795.85486677614972 ], [ 299347.430638175515924, 2035757.062021961668506 ], [ 299347.430638175515924, 2035727.057343887398019 ], [ 299373.040536512387916, 2035701.446653033606708 ], [ 299407.438137348508462, 2035667.047987738857046 ], [ 299407.438137348508462, 2035607.038631590316072 ], [ 299437.441886935033835, 2035577.033953516045585 ], [ 299437.441886935033835, 2035547.029275441775098 ], [ 299467.445636521559209, 2035517.024597367504612 ], [ 299467.445636521559209, 2035487.019919293466955 ], [ 299488.661491315579042, 2035465.803407959407195 ], [ 299518.665240902104415, 2035465.803407959407195 ], [ 299553.06303403142374, 2035431.404550365405157 ], [ 299587.460634867544286, 2035397.005885070655495 ], [ 299587.460634867544286, 2035276.987172773573548 ], [ 299608.676489661564119, 2035255.770661439513788 ], [ 299638.680239247973077, 2035255.770661439513788 ], [ 299673.078032377408817, 2035221.37180384574458 ], [ 299707.475633213587571, 2035186.973138550994918 ], [ 299707.475633213587571, 2035156.968460476724431 ], [ 299737.479382800054736, 2035126.963782402453944 ], [ 299737.479382800054736, 2035096.959104328183457 ], [ 299767.48313238658011, 2035066.95442625391297 ], [ 299767.48313238658011, 2034934.507833606796339 ], [ 299737.479382800054736, 2034904.503155532758683 ], [ 299737.479382800054736, 2034865.710310718277469 ], [ 299698.687738421082031, 2034865.710310718277469 ], [ 299647.468134040536825, 2034814.489121309947222 ], [ 299647.468134040536825, 2034634.461052864557132 ], [ 299608.676489661622327, 2034595.668208050075918 ], [ 299578.672740075038746, 2034595.668208050075918 ], [ 299557.456885281018913, 2034574.451696716016158 ], [ 299557.456885281018913, 2034544.447018641745672 ], [ 299527.453135694551747, 2034514.442340567475185 ], [ 299527.453135694551747, 2034484.437662493204698 ], [ 299497.449386108026374, 2034454.432984418934211 ], [ 299497.449386108026374, 2034124.381525602191687 ], [ 299467.445636521559209, 2034094.3768475279212 ], [ 299467.445636521559209, 2034055.584002713672817 ], [ 299098.612746690982021, 2034055.584002713672817 ], [ 299068.608997104456648, 2034025.57932463940233 ], [ 298948.593998758471571, 2034025.57932463940233 ], [ 298918.590249171946198, 2033995.574646565131843 ], [ 298888.586499585479032, 2033995.574646565131843 ], [ 298837.366895204933826, 2033944.353457156801596 ], [ 298837.366895204933826, 2033824.334744859719649 ], [ 298802.969294368871488, 2033789.936079564969987 ], [ 298768.57150123937754, 2033755.537221971200779 ], [ 298738.567751652968582, 2033755.537221971200779 ], [ 298717.351896858948749, 2033734.320710637141019 ], [ 298717.351896858948749, 2033704.316032562870532 ], [ 298682.954296022769995, 2033669.91736726812087 ], [ 298652.950546436361037, 2033639.912689193850383 ], [ 298597.336898512905464, 2033584.297320265788585 ], [ 298597.336898512905464, 2033416.697132170433179 ], [ 298627.340648099430837, 2033386.692454096162692 ], [ 298627.340648099430837, 2032615.359455149853602 ], [ 298588.549003720458131, 2032615.359455149853602 ], [ 298558.545254133990966, 2032585.354777075583115 ], [ 298528.541504547465593, 2032585.354777075583115 ], [ 298502.931798503850587, 2032559.74427852104418 ], [ 298442.924299330741633, 2032499.734922372503206 ], [ 298408.526506201480515, 2032465.336064778501168 ], [ 298378.522756614896934, 2032465.336064778501168 ], [ 298348.519007028371561, 2032435.331386704230681 ], [ 298318.515257441904396, 2032435.331386704230681 ], [ 298297.299402647884563, 2032414.114875370170921 ], [ 298297.299402647884563, 2032384.110197295900434 ], [ 298262.901801811764017, 2032349.711532001383603 ], [ 298207.288153888366651, 2032294.096163073321804 ], [ 298207.288153888366651, 2032255.303318258840591 ], [ 298168.496509509393945, 2032255.303318258840591 ], [ 298117.276905128848739, 2032204.082128850510344 ], [ 298117.276905128848739, 2031964.04470425657928 ], [ 298087.273155542381573, 2031934.040026182308793 ], [ 298087.273155542381573, 2031904.035348108038306 ], [ 298048.48151116335066, 2031865.242503293557093 ], [ 297976.045587745029479, 2031865.242503293557093 ], [ 297946.041838158504106, 2031895.247181367827579 ], [ 297916.038088572036941, 2031895.247181367827579 ], [ 297886.034338985511567, 2031925.251859442098066 ], [ 297856.030589398927987, 2031925.251859442098066 ], [ 297826.026839812460821, 2031955.256537516368553 ], [ 297676.008091880008578, 2031955.256537516368553 ], [ 297646.004342293483205, 2031985.26121559063904 ], [ 297508.414018606301397, 2031985.26121559063904 ], [ 297478.410269019776024, 2031955.256537516368553 ], [ 297255.955597668944392, 2031955.256537516368553 ], [ 297225.951848082419019, 2031985.26121559063904 ], [ 296955.918101803923491, 2031985.26121559063904 ], [ 296925.914352217398118, 2032015.265893664909527 ], [ 296625.876856352377217, 2032015.265893664909527 ], [ 296595.873106765851844, 2032045.270571739180014 ], [ 296505.86185800639214, 2032045.270571739180014 ], [ 296475.858108419924974, 2032075.27524981321767 ], [ 296295.835610900830943, 2032075.27524981321767 ], [ 296265.83186131430557, 2032105.279927887488157 ], [ 295575.745620824745856, 2032105.279927887488157 ], [ 295545.741871238220483, 2032135.284605961758643 ], [ 295228.129050032061059, 2032135.284605961758643 ], [ 295198.125300445535686, 2032105.279927887488157 ], [ 294538.042809542501345, 2032105.279927887488157 ], [ 294508.03905995603418, 2032075.27524981321767 ], [ 294388.024061609874479, 2032075.27524981321767 ], [ 294358.020312023349106, 2032045.270571739180014 ], [ 294238.005313677422237, 2032045.270571739180014 ], [ 294208.001564090896863, 2032015.265893664909527 ], [ 293757.945320293365512, 2032015.265893664909527 ], [ 293727.941570706840139, 2031985.26121559063904 ], [ 293637.930321947380435, 2031985.26121559063904 ], [ 293607.926572360855062, 2031955.256537516368553 ], [ 293517.91532360133715, 2031955.256537516368553 ], [ 293487.911574014811777, 2031925.251859442098066 ], [ 293427.904074841819238, 2031925.251859442098066 ], [ 293397.900325255293865, 2031895.247181367827579 ], [ 293307.889076495834161, 2031895.247181367827579 ], [ 293277.885326909308787, 2031865.242503293557093 ], [ 293217.877827736316249, 2031865.242503293557093 ], [ 293187.874078149790876, 2031835.237825219286606 ], [ 293097.862829390331171, 2031835.237825219286606 ], [ 293067.859079803864006, 2031805.233147145016119 ], [ 292857.832832698186394, 2031805.233147145016119 ], [ 292827.829083111719228, 2031775.228469070978463 ], [ 292677.810335179266986, 2031775.228469070978463 ], [ 292647.806585592741612, 2031745.223790996707976 ], [ 292527.791587246756535, 2031745.223790996707976 ], [ 292497.78783766028937, 2031715.219112922437489 ], [ 292407.77658890071325, 2031715.219112922437489 ], [ 292377.772839314187877, 2031685.214434848167002 ], [ 292287.761590554728173, 2031685.214434848167002 ], [ 292257.757840968261007, 2031655.209756773896515 ], [ 292167.746592208684888, 2031655.209756773896515 ], [ 292137.742842622159515, 2031625.205078699626029 ], [ 292047.73159386269981, 2031625.205078699626029 ], [ 292017.727844276232645, 2031595.200400625355542 ], [ 291957.720345103181899, 2031595.200400625355542 ], [ 291927.716595516656525, 2031565.195722551085055 ], [ 291837.705346757138614, 2031565.195722551085055 ], [ 291807.70159717061324, 2031535.191044476814568 ], [ 291717.690348411095329, 2031535.191044476814568 ], [ 291687.686598824569955, 2031505.186366402776912 ], [ 291567.671600478643086, 2031505.186366402776912 ], [ 291537.66785089217592, 2031475.181688328506425 ], [ 291387.649102959607262, 2031475.181688328506425 ], [ 291357.645353373081889, 2031445.177010254235938 ], [ 291267.634104613622185, 2031445.177010254235938 ], [ 291237.630355027155019, 2031415.172332179965451 ], [ 291177.622855854104273, 2031415.172332179965451 ], [ 291147.619106267637108, 2031385.167654105694965 ], [ 291117.615356681053527, 2031385.167654105694965 ], [ 291087.611607094528154, 2031355.162976031424478 ], [ 291057.607857508060988, 2031355.162976031424478 ], [ 291027.604107921535615, 2031325.158297957153991 ], [ 290967.596608748543076, 2031325.158297957153991 ], [ 290937.592859162017703, 2031295.153619882883504 ], [ 290907.589109575550538, 2031295.153619882883504 ], [ 290877.585359989025164, 2031265.148941808613017 ], [ 289845.029449802590534, 2031265.148941808613017 ], [ 289815.025700216065161, 2031295.153619882883504 ], [ 289617.427877355890814, 2031295.153619882883504 ], [ 289587.424127769365441, 2031265.148941808613017 ], [ 289527.416628596372902, 2031265.148941808613017 ], [ 289497.412879009847529, 2031235.14426373434253 ], [ 289407.401630250329617, 2031235.14426373434253 ], [ 289377.397880663804244, 2031205.139585660304874 ], [ 289257.382882317877375, 2031205.139585660304874 ], [ 289227.379132731410209, 2031175.134907586034387 ], [ 289137.36788397183409, 2031175.134907586034387 ], [ 289107.364134385308716, 2031145.130229511763901 ], [ 289017.352885625849012, 2031145.130229511763901 ], [ 288987.349136039381847, 2031115.125551437493414 ], [ 288897.337887279805727, 2031115.125551437493414 ], [ 288867.334137693280354, 2031085.120873363222927 ], [ 288837.330388106813189, 2031085.120873363222927 ], [ 288807.326638520287815, 2031055.11619528895244 ], [ 288747.319139347295277, 2031055.11619528895244 ], [ 288717.315389760769904, 2031025.111517214681953 ], [ 288687.311640174302738, 2031025.111517214681953 ], [ 288657.307890587777365, 2030995.106839140411466 ], [ 288597.300391414784826, 2030995.106839140411466 ], [ 288567.296641828259453, 2030965.10216106614098 ], [ 288507.289142655208707, 2030965.10216106614098 ], [ 288477.285393068683334, 2030935.097482992103323 ], [ 288417.277893895749003, 2030935.097482992103323 ], [ 288387.27414430922363, 2030905.092804917832837 ], [ 288327.266645136231091, 2030905.092804917832837 ], [ 288297.262895549705718, 2030875.08812684356235 ], [ 288177.24789720372064, 2030875.08812684356235 ], [ 288147.244147617195267, 2030845.083448769291863 ], [ 288027.22914927121019, 2030845.083448769291863 ], [ 287997.225399684684817, 2030815.078770695021376 ], [ 287684.759479574335273, 2030815.078770695021376 ], [ 287654.7557299878099, 2030845.083448769291863 ], [ 287547.169155887153465, 2030845.083448769291863 ], [ 287525.953301093133632, 2030823.866937435232103 ], [ 287525.953301093133632, 2030793.862259360961616 ], [ 287487.161656714219134, 2030755.069414546480402 ], [ 287457.157907127635553, 2030755.069414546480402 ], [ 287427.15415754111018, 2030725.064736472209916 ], [ 287264.70698536321288, 2030725.064736472209916 ], [ 287225.915340984298382, 2030763.857581286691129 ], [ 287225.915340984298382, 2030986.31820815638639 ], [ 287260.31294182036072, 2031020.716873451136053 ], [ 287290.316691406944301, 2031050.721551525406539 ], [ 287320.320440993353259, 2031080.726229599677026 ], [ 287345.930339330283459, 2031106.336920453468338 ], [ 287345.930339330283459, 2031136.341598527738824 ], [ 287375.934088916808832, 2031166.346276602009311 ], [ 287375.934088916808832, 2031196.350954676279798 ], [ 287405.937838503275998, 2031226.355632750550285 ], [ 287405.937838503275998, 2031256.360310824587941 ], [ 287435.941588089801371, 2031286.364988898858428 ], [ 287435.941588089801371, 2031316.369666973128915 ], [ 287465.945337676326744, 2031346.374345047399402 ], [ 287465.945337676326744, 2031376.379023121669888 ], [ 287495.94908726279391, 2031406.383701195940375 ], [ 287495.94908726279391, 2031436.388379270210862 ], [ 287525.952836849319283, 2031466.393057344481349 ], [ 287525.952836849319283, 2031513.974533142987639 ], [ 287495.94908726279391, 2031543.979211217025295 ], [ 287495.94908726279391, 2031603.988567365566269 ], [ 287474.733232468774077, 2031625.205078699626029 ], [ 287444.729482882306911, 2031625.205078699626029 ], [ 287414.725733295781538, 2031655.209756773896515 ], [ 287384.721983709314372, 2031655.209756773896515 ], [ 287315.926589743758086, 2031724.007279662648216 ], [ 287315.926589743758086, 2031844.025991959497333 ], [ 287290.316691406886093, 2031869.636682813288644 ], [ 287255.919090570765547, 2031904.035348108038306 ], [ 287255.919090570765547, 2031934.040026182308793 ], [ 287225.915340984298382, 2031964.04470425657928 ], [ 287225.915340984298382, 2032054.05873847939074 ], [ 287195.911591397773009, 2032084.063416553428397 ], [ 287195.911591397773009, 2032144.07277270196937 ], [ 287165.907841811247636, 2032174.077450776239857 ], [ 287165.907841811247636, 2032204.082128850510344 ], [ 287140.297943474375643, 2032229.692819704301655 ], [ 287080.290444301383104, 2032289.702175852842629 ], [ 287045.892843465262558, 2032324.100841147592291 ], [ 287045.892843465262558, 2032534.133587667252868 ], [ 287020.282945128390566, 2032559.74427852104418 ], [ 286990.279195541865192, 2032589.748956595314667 ], [ 286960.275445955398027, 2032619.753634669585153 ], [ 286934.665739911783021, 2032645.364133223891258 ], [ 286904.661990325257648, 2032645.364133223891258 ], [ 286840.260447609354742, 2032709.767668892163783 ], [ 286810.256698022829369, 2032739.77234696643427 ], [ 286780.252948436362203, 2032769.777025040704757 ], [ 286754.64324239268899, 2032795.387523595243692 ], [ 286724.639492806221824, 2032795.387523595243692 ], [ 286690.241699676844291, 2032829.786381189245731 ], [ 286660.237950090318918, 2032859.791059263516217 ], [ 286630.234200503851753, 2032889.795737337786704 ], [ 286595.836599667731207, 2032924.194402632536367 ], [ 286595.836599667731207, 2032954.199080706574023 ], [ 286544.616995287186, 2033005.42027011490427 ], [ 286514.613245700718835, 2033005.42027011490427 ], [ 286484.609496114193462, 2033035.424948189174756 ], [ 286454.605746527609881, 2033035.424948189174756 ], [ 286420.207953398290556, 2033069.823805783176795 ], [ 286394.59824735467555, 2033095.43430433771573 ], [ 286364.594497768208385, 2033095.43430433771573 ], [ 286304.586998595157638, 2033155.443660486256704 ], [ 286274.583249008690473, 2033155.443660486256704 ], [ 286240.18545587931294, 2033189.842518080258742 ], [ 286214.575749835697934, 2033215.453016634564847 ], [ 286184.572000249172561, 2033215.453016634564847 ], [ 286154.568250662647188, 2033245.457694708835334 ], [ 286124.564501076180022, 2033245.457694708835334 ], [ 286064.557001903129276, 2033305.467050857376307 ], [ 286034.55325231666211, 2033305.467050857376307 ], [ 285970.151709600759204, 2033369.870586525648832 ], [ 285944.542003557085991, 2033395.481085080187768 ], [ 285905.750359178113285, 2033395.481085080187768 ], [ 285905.750359178113285, 2033536.715844467282295 ], [ 285940.147960014292039, 2033571.114509762031958 ], [ 285970.151709600700997, 2033601.119187836302444 ], [ 286030.159208773809951, 2033661.128543984843418 ], [ 286060.162958360218909, 2033691.133222059113905 ], [ 286120.170457533327863, 2033751.142578207654878 ], [ 286150.17420711973682, 2033781.147256281925365 ], [ 286180.177956706320401, 2033811.151934355963022 ], [ 286214.575749835581519, 2033845.55079194996506 ], [ 286244.5794994221651, 2033845.55079194996506 ], [ 286265.795354216184933, 2033866.76730328402482 ], [ 286265.795354216184933, 2033896.771981358295307 ], [ 286300.192955052247271, 2033931.170646653044969 ], [ 286360.200454225356225, 2033991.180002801585943 ], [ 286390.204203811765183, 2034021.184680875856429 ], [ 286415.814102148695383, 2034046.795371729647741 ], [ 286415.814102148695383, 2034076.800049803918228 ], [ 286445.817851735162549, 2034106.804727877955884 ], [ 286445.817851735162549, 2034136.809405952226371 ], [ 286475.821601321687922, 2034166.814084026496857 ], [ 286475.821601321687922, 2034244.400237899273634 ], [ 286445.817851735162549, 2034274.404915973544121 ], [ 286445.817851735162549, 2034304.409594047814608 ], [ 286415.814102148695383, 2034334.414272122085094 ], [ 286415.814102148695383, 2034556.874898991780356 ], [ 286445.817851735162549, 2034586.879577066050842 ], [ 286445.817851735162549, 2034616.884255140321329 ], [ 286475.821601321687922, 2034646.888933214591816 ], [ 286475.821601321687922, 2034685.681778028840199 ], [ 286514.613245700660627, 2034685.681778028840199 ], [ 286540.222951744275633, 2034711.292276583379135 ], [ 286574.620744873711374, 2034745.691134177381173 ], [ 286604.624494460178539, 2034745.691134177381173 ], [ 286625.840349254198372, 2034766.907645511440933 ], [ 286625.840349254198372, 2034796.91232358571142 ], [ 286655.844098840723746, 2034826.917001659981906 ], [ 286655.844098840723746, 2034856.921679734252393 ], [ 286694.635743219638243, 2034895.714524548733607 ], [ 286754.64324239268899, 2034895.714524548733607 ], [ 286784.646991979156155, 2034925.719202623004094 ], [ 286844.654491152265109, 2034925.719202623004094 ], [ 286874.658240738790482, 2034955.72388069704175 ], [ 286904.66199032519944, 2034955.72388069704175 ], [ 286930.271696368814446, 2034981.334379251580685 ], [ 286964.669489498250186, 2035015.733236845582724 ], [ 286994.673239084717352, 2035015.733236845582724 ], [ 287024.676988671184517, 2035045.73791491985321 ], [ 287054.680738257709891, 2035045.73791491985321 ], [ 287084.684487844177056, 2035075.742592994123697 ], [ 287114.688237430760637, 2035075.742592994123697 ], [ 287144.69198701728601, 2035105.747271068394184 ], [ 287174.695736603753176, 2035105.747271068394184 ], [ 287234.703235776803922, 2035165.756627216935158 ], [ 287264.706985363271087, 2035165.756627216935158 ], [ 287294.710734949796461, 2035195.761305291205645 ], [ 287324.714484536263626, 2035195.761305291205645 ], [ 287350.32419057993684, 2035221.37180384574458 ], [ 287384.72198370937258, 2035255.770661439513788 ], [ 287414.725733295781538, 2035255.770661439513788 ], [ 287435.941588089801371, 2035276.987172773573548 ], [ 287435.941588089801371, 2035306.991850847844034 ], [ 287470.339188925980125, 2035341.390516142593697 ], [ 287504.736982055241242, 2035375.789373736595735 ], [ 287534.740731641766615, 2035375.789373736595735 ], [ 287564.744481228233781, 2035405.794051810866222 ], [ 287594.748230814817362, 2035405.794051810866222 ], [ 287624.751980401342735, 2035435.798729885136709 ], [ 287654.7557299878099, 2035435.798729885136709 ], [ 287675.971584781829733, 2035457.015241219196469 ], [ 287675.971584781829733, 2035487.019919293466955 ], [ 287710.369185618008487, 2035521.418584587983787 ], [ 287740.372935204417445, 2035551.423262662254274 ], [ 287770.376684791001026, 2035581.427940736524761 ], [ 287800.380434377409983, 2035611.432618810795248 ], [ 287864.781977093371097, 2035675.836154479067773 ], [ 287924.789476266363636, 2035675.836154479067773 ], [ 287954.793225852889009, 2035705.840832553338259 ], [ 288074.808224198874086, 2035705.840832553338259 ], [ 288104.811973785399459, 2035735.845510627608746 ], [ 288164.819472958391998, 2035735.845510627608746 ], [ 288194.823222544917371, 2035765.850188701879233 ], [ 288224.826972131384537, 2035765.850188701879233 ], [ 288254.83072171790991, 2035795.85486677614972 ], [ 288314.838220890960656, 2035795.85486677614972 ], [ 288344.841970477486029, 2035825.859544850187376 ], [ 288434.853219236887526, 2035825.859544850187376 ], [ 288464.856968823354691, 2035855.864222924457863 ], [ 288674.883215928915888, 2035855.864222924457863 ], [ 288700.492921972530894, 2035881.474721478996798 ], [ 288730.496671559114475, 2035911.479399553267285 ], [ 288749.892822009860538, 2035930.876150232041255 ], [ 288726.102820309461094, 2035954.666888131294399 ], [ 288726.102820309461094, 2035984.671566205564886 ], [ 288696.099070722935721, 2036014.676244279835373 ], [ 288696.099070722935721, 2036074.685600428143516 ], [ 288666.095321136468556, 2036104.690278502414003 ], [ 288666.095321136468556, 2036627.197686114814132 ], [ 288700.492921972589102, 2036661.596351409330964 ], [ 288726.102820309461094, 2036687.207042263122275 ], [ 288726.102820309461094, 2036717.211720337392762 ], [ 288760.500421145523433, 2036751.610385632142425 ], [ 288820.507920318632387, 2036811.619741780683398 ], [ 288850.511669905041344, 2036841.624419854953885 ], [ 288876.121568241971545, 2036867.235110708745196 ], [ 288876.121568241971545, 2037017.2585010798648 ], [ 288906.125317828496918, 2037047.263179154135287 ], [ 288906.125317828496918, 2037077.267857228405774 ], [ 288936.129067414964084, 2037107.27253530267626 ], [ 288936.129067414964084, 2037137.277213376946747 ], [ 288970.526668251142837, 2037171.67587867169641 ], [ 289000.530417837551795, 2037201.680556745966896 ], [ 289030.534167424135376, 2037231.685234820004553 ], [ 289060.537917010660749, 2037261.689912894275039 ], [ 289086.147815347474534, 2037287.300603748066351 ], [ 289086.147815347474534, 2037317.305281822336838 ], [ 289116.151564933999907, 2037347.309959896607324 ], [ 289116.151564933999907, 2037377.314637970877811 ], [ 289150.549165770178661, 2037411.713303265627474 ], [ 289180.552915356587619, 2037441.71798133989796 ], [ 289206.162813693517819, 2037467.328672193689272 ], [ 289206.162813693517819, 2037497.333350267959759 ], [ 289240.560414529638365, 2037531.73201556247659 ], [ 289266.170312866510358, 2037557.342706416267902 ], [ 289266.170312866510358, 2037686.149585453560576 ], [ 289304.961957245483063, 2037686.149585453560576 ], [ 289330.571663289098069, 2037711.760084008099511 ], [ 289364.969456418533809, 2037746.15894160210155 ], [ 289424.976955591526348, 2037746.15894160210155 ], [ 289454.980705178051721, 2037776.163619676372036 ], [ 289484.984454764577094, 2037776.163619676372036 ], [ 289514.988204351102468, 2037806.168297750409693 ], [ 289544.991953937511425, 2037806.168297750409693 ], [ 289574.995703523978591, 2037836.172975824680179 ], [ 289604.999453110562172, 2037836.172975824680179 ], [ 289630.609159154235385, 2037861.783474379219115 ], [ 289660.612908740644343, 2037891.788152453489602 ], [ 289695.010701870080084, 2037926.18701004749164 ], [ 289725.014451456547249, 2037926.18701004749164 ], [ 289776.234055837092455, 2037977.408199455821887 ], [ 289776.234055837092455, 2038007.412877530092373 ], [ 289810.631656673154794, 2038041.811542824842036 ], [ 289840.635406259738375, 2038071.816220899112523 ], [ 289870.639155846263748, 2038101.820898973150179 ], [ 289896.249054183077533, 2038127.43158982694149 ], [ 289896.249054183077533, 2038175.01306562544778 ], [ 289866.245304596610367, 2038205.017743699718267 ], [ 289866.245304596610367, 2038376.257181161083281 ], [ 289905.036948975583073, 2038376.257181161083281 ], [ 289935.040698562108446, 2038406.261859235353768 ], [ 289995.048197735100985, 2038406.261859235353768 ], [ 290025.051947321626358, 2038436.266537309624255 ], [ 290085.059446494618896, 2038436.266537309624255 ], [ 290115.06319608114427, 2038466.271215383894742 ], [ 290235.078194427129347, 2038466.271215383894742 ], [ 290265.08194401365472, 2038496.275893458165228 ], [ 290457.532865777960978, 2038496.275893458165228 ], [ 290511.326152828289196, 2038442.480941735673696 ], [ 290535.11569029209204, 2038466.271215383894742 ], [ 290625.12693905166816, 2038466.271215383894742 ], [ 290655.130688638193533, 2038496.275893458165228 ], [ 290847.581610402499791, 2038496.275893458165228 ], [ 290877.585359989025164, 2038466.271215383894742 ], [ 290967.596608748543076, 2038466.271215383894742 ], [ 290991.386146212345921, 2038442.480941735673696 ], [ 291010.781640133296605, 2038461.87703586416319 ], [ 291036.391538470226806, 2038487.487726717954502 ], [ 291036.391538470226806, 2038517.492404792224988 ], [ 291066.395288056693971, 2038547.497082866495475 ], [ 291066.395288056693971, 2038577.501760940765962 ], [ 291096.399037643219344, 2038607.506439015036449 ], [ 291096.399037643219344, 2038637.511117089074105 ], [ 291135.190682022250257, 2038676.303961903555319 ], [ 291165.194431608717423, 2038676.303961903555319 ], [ 291220.80788723891601, 2038731.919138532364741 ], [ 291250.811636825324968, 2038761.923816606635228 ], [ 291285.209429954760708, 2038796.322674200637266 ], [ 291315.213179541227873, 2038796.322674200637266 ], [ 291370.82663517142646, 2038851.937850829446688 ], [ 291400.830384757835418, 2038881.942528903717175 ], [ 291430.834134344418999, 2038911.947206977987662 ], [ 291456.444032681290992, 2038937.557897831546143 ], [ 291456.444032681290992, 2039177.595322425710037 ], [ 291486.447782267758157, 2039207.600000499747694 ], [ 291486.447782267758157, 2039246.392845314228907 ], [ 291525.239426646730863, 2039246.392845314228907 ], [ 291555.243176233198028, 2039276.397523388499394 ], [ 291747.694097997620702, 2039276.397523388499394 ], [ 291777.697847584146075, 2039246.392845314228907 ], [ 291795.273172925284598, 2039246.392845314228907 ], [ 291825.276922511809971, 2039276.397523388499394 ], [ 291975.295670444320422, 2039276.397523388499394 ], [ 292005.299420030845795, 2039306.402201462769881 ], [ 292035.30316961731296, 2039306.402201462769881 ], [ 292090.916625247511547, 2039362.017378091579303 ], [ 292120.920374833920505, 2039392.02205616584979 ], [ 292155.318167963356245, 2039426.420913759851828 ], [ 292215.325667136348784, 2039426.420913759851828 ], [ 292245.329416722874157, 2039456.425591834122315 ], [ 292485.359413414844312, 2039456.425591834122315 ], [ 292515.363163001311477, 2039486.430269908392802 ], [ 292857.832832698244601, 2039486.430269908392802 ], [ 292887.836582284769975, 2039456.425591834122315 ], [ 292935.415657212433871, 2039456.425591834122315 ], [ 292965.419406798959244, 2039486.430269908392802 ], [ 293055.430655558535364, 2039486.430269908392802 ], [ 293085.434405145002529, 2039516.434947982430458 ], [ 293115.438154731469695, 2039516.434947982430458 ], [ 293141.047860775142908, 2039542.045446536969393 ], [ 293171.051610361551866, 2039572.05012461123988 ], [ 293201.055359948135447, 2039602.054802685510367 ], [ 293231.059109534544405, 2039632.059480759780854 ], [ 293291.066608707653359, 2039692.068836908321828 ], [ 293321.070358294062316, 2039722.073514982592314 ], [ 293351.074107880645897, 2039752.078193056862801 ], [ 293381.077857467113063, 2039782.082871130900458 ], [ 293445.479400183015969, 2039846.486406799172983 ], [ 293475.483149769483134, 2039846.486406799172983 ], [ 293535.49064894253388, 2039906.495762947713956 ], [ 293565.494398529001046, 2039906.495762947713956 ], [ 293595.498148115526419, 2039936.500441021984443 ], [ 293715.513146461511496, 2039936.500441021984443 ], [ 293745.51689604803687, 2039966.50511909625493 ], [ 294105.561891086050309, 2039966.50511909625493 ], [ 294135.565640672517475, 2039996.509797170525417 ], [ 294448.031560782925226, 2039996.509797170525417 ], [ 294478.035310369450599, 2039966.50511909625493 ], [ 294508.03905995603418, 2039966.50511909625493 ], [ 294538.042809542501345, 2039936.500441021984443 ], [ 294748.069056648062542, 2039936.500441021984443 ], [ 294782.466849777381867, 2039902.101583427982405 ], [ 294816.864450613502413, 2039867.702918133232743 ], [ 294816.864450613502413, 2039837.698240058962256 ], [ 294842.474348950374406, 2039812.087549205170944 ], [ 294868.084054993989412, 2039786.477050650632009 ], [ 294898.087804580456577, 2039786.477050650632009 ], [ 294932.48559770983411, 2039752.078193056862801 ], [ 294966.883198546012864, 2039717.679527762113139 ], [ 294966.883198546012864, 2039687.674849687842652 ], [ 294981.884841217310168, 2039672.672742779832333 ], [ 294996.88648388866568, 2039687.674849687842652 ], [ 294996.88648388866568, 2039717.679527762113139 ], [ 295026.890233475191053, 2039747.684205836383626 ], [ 295026.890233475191053, 2039837.698240058962256 ], [ 295056.893983061658219, 2039867.702918133232743 ], [ 295056.893983061658219, 2039987.72163043031469 ], [ 295116.901482234708965, 2040047.730986578855664 ], [ 295116.901482234708965, 2040077.73566465289332 ], [ 295146.90523182117613, 2040107.740342727163807 ], [ 295146.90523182117613, 2040137.745020801434293 ], [ 295211.306582243880257, 2040202.148364170454443 ], [ 295241.310331830289215, 2040232.153042244724929 ], [ 295271.314081416872796, 2040262.157720318995416 ], [ 295296.923979753686581, 2040287.768411172786728 ], [ 295296.923979753686581, 2040317.773089247057214 ], [ 295326.927729340211954, 2040347.777767321094871 ], [ 295326.927729340211954, 2040407.787123469635844 ], [ 295356.931478926737327, 2040437.791801543906331 ], [ 295356.931478926737327, 2040467.796479618176818 ], [ 295386.935228513204493, 2040497.801157692447305 ], [ 295386.935228513204493, 2040527.805835766717792 ], [ 295416.938978099729866, 2040557.810513840988278 ], [ 295416.938978099729866, 2040617.819869989529252 ], [ 295446.942727686255239, 2040647.824548063566908 ], [ 295446.942727686255239, 2040707.833904212107882 ], [ 295476.946477272722404, 2040737.838582286378369 ], [ 295476.946477272722404, 2040767.843260360648856 ], [ 295506.950226859247778, 2040797.847938434919342 ], [ 295506.950226859247778, 2040827.852616509189829 ], [ 295536.953976445714943, 2040857.857294583460316 ], [ 295536.953976445714943, 2040887.861972657730803 ], [ 295571.351577281893697, 2040922.260637952247635 ], [ 295601.35532686841907, 2040952.265316026518121 ], [ 295626.965225205232855, 2040977.876006880309433 ], [ 295626.965225205232855, 2041007.88068495457992 ], [ 295656.968974791758228, 2041037.885363028850406 ], [ 295656.968974791758228, 2041067.890041103120893 ], [ 295686.972724378283601, 2041097.89471917739138 ], [ 295686.972724378283601, 2041127.899397251661867 ], [ 295716.976473964750767, 2041157.904075325932354 ], [ 295716.976473964750767, 2041217.913431474240497 ], [ 295746.98022355127614, 2041247.918109548510984 ], [ 295746.98022355127614, 2041337.932143771322444 ], [ 295776.983973137743305, 2041367.936821845592931 ], [ 295776.983973137743305, 2041397.941499919863418 ], [ 295806.987722724268679, 2041427.946177994133905 ], [ 295806.987722724268679, 2041457.950856068404391 ], [ 295836.991472310794052, 2041487.955534142442048 ], [ 295836.991472310794052, 2041517.960212216712534 ], [ 295875.78311668970855, 2041556.753057031193748 ], [ 296068.234038454131223, 2041556.753057031193748 ], [ 296092.023575917934068, 2041532.962783382972702 ], [ 296115.813113381736912, 2041556.753057031193748 ], [ 296278.260285559634212, 2041556.753057031193748 ], [ 296308.264035146159586, 2041526.748378956923261 ], [ 296368.271534319152124, 2041526.748378956923261 ], [ 296402.669327448529657, 2041492.349521362921223 ], [ 296428.279033492144663, 2041466.739022808615118 ], [ 296458.282783078670036, 2041466.739022808615118 ], [ 296488.286532665195409, 2041436.734344734344631 ], [ 296518.290282251662575, 2041436.734344734344631 ], [ 296548.294031838187948, 2041406.729666660074145 ], [ 296578.297781424771529, 2041406.729666660074145 ], [ 296612.695574554090854, 2041372.330809066072106 ], [ 296672.703073727083392, 2041312.321452917531133 ], [ 296702.706823313608766, 2041282.316774843260646 ], [ 296732.710572900075931, 2041252.312096768990159 ], [ 296762.714322486601304, 2041222.307418694719672 ], [ 296788.324028530158103, 2041196.696920140413567 ], [ 296878.33527728979243, 2041196.696920140413567 ], [ 296908.339026876259595, 2041166.692242066143081 ], [ 296938.342776462726761, 2041166.692242066143081 ], [ 296972.740569592104293, 2041132.293384472141042 ], [ 297002.744319178629667, 2041102.288706397870556 ], [ 297062.751818351622205, 2041042.279350249329582 ], [ 297088.361524395295419, 2041016.668851694790646 ], [ 297118.365273981762584, 2041016.668851694790646 ], [ 297152.763067111140117, 2040982.269994100788608 ], [ 297178.372773154813331, 2040956.659495546249673 ], [ 297238.380272327747662, 2040956.659495546249673 ], [ 297268.384021914273035, 2040926.654817471979186 ], [ 297298.3877715007402, 2040926.654817471979186 ], [ 297328.391521087207366, 2040896.65013939794153 ], [ 297465.981844774505589, 2040896.65013939794153 ], [ 297495.985594361030962, 2040926.654817471979186 ], [ 297555.993093533965293, 2040926.654817471979186 ], [ 297585.996843120490666, 2040956.659495546249673 ], [ 297616.000592706957832, 2040956.659495546249673 ], [ 297646.004342293483205, 2040986.66417362052016 ], [ 297676.008091879950371, 2040986.66417362052016 ], [ 297706.011841466417536, 2041016.668851694790646 ], [ 297736.015591053001117, 2041016.668851694790646 ], [ 297761.625297096674331, 2041042.279350249329582 ], [ 297791.629046683083288, 2041072.284028323600069 ], [ 297821.632796269666869, 2041102.288706397870556 ], [ 297851.636545856075827, 2041132.293384472141042 ], [ 297911.644045029184781, 2041192.302740620682016 ], [ 297941.647794615651947, 2041222.307418694719672 ], [ 298001.655293788702693, 2041282.316774843260646 ], [ 298031.659043375111651, 2041312.321452917531133 ], [ 298061.662792961695231, 2041342.32613099180162 ], [ 298096.060586090956349, 2041376.724988585803658 ], [ 298156.068085264007095, 2041376.724988585803658 ], [ 298181.677791307622101, 2041402.335487140342593 ], [ 298246.079334023583215, 2041466.739022808615118 ], [ 298276.083083610108588, 2041466.739022808615118 ], [ 298306.086833196633961, 2041496.743700882652774 ], [ 298366.094332369568292, 2041496.743700882652774 ], [ 298396.098081956093665, 2041526.748378956923261 ], [ 298516.113080302078743, 2041526.748378956923261 ], [ 298546.116829888604116, 2041556.753057031193748 ], [ 298576.120579475071281, 2041556.753057031193748 ], [ 298606.124329061596654, 2041586.757735105464235 ], [ 298636.12807864806382, 2041586.757735105464235 ], [ 298661.737784691678826, 2041612.36823366000317 ], [ 298721.74528386478778, 2041672.377589808544144 ], [ 298751.749033451196738, 2041702.382267882814631 ], [ 298781.752783037780318, 2041732.386945957085118 ], [ 298807.362681374594104, 2041757.997636810643598 ], [ 298807.362681374594104, 2041788.002314884914085 ], [ 298867.37018054764485, 2041848.011671033455059 ], [ 298867.37018054764485, 2041878.016349107725546 ], [ 298906.161824926559348, 2041916.809193922206759 ], [ 298996.173073686135467, 2041916.809193922206759 ], [ 299026.17682327266084, 2041946.813871996477246 ], [ 299056.180572859128006, 2041946.813871996477246 ], [ 299086.184322445653379, 2041976.818550070747733 ], [ 299116.188072032120544, 2041976.818550070747733 ], [ 299137.403926826140378, 2041998.035061404807493 ], [ 299137.403926826140378, 2042036.827906219288707 ], [ 299356.218068724265322, 2042036.827906219288707 ], [ 299381.82777476782212, 2042062.438404773594812 ], [ 299437.441422691219486, 2042118.05377370165661 ], [ 299437.441422691219486, 2042186.85129659040831 ], [ 299506.236816656659357, 2042186.85129659040831 ], [ 299531.846522700274363, 2042212.461795144947246 ], [ 299587.460170623729937, 2042268.077164073009044 ], [ 299587.460170623729937, 2042298.081842147279531 ], [ 299617.463920210197102, 2042328.086520221317187 ], [ 299617.463920210197102, 2042388.095876369858161 ], [ 299647.467669796722475, 2042418.100554444128647 ], [ 299647.467669796722475, 2042448.105232518399134 ], [ 299677.471419383247849, 2042478.109910592669621 ], [ 299677.471419383247849, 2042628.133300963789225 ], [ 299716.263063762162346, 2042666.926145778270438 ], [ 300028.728983872570097, 2042666.926145778270438 ], [ 300058.732733459095471, 2042636.921467703999951 ], [ 300118.740232632029802, 2042636.921467703999951 ], [ 300148.743982218555175, 2042606.916789629962295 ], [ 300208.751481391605921, 2042606.916789629962295 ], [ 300238.755230978131294, 2042576.912111555691808 ], [ 300298.762730151123833, 2042576.912111555691808 ], [ 300328.766479737649206, 2042546.907433481421322 ], [ 300388.773978910699952, 2042546.907433481421322 ], [ 300418.777728497167118, 2042516.902755407150835 ], [ 300508.788977256626822, 2042516.902755407150835 ], [ 300538.792726843152195, 2042486.898077332880348 ], [ 300598.800226016144734, 2042486.898077332880348 ], [ 300637.591870395175647, 2042448.105232518399134 ], [ 300637.591870395175647, 2042418.100554444128647 ], [ 300667.59561998170102, 2042388.095876369858161 ], [ 300667.59561998170102, 2042358.091198295587674 ], [ 300697.599369568168186, 2042328.086520221317187 ], [ 300697.599369568168186, 2042268.077164073009044 ], [ 300718.815224362188019, 2042246.860652738949284 ], [ 300748.818973948655184, 2042246.860652738949284 ], [ 300802.612260998983402, 2042193.065701016457751 ], [ 300826.401798462786246, 2042216.855974664678797 ], [ 301006.424295981880277, 2042216.855974664678797 ], [ 301036.428045568405651, 2042246.860652738949284 ], [ 301066.431795154872816, 2042246.860652738949284 ], [ 301117.651399535418022, 2042298.081842147279531 ], [ 301117.651399535418022, 2042388.095876369858161 ], [ 301147.655149121885188, 2042418.100554444128647 ], [ 301147.655149121885188, 2042448.105232518399134 ], [ 301177.658898708410561, 2042478.109910592669621 ], [ 301177.658898708410561, 2042546.907433481421322 ], [ 301396.47304060641909, 2042546.907433481421322 ], [ 301426.476790192944463, 2042576.912111555691808 ], [ 301486.484289365937002, 2042576.912111555691808 ], [ 301516.488038952462375, 2042606.916789629962295 ], [ 301576.495538125513121, 2042606.916789629962295 ], [ 301606.499287711980287, 2042636.921467703999951 ], [ 301726.514286057965364, 2042636.921467703999951 ], [ 301756.518035644490737, 2042666.926145778270438 ], [ 301936.540533163468353, 2042666.926145778270438 ], [ 301966.544282749993727, 2042696.930823852540925 ] ] ] } },
{ "type": "Feature", "properties": { "OBJECTID": 2, "乡镇名": "保港镇", "面积km2": 35.044 }, "geometry": { "type": "MultiPolygon", "coordinates": [ [ [ [ 302188.998489871621132, 2028984.792943922104314 ], [ 302128.991454927774612, 2028924.78405201761052 ], [ 302098.987705341365654, 2028924.78405201761052 ], [ 302068.983955754898489, 2028894.779373943340033 ], [ 301987.76013754401356, 2028894.779373943340033 ], [ 301987.76013754401356, 2028954.788265848066658 ], [ 302026.551781923044473, 2028954.788265848066658 ], [ 302056.555531509569846, 2028984.792943922104314 ], [ 302188.998489871621132, 2028984.792943922104314 ] ] ], [ [ [ 299188.623995450499933, 2036936.032633597496897 ], [ 299223.021788579877466, 2036901.633776003494859 ], [ 299253.025538166402839, 2036871.629097929224372 ], [ 299287.423139002523385, 2036837.23043263447471 ], [ 299287.423139002523385, 2036807.225754560204223 ], [ 299317.42688858899055, 2036777.221076485933736 ], [ 299317.42688858899055, 2036687.207042263122275 ], [ 299343.036786925862543, 2036661.596351409330964 ], [ 299368.646492969477549, 2036635.985852855024859 ], [ 299398.650242556002922, 2036635.985852855024859 ], [ 299428.653992142528296, 2036605.981174780754372 ], [ 299557.456885281018913, 2036605.981174780754372 ], [ 299557.456885281018913, 2036537.183651892002672 ], [ 299587.460634867544286, 2036507.178973817732185 ], [ 299587.460634867544286, 2036417.164939594920725 ], [ 299613.070533204416279, 2036391.554248741129413 ], [ 299638.680239247973077, 2036365.943750186823308 ], [ 299668.683988834556658, 2036365.943750186823308 ], [ 299703.081781963934191, 2036331.54489259282127 ], [ 299737.479382800054736, 2036297.146227298071608 ], [ 299737.479382800054736, 2036267.141549223801121 ], [ 299767.48313238658011, 2036237.136871149530634 ], [ 299767.48313238658011, 2036207.132193075260147 ], [ 299793.093030723452102, 2036181.521502221468836 ], [ 299818.702736767067108, 2036155.911003666929901 ], [ 299848.706486353650689, 2036155.911003666929901 ], [ 299878.710235940117855, 2036125.906325592659414 ], [ 299917.50188031909056, 2036125.906325592659414 ], [ 299917.50188031909056, 2035997.09944655559957 ], [ 299943.111778655962553, 2035971.488755701808259 ], [ 299968.721484699577559, 2035945.878257147269323 ], [ 299998.72523428616114, 2035945.878257147269323 ], [ 300028.728983872628305, 2035915.873579072998837 ], [ 300058.732733459095471, 2035915.873579072998837 ], [ 300088.736483045620844, 2035885.86890099872835 ], [ 300217.539376184111461, 2035885.86890099872835 ], [ 300217.539376184111461, 2035817.071378109976649 ], [ 300238.755230978073087, 2035795.85486677614972 ], [ 300268.75898056459846, 2035795.85486677614972 ], [ 300298.762730151123833, 2035765.850188701879233 ], [ 300556.368052184290718, 2035765.850188701879233 ], [ 300581.977758227905724, 2035791.460687256418169 ], [ 300611.981507814489305, 2035821.465365330455825 ], [ 300641.985257401014678, 2035851.470043404726312 ], [ 300676.383050530275796, 2035885.86890099872835 ], [ 300736.390549703326542, 2035885.86890099872835 ], [ 300766.394299289851915, 2035915.873579072998837 ], [ 300796.398048876319081, 2035915.873579072998837 ], [ 300822.007754919934087, 2035941.484077627537772 ], [ 300847.617653256864287, 2035967.094768481329083 ], [ 300847.617653256864287, 2035997.09944655559957 ], [ 300877.621402843331452, 2036027.104124629870057 ], [ 300877.621402843331452, 2036087.1134807781782 ], [ 300907.625152429856826, 2036117.118158852448687 ], [ 300907.625152429856826, 2036155.911003666929901 ], [ 301036.428045568347443, 2036155.911003666929901 ], [ 301066.431795154814608, 2036185.915681741200387 ], [ 301096.435544741398189, 2036185.915681741200387 ], [ 301126.439294327923562, 2036215.920359815470874 ], [ 301186.446793500857893, 2036215.920359815470874 ], [ 301216.450543087325059, 2036245.925037889741361 ], [ 301246.45429267390864, 2036245.925037889741361 ], [ 301267.670147467928473, 2036267.141549223801121 ], [ 301267.670147467928473, 2036305.934394038282335 ], [ 301306.461791846901178, 2036305.934394038282335 ], [ 301332.071497890574392, 2036331.54489259282127 ], [ 301362.07524747698335, 2036361.549570667091757 ], [ 301392.078997063566931, 2036391.554248741129413 ], [ 301422.082746650092304, 2036421.5589268153999 ], [ 301447.692644986906089, 2036447.169617669191211 ], [ 301447.692644986906089, 2036477.174295743461698 ], [ 301486.484289365937002, 2036515.967140557942912 ], [ 301516.488038952404168, 2036515.967140557942912 ], [ 301542.097744996019173, 2036541.577639112481847 ], [ 301572.101494582602754, 2036571.582317186752334 ], [ 301602.105244169011712, 2036601.586995261022821 ], [ 301642.717249421111774, 2036642.2002572810743 ], [ 301683.329254673153628, 2036601.586995261022821 ], [ 301708.938960716826841, 2036575.976496706483886 ], [ 301738.942710303294007, 2036575.976496706483886 ], [ 301777.73435468232492, 2036537.183651892002672 ], [ 301777.73435468232492, 2036507.178973817732185 ], [ 301807.738104268792085, 2036477.174295743461698 ], [ 301807.738104268792085, 2036447.169617669191211 ], [ 301833.348002605664078, 2036421.5589268153999 ], [ 301863.351752192189451, 2036391.554248741129413 ], [ 301888.96145823574625, 2036365.943750186823308 ], [ 302038.980206168314908, 2036365.943750186823308 ], [ 302068.983955754840281, 2036335.939072112552822 ], [ 302317.801847239374183, 2036335.939072112552822 ], [ 302317.801847239374183, 2036237.136871149530634 ], [ 302339.017702033394016, 2036215.920359815470874 ], [ 302369.021451619861182, 2036215.920359815470874 ], [ 302407.813095998892095, 2036177.127515000989661 ], [ 302407.813095998892095, 2036147.122836926719174 ], [ 302433.422994335764088, 2036121.512146072927862 ], [ 302459.032700379379094, 2036095.901647518388927 ], [ 302519.040199552313425, 2036095.901647518388927 ], [ 302557.831843931402545, 2036057.108802704140544 ], [ 302557.831843931402545, 2035877.080734258517623 ], [ 302579.047698725422379, 2035855.864222924457863 ], [ 302639.055197898473125, 2035855.864222924457863 ], [ 302673.45299102779245, 2035821.465365330455825 ], [ 302703.456740614259616, 2035791.460687256418169 ], [ 302729.066446657932829, 2035765.850188701879233 ], [ 302767.858091036905535, 2035765.850188701879233 ], [ 302767.858091036905535, 2035697.052665813127533 ], [ 302797.861840623430908, 2035667.047987738857046 ], [ 302797.861840623430908, 2035577.033953516045585 ], [ 302823.471738960302901, 2035551.423262662254274 ], [ 302849.081445003917906, 2035525.812764107715338 ], [ 302887.87308938294882, 2035525.812764107715338 ], [ 302887.87308938294882, 2035487.019919293466955 ], [ 302909.088944176968653, 2035465.803407959407195 ], [ 302939.092693763435818, 2035465.803407959407195 ], [ 302969.096443349961191, 2035435.798729885136709 ], [ 303136.690516623610165, 2035435.798729885136709 ], [ 303187.910121004155371, 2035487.019919293466955 ], [ 303187.910121004155371, 2035517.024597367504612 ], [ 303217.913870590622537, 2035547.029275441775098 ], [ 303217.913870590622537, 2035585.822120256256312 ], [ 303316.713014142645989, 2035585.822120256256312 ], [ 303346.716763729171362, 2035615.826798330526799 ], [ 303817.989326564536896, 2035615.826798330526799 ], [ 303817.989326564536896, 2035577.033953516045585 ], [ 303839.205181358556729, 2035555.817442181985825 ], [ 303899.212680531607475, 2035555.817442181985825 ], [ 303929.216430118074641, 2035525.812764107715338 ], [ 303959.220179704483598, 2035525.812764107715338 ], [ 303989.223929291008972, 2035495.808086033677682 ], [ 304049.231428464059718, 2035495.808086033677682 ], [ 304079.235178050585091, 2035465.803407959407195 ], [ 304109.238927637052257, 2035465.803407959407195 ], [ 304148.03057201608317, 2035427.010563144925982 ], [ 304148.03057201608317, 2035276.987172773573548 ], [ 304169.246426810103003, 2035255.770661439513788 ], [ 304199.250176396511961, 2035255.770661439513788 ], [ 304233.647969525947701, 2035221.37180384574458 ], [ 304259.257675569620915, 2035195.761305291205645 ], [ 304298.04931994859362, 2035195.761305291205645 ], [ 304298.04931994859362, 2035156.968460476724431 ], [ 304319.265174742613453, 2035135.751949142664671 ], [ 304358.056819121586159, 2035135.751949142664671 ], [ 304358.056819121586159, 2035066.95442625391297 ], [ 304388.060568708111532, 2035036.949748179642484 ], [ 304388.060568708111532, 2034856.921679734252393 ], [ 304413.670467044983525, 2034831.310988880461082 ], [ 304439.280173088598531, 2034805.700490325922146 ], [ 304478.071817467629444, 2034805.700490325922146 ], [ 304478.071817467629444, 2034766.907645511440933 ], [ 304499.287672261649277, 2034745.691134177381173 ], [ 304529.291421848116443, 2034745.691134177381173 ], [ 304568.083066227147356, 2034706.898289362899959 ], [ 304568.083066227147356, 2034676.893611288629472 ], [ 304598.086815813614521, 2034646.888933214591816 ], [ 304598.086815813614521, 2034334.414272122085094 ], [ 304568.083066227147356, 2034304.409594047814608 ], [ 304568.083066227147356, 2034274.404915973544121 ], [ 304538.079316640621983, 2034244.400237899273634 ], [ 304538.079316640621983, 2034214.395559825003147 ], [ 304503.681715804443229, 2034179.996894530253485 ], [ 304478.071817467629444, 2034154.386203676462173 ], [ 304478.071817467629444, 2034124.381525602191687 ], [ 304443.67421663145069, 2034089.982860307442024 ], [ 304418.064318294578698, 2034064.372169453883544 ], [ 304418.064318294578698, 2033944.353457156801596 ], [ 304388.060568708111532, 2033914.348779082531109 ], [ 304388.060568708111532, 2033506.711166393244639 ], [ 304413.670467044983525, 2033481.100475539453328 ], [ 304473.677966217976063, 2033421.091119390912354 ], [ 304503.681715804501437, 2033391.086441316641867 ], [ 304529.291421848116443, 2033365.475942762102932 ], [ 304568.083066227147356, 2033365.475942762102932 ], [ 304568.083066227147356, 2033296.678419873351231 ], [ 304593.692964564019348, 2033271.06772901955992 ], [ 304623.696714150486514, 2033241.063050945289433 ], [ 304658.094314986665267, 2033206.664385650772601 ], [ 304658.094314986665267, 2032876.612926834030077 ], [ 304688.098064573132433, 2032846.60824875975959 ], [ 304688.098064573132433, 2032816.603570685489103 ], [ 304718.101814159657806, 2032786.598892611218616 ], [ 304718.101814159657806, 2032756.59421453694813 ], [ 304743.711712496529799, 2032730.983523683156818 ], [ 304778.109313332650345, 2032696.584858388407156 ], [ 304778.109313332650345, 2032666.580180314136669 ], [ 304808.113062919175718, 2032636.575502240099013 ], [ 304808.113062919175718, 2032606.570824165828526 ], [ 304838.116812505642883, 2032576.566146091558039 ], [ 304838.116812505642883, 2032546.561468017287552 ], [ 304863.726710842514876, 2032520.950777163496241 ], [ 304898.124311678635422, 2032486.552111868746579 ], [ 304898.124311678635422, 2032456.547433794476092 ], [ 304953.737959602032788, 2032400.932064866414294 ], [ 304979.347665645589586, 2032375.321566312108189 ], [ 305009.351415232173167, 2032375.321566312108189 ], [ 305039.35516481869854, 2032345.316888237837702 ], [ 305078.146809197671246, 2032345.316888237837702 ], [ 305078.146809197671246, 2032204.082128850510344 ], [ 305043.749208361608908, 2032169.683463555760682 ], [ 304988.135560438153334, 2032114.068094627698883 ], [ 304988.135560438153334, 2031814.021313885226846 ], [ 304953.737959602032788, 2031779.622648590710014 ], [ 304898.124311678635422, 2031724.007279662648216 ], [ 304898.124311678635422, 2031694.002601588377729 ], [ 304868.120562092168257, 2031663.997923514107242 ], [ 304868.120562092168257, 2031633.993245439836755 ], [ 304838.116812505642883, 2031603.988567365566269 ], [ 304838.116812505642883, 2031573.983889291295782 ], [ 304808.113062919175718, 2031543.979211217025295 ], [ 304808.113062919175718, 2031393.955820845905691 ], [ 304778.109313332650345, 2031363.951142771635205 ], [ 304778.109313332650345, 2031273.937108548823744 ], [ 304748.105563746124972, 2031243.932430474553257 ], [ 304748.105563746124972, 2031213.927752400515601 ], [ 304709.313919367210474, 2031175.134907586034387 ], [ 304529.291421848116443, 2031175.134907586034387 ], [ 304503.681715804443229, 2031149.524409031495452 ], [ 304478.071817467629444, 2031123.913718177704141 ], [ 304478.071817467629444, 2030965.10216106614098 ], [ 304439.280173088540323, 2030965.10216106614098 ], [ 304409.27642350201495, 2030935.097482992103323 ], [ 304379.272673915605992, 2030935.097482992103323 ], [ 304353.662967871932779, 2030909.486984437564388 ], [ 304323.659218285523821, 2030879.482306363293901 ], [ 304289.26142515608808, 2030845.083448769291863 ], [ 304259.257675569620915, 2030845.083448769291863 ], [ 304238.041820775601082, 2030823.866937435232103 ], [ 304238.041820775601082, 2030635.050702249631286 ], [ 304199.250176396628376, 2030635.050702249631286 ], [ 304173.64047035301337, 2030609.44020369509235 ], [ 304139.24267722357763, 2030575.041346101090312 ], [ 304109.238927637110464, 2030575.041346101090312 ], [ 304088.023072843090631, 2030553.824834767030552 ], [ 304088.023072843090631, 2030523.820156692760065 ], [ 304028.015573670039885, 2030463.810800544219092 ], [ 304028.015573670039885, 2030425.017955729737878 ], [ 303989.223929291067179, 2030425.017955729737878 ], [ 303968.008074497047346, 2030403.801444395678118 ], [ 303968.008074497047346, 2030373.796766321640462 ], [ 303933.610473660868593, 2030339.398101026890799 ], [ 303908.000575324054807, 2030313.787410173099488 ], [ 303908.000575324054807, 2030283.782732098829001 ], [ 303877.996825737529434, 2030253.778054024558514 ], [ 303877.996825737529434, 2030184.980531135806814 ], [ 303839.205181358556729, 2030184.980531135806814 ], [ 303817.989326564536896, 2030163.764019801747054 ], [ 303817.989326564536896, 2030133.759341727476567 ], [ 303779.197682185505982, 2030094.966496912995353 ], [ 303749.193932598980609, 2030094.966496912995353 ], [ 303727.978077805018984, 2030073.749985579168424 ], [ 303727.978077805018984, 2030043.745307504897937 ], [ 303693.580476968956646, 2030009.346642210148275 ], [ 303667.970578632026445, 2029983.735951356356964 ], [ 303667.970578632026445, 2029426.074948295718059 ], [ 303693.580476968898438, 2029400.464257441926748 ], [ 303719.190183012571651, 2029374.853758887387812 ], [ 303749.193932599097025, 2029374.853758887387812 ], [ 303787.985576978011522, 2029336.060914072906598 ], [ 303787.985576978011522, 2029306.056235998636112 ], [ 303813.595475314883515, 2029280.4455451448448 ], [ 303839.205181358498521, 2029254.835046590538695 ], [ 303869.208930945023894, 2029254.835046590538695 ], [ 303903.606724074401427, 2029220.436188996536657 ], [ 303933.6104736609268, 2029190.43151092226617 ], [ 303959.220179704541806, 2029164.821012367727235 ], [ 303998.011824083572719, 2029164.821012367727235 ], [ 303998.011824083572719, 2029023.586252980399877 ], [ 303968.008074497047346, 2028993.58157490612939 ], [ 303968.008074497047346, 2028753.544150312198326 ], [ 303929.216430118016433, 2028714.751305497717112 ], [ 303599.175184666528367, 2028714.751305497717112 ], [ 303569.171435080002993, 2028684.746627423446625 ], [ 303539.167685493419413, 2028684.746627423446625 ], [ 303513.557979449862614, 2028659.136128869140521 ], [ 303453.550480276811868, 2028599.126772720599547 ], [ 303427.940581939998083, 2028573.516081866808236 ], [ 303427.940581939998083, 2028534.723237052327022 ], [ 303346.716763729171362, 2028534.723237052327022 ], [ 303316.713014142645989, 2028564.727915126597509 ], [ 303286.709264556062408, 2028564.727915126597509 ], [ 303252.311471426743083, 2028599.126772720599547 ], [ 303222.307721840275917, 2028629.131450794870034 ], [ 303196.698015796602704, 2028654.741949349408969 ], [ 303166.694266210193746, 2028654.741949349408969 ], [ 303136.690516623668373, 2028684.746627423446625 ], [ 303106.686767037142999, 2028684.746627423446625 ], [ 303046.679267864092253, 2028744.755983571987599 ], [ 303016.675518277625088, 2028744.755983571987599 ], [ 302982.277725148247555, 2028779.154841165989637 ], [ 302956.668019104574341, 2028804.765339720528573 ], [ 302926.664269518107176, 2028804.765339720528573 ], [ 302896.660519931581803, 2028834.77001779479906 ], [ 302866.656770345114637, 2028834.77001779479906 ], [ 302842.867232881253585, 2028858.560291443020105 ], [ 302827.865590209898073, 2028843.558184535009786 ], [ 302827.865590209898073, 2028744.755983571987599 ], [ 302746.641771999013145, 2028744.755983571987599 ], [ 302716.638022412545979, 2028774.760661646258086 ], [ 302686.634272826078814, 2028774.760661646258086 ], [ 302656.63052323955344, 2028804.765339720528573 ], [ 302626.626773653086275, 2028804.765339720528573 ], [ 302596.623024066560902, 2028834.77001779479906 ], [ 302557.831379687529989, 2028834.77001779479906 ], [ 302557.831379687529989, 2028885.990742959314957 ], [ 302611.625130974513013, 2028939.786158932838589 ], [ 302592.228980523708742, 2028959.182909611379728 ], [ 302566.619274480035529, 2028984.793408165918663 ], [ 302506.611775306984782, 2028984.793408165918663 ], [ 302476.608025720517617, 2029014.79808624018915 ], [ 302416.60052654746687, 2029014.79808624018915 ], [ 302386.596776960999705, 2029044.802764314459637 ], [ 302296.585528201540001, 2029044.802764314459637 ], [ 302266.581778615014628, 2029074.807442388730124 ], [ 302128.99145492783282, 2029074.807442388730124 ], [ 302098.987705341307446, 2029044.802764314459637 ], [ 302068.983955754840281, 2029044.802764314459637 ], [ 302038.980206168314908, 2029014.79808624018915 ], [ 301948.968957408855204, 2029014.79808624018915 ], [ 301918.965207822388038, 2028984.793408165918663 ], [ 301846.529284403892234, 2028984.793408165918663 ], [ 301822.73974694008939, 2029008.583681814139709 ], [ 301798.950209476286545, 2028984.793408165918663 ], [ 301636.503037298447452, 2028984.793408165918663 ], [ 301606.499287711922079, 2029014.79808624018915 ], [ 301576.495538125454914, 2029014.79808624018915 ], [ 301546.491788538929541, 2029044.802764314459637 ], [ 301486.484289365937002, 2029044.802764314459637 ], [ 301452.086496236559469, 2029079.201621908461675 ], [ 301426.476790192886256, 2029104.81212046300061 ], [ 301396.47304060641909, 2029104.81212046300061 ], [ 301366.469291019893717, 2029134.816798537271097 ], [ 301306.461791846842971, 2029134.816798537271097 ], [ 301276.458042260375805, 2029164.821476611541584 ], [ 301216.450543087325059, 2029164.821476611541584 ], [ 301186.446793500857893, 2029194.826154685812071 ], [ 301156.44304391433252, 2029194.826154685812071 ], [ 301122.045250785013195, 2029229.225012279814109 ], [ 301092.04150119854603, 2029259.229690353851765 ], [ 301062.037751612020656, 2029289.234368428122252 ], [ 301032.034002025495283, 2029319.239046502392739 ], [ 300997.636401189374737, 2029353.637711797142401 ], [ 300997.636401189374737, 2029486.084304444259033 ], [ 301027.640150775900111, 2029516.088982518529519 ], [ 301027.640150775900111, 2029533.665780242532492 ], [ 300976.420546395354904, 2029584.886969650862738 ], [ 300946.416796808887739, 2029584.886969650862738 ], [ 300882.015254092984833, 2029649.290505319135264 ], [ 300852.01150450645946, 2029679.29518339340575 ], [ 300822.007754919992294, 2029709.299861467676237 ], [ 300787.610154083871748, 2029743.6985267624259 ], [ 300787.610154083871748, 2029773.703204836696386 ], [ 300757.606404497346375, 2029803.707882910966873 ], [ 300757.606404497346375, 2029833.712560985004529 ], [ 300731.996506160474382, 2029859.323251838795841 ], [ 300697.598905324353836, 2029893.721917133545503 ], [ 300697.598905324353836, 2029923.72659520781599 ], [ 300667.595155737828463, 2029953.731273282086477 ], [ 300667.595155737828463, 2029983.735951356356964 ], [ 300637.591406151361298, 2030013.74062943062745 ], [ 300637.591406151361298, 2030043.745307504897937 ], [ 300586.372266000311356, 2030094.966032669413835 ], [ 300706.386800116917584, 2030094.966032669413835 ], [ 300721.38890702475328, 2030109.968603828223422 ], [ 300697.598905324353836, 2030133.759341727476567 ], [ 300697.598905324353836, 2030193.768697876017541 ], [ 300671.989006987481844, 2030219.379388729808852 ], [ 300641.985257400956471, 2030249.384066804079339 ], [ 300607.587656564835925, 2030283.782732098829001 ], [ 300607.587656564835925, 2030313.787410173099488 ], [ 300577.583906978310551, 2030343.792088247369975 ], [ 300577.583906978310551, 2030373.796766321640462 ], [ 300551.974008641496766, 2030399.407457175198942 ], [ 300517.576407805318013, 2030433.806122469948605 ], [ 300517.576407805318013, 2030463.810800544219092 ], [ 300487.57265821879264, 2030493.815478618489578 ], [ 300487.57265821879264, 2030523.820156692760065 ], [ 300457.568908632325474, 2030553.824834767030552 ], [ 300457.568908632325474, 2030583.829512841301039 ], [ 300427.565159045800101, 2030613.834190915571526 ], [ 300427.565159045800101, 2030643.838868989842013 ], [ 300401.955260708928108, 2030669.449559843400493 ], [ 300371.951511122402735, 2030699.45423791767098 ], [ 300341.94776153593557, 2030729.458915991941467 ], [ 300311.944011949410196, 2030759.463594066211954 ], [ 300251.936512776417658, 2030819.472950214752927 ], [ 300217.538911940297112, 2030853.87161550950259 ], [ 300217.538911940297112, 2030883.876293583773077 ], [ 300191.929013603425119, 2030909.486984437564388 ], [ 300161.925264016899746, 2030939.491662511834875 ], [ 300136.315557973342948, 2030965.10216106614098 ], [ 300106.311808386701159, 2030965.10216106614098 ], [ 300071.914015257381834, 2030999.501018660143018 ], [ 300052.518521336431149, 2031018.897112788632512 ], [ 300037.516878665075637, 2031003.895005880622193 ], [ 300037.516878665075637, 2030965.10216106614098 ], [ 299896.285561281256378, 2030965.10216106614098 ], [ 299861.887768151878845, 2030999.501018660143018 ], [ 299827.490167315758299, 2031033.89968395489268 ], [ 299827.490167315758299, 2031136.341598527738824 ], [ 299851.280169016157743, 2031160.132336426991969 ], [ 299836.278062108205631, 2031175.134907586034387 ], [ 299806.274312521738466, 2031175.134907586034387 ], [ 299776.270562935213093, 2031205.139585660304874 ], [ 299716.263063762278762, 2031205.139585660304874 ], [ 299686.259314175811596, 2031235.14426373434253 ], [ 299656.255564589228015, 2031235.14426373434253 ], [ 299626.251815002702642, 2031265.148941808613017 ], [ 299596.248065416235477, 2031265.148941808613017 ], [ 299566.244315829710104, 2031295.153619882883504 ], [ 299506.236816656717565, 2031295.153619882883504 ], [ 299476.233067070192192, 2031325.158297957153991 ], [ 299416.225567897199653, 2031325.158297957153991 ], [ 299386.22181831067428, 2031355.162976031424478 ], [ 299356.218068724207114, 2031355.162976031424478 ], [ 299326.214319137681741, 2031385.167654105694965 ], [ 299266.206819964689203, 2031385.167654105694965 ], [ 299236.203070378163829, 2031415.172332179965451 ], [ 299206.199320791696664, 2031415.172332179965451 ], [ 299176.195571205171291, 2031445.177010254235938 ], [ 299116.188072032178752, 2031445.177010254235938 ], [ 299086.184322445653379, 2031475.181688328506425 ], [ 299026.17682327266084, 2031475.181688328506425 ], [ 298996.173073686135467, 2031505.186366402776912 ], [ 298966.169324099726509, 2031505.186366402776912 ], [ 298936.165574513201136, 2031535.191044476814568 ], [ 298876.15807534015039, 2031535.191044476814568 ], [ 298846.154325753625017, 2031565.195722551085055 ], [ 298816.150576167041436, 2031565.195722551085055 ], [ 298786.14682658057427, 2031595.200400625355542 ], [ 298726.139327407639939, 2031595.200400625355542 ], [ 298696.135577821114566, 2031625.205078699626029 ], [ 298636.128078648122028, 2031625.205078699626029 ], [ 298606.124329061596654, 2031655.209756773896515 ], [ 298546.116829888604116, 2031655.209756773896515 ], [ 298516.113080302078743, 2031685.214434848167002 ], [ 298486.109330715611577, 2031685.214434848167002 ], [ 298456.105581129086204, 2031715.219112922437489 ], [ 298396.098081956093665, 2031715.219112922437489 ], [ 298366.094332369568292, 2031745.223790996707976 ], [ 298336.090582782984711, 2031745.223790996707976 ], [ 298306.086833196517546, 2031775.228469070978463 ], [ 298216.075584437116049, 2031775.228469070978463 ], [ 298186.071834850590676, 2031805.233147145016119 ], [ 298156.068085264065303, 2031805.233147145016119 ], [ 298126.06433567753993, 2031835.237825219286606 ], [ 298057.268941712041851, 2031835.237825219286606 ], [ 298057.268941712041851, 2031886.458550383802503 ], [ 298087.272691298509017, 2031916.46322845807299 ], [ 298087.272691298509017, 2031946.467906532343477 ], [ 298117.27644088503439, 2031976.472584606613964 ], [ 298117.27644088503439, 2032216.510009200545028 ], [ 298156.068085264065303, 2032255.302854015026242 ], [ 298186.071834850532468, 2032255.302854015026242 ], [ 298207.287689644552302, 2032276.519365349086002 ], [ 298207.287689644552302, 2032306.524043423356488 ], [ 298241.685290480731055, 2032340.922708718106151 ], [ 298271.689040067140013, 2032370.927386792376637 ], [ 298297.298938404070213, 2032396.538077645935118 ], [ 298297.298938404070213, 2032435.330922460416332 ], [ 298336.090582783042919, 2032435.330922460416332 ], [ 298366.094332369568292, 2032465.335600534686819 ], [ 298396.098081956035458, 2032465.335600534686819 ], [ 298421.707787999650463, 2032490.946099089225754 ], [ 298481.715287172759417, 2032550.955455237766728 ], [ 298516.113080302020535, 2032585.354312831768766 ], [ 298546.116829888545908, 2032585.354312831768766 ], [ 298576.120579475013074, 2032615.358990906039253 ], [ 298606.124329061596654, 2032615.358990906039253 ], [ 298627.340183855616488, 2032636.575502240099013 ], [ 298627.340183855616488, 2033374.264573746128008 ], [ 298597.336434269091114, 2033404.269251820398495 ], [ 298597.336434269091114, 2033596.725200615823269 ], [ 298631.734035105269868, 2033631.123865910572931 ], [ 298661.737784691678826, 2033661.128543984843418 ], [ 298717.351432615134399, 2033716.743912912905216 ], [ 298717.351432615134399, 2033755.53675772738643 ], [ 298756.143076994107105, 2033755.53675772738643 ], [ 298781.752783037780318, 2033781.147256281925365 ], [ 298811.756532624247484, 2033811.151934355963022 ], [ 298837.366430961119477, 2033836.762625209754333 ], [ 298837.366430961119477, 2033956.78133750683628 ], [ 298876.15807534015039, 2033995.574182321317494 ], [ 298906.161824926617555, 2033995.574182321317494 ], [ 298936.165574513142928, 2034025.578860395587981 ], [ 299056.180572859128006, 2034025.578860395587981 ], [ 299086.184322445653379, 2034055.583538469858468 ], [ 299446.229317483666819, 2034055.583538469858468 ], [ 299467.445172277686652, 2034076.800049803918228 ], [ 299467.445172277686652, 2034106.804727877955884 ], [ 299497.448921864212025, 2034136.809405952226371 ], [ 299497.448921864212025, 2034466.860864768968895 ], [ 299527.45267145067919, 2034496.865542843239382 ], [ 299527.45267145067919, 2034526.870220917509869 ], [ 299557.456421037204564, 2034556.874898991780356 ], [ 299557.456421037204564, 2034595.667743806261569 ], [ 299596.248065416177269, 2034595.667743806261569 ], [ 299621.857771459792275, 2034621.278242360800505 ], [ 299647.467669796722475, 2034646.888933214591816 ], [ 299647.467669796722475, 2034826.917001659981906 ], [ 299686.259314175753389, 2034865.70984647446312 ], [ 299716.263063762220554, 2034865.70984647446312 ], [ 299737.478918556240387, 2034886.92635780852288 ], [ 299737.478918556240387, 2034916.931035882793367 ], [ 299767.482668142707553, 2034946.935713956831023 ], [ 299767.482668142707553, 2035054.526545903878286 ], [ 299737.478918556240387, 2035084.531223978148773 ], [ 299737.478918556240387, 2035114.53590205241926 ], [ 299707.475168969715014, 2035144.540580126689747 ], [ 299707.475168969715014, 2035174.545258200960234 ], [ 299681.865270632843021, 2035200.155949054751545 ], [ 299651.861521046375856, 2035230.160627128789201 ], [ 299626.251815002702642, 2035255.771125683328137 ], [ 299587.460170623729937, 2035255.771125683328137 ], [ 299587.460170623729937, 2035384.578004720620811 ], [ 299531.846522700332571, 2035440.193373648682609 ], [ 299506.236816656659357, 2035465.803872203221545 ], [ 299467.445172277686652, 2035465.803872203221545 ], [ 299467.445172277686652, 2035504.596717017469928 ], [ 299437.441422691219486, 2035534.601395091740415 ], [ 299437.441422691219486, 2035564.606073166010901 ], [ 299407.437673104694113, 2035594.610751240281388 ], [ 299407.437673104694113, 2035654.620107388822362 ], [ 299381.82777476782212, 2035680.230798242613673 ], [ 299347.430173931701574, 2035714.629463537363335 ], [ 299347.430173931701574, 2035744.634141611633822 ], [ 299321.820275594829582, 2035770.244832465425134 ], [ 299296.210569551214576, 2035795.855331019731238 ], [ 299266.206819964689203, 2035795.855331019731238 ], [ 299236.203070378163829, 2035825.860009094001725 ], [ 299137.403926826140378, 2035825.860009094001725 ], [ 299137.403926826140378, 2035864.652853908482939 ], [ 299107.400177239673212, 2035894.657531982753426 ], [ 299107.400177239673212, 2035984.671566205564886 ], [ 299056.180572859128006, 2036035.892755613895133 ], [ 298966.169324099726509, 2036035.892755613895133 ], [ 298936.165574513201136, 2036065.897433687932789 ], [ 298906.161824926559348, 2036065.897433687932789 ], [ 298867.37018054764485, 2036104.690278502414003 ], [ 298867.37018054764485, 2036134.69495657668449 ], [ 298837.366430961119477, 2036164.699634650954977 ], [ 298837.366430961119477, 2036194.704312725225464 ], [ 298807.362681374594104, 2036224.70899079949595 ], [ 298807.362681374594104, 2036374.732381170615554 ], [ 298777.358931788126938, 2036404.737059244886041 ], [ 298777.358931788126938, 2036464.746415393427014 ], [ 298751.749033451254945, 2036490.357106247218326 ], [ 298717.351432615134399, 2036524.755771541967988 ], [ 298717.351432615134399, 2036687.207042263122275 ], [ 298747.355182201601565, 2036717.211720337392762 ], [ 298747.355182201601565, 2036747.216398411663249 ], [ 298781.752783037780318, 2036781.615063706412911 ], [ 298807.362681374594104, 2036807.225754560204223 ], [ 298807.362681374594104, 2036837.23043263447471 ], [ 298837.366430961119477, 2036867.235110708745196 ], [ 298837.366430961119477, 2036897.239788783015683 ], [ 298876.15807534015039, 2036936.032633597496897 ], [ 299188.623995450499933, 2036936.032633597496897 ] ] ] ] } },
{ "type": "Feature", "properties": { "OBJECTID": 3, "乡镇名": "崖城镇", "面积km2": 203.091 }, "geometry": { "type": "Polygon", "coordinates": [ [ [ 309737.51542565447744, 2043477.052453782875091 ], [ 309899.962597832200117, 2043477.052453782875091 ], [ 309938.754242211231031, 2043438.259608968626708 ], [ 309938.754242211231031, 2043168.217506300425157 ], [ 309968.757991797756404, 2043138.21282822615467 ], [ 309968.757991797756404, 2043078.203472077613696 ], [ 309998.761741384223569, 2043048.19879400334321 ], [ 309998.761741384223569, 2043018.194115929072723 ], [ 310028.765490970748942, 2042988.189437854802236 ], [ 310028.765490970748942, 2042958.184759780531749 ], [ 310049.981345764768776, 2042936.968248446471989 ], [ 310079.985095351235941, 2042936.968248446471989 ], [ 310114.382888480613474, 2042902.569390852469951 ], [ 310139.99259452422848, 2042876.958892298163846 ], [ 310380.022591216373257, 2042876.958892298163846 ], [ 310414.420384345692582, 2042842.560034704161808 ], [ 310444.424133932159748, 2042812.555356629891321 ], [ 310474.427883518685121, 2042782.550678555620834 ], [ 310508.825484354805667, 2042748.152013260871172 ], [ 310508.825484354805667, 2042718.147335186600685 ], [ 310538.82923394133104, 2042688.142657112330198 ], [ 310538.82923394133104, 2042658.137979038059711 ], [ 310564.439132278203033, 2042632.5272881842684 ], [ 310594.442881864670198, 2042602.522610110230744 ], [ 310624.446631451195572, 2042572.517932035960257 ], [ 310654.450381037720945, 2042542.51325396168977 ], [ 310714.457880210713483, 2042482.503897813148797 ], [ 310748.855481046834029, 2042448.105232518399134 ], [ 310748.855481046834029, 2042418.100554444128647 ], [ 310774.465379383706022, 2042392.489863590337336 ], [ 310804.469128970231395, 2042362.485185516066849 ], [ 310838.866729806351941, 2042328.086520221317187 ], [ 310838.866729806351941, 2042298.081842147279531 ], [ 310868.870479392877314, 2042268.077164073009044 ], [ 310868.870479392877314, 2042088.049095627386123 ], [ 310894.480377729749307, 2042062.438404773594812 ], [ 310928.877978565869853, 2042028.03973947907798 ], [ 310928.877978565869853, 2041878.016349107725546 ], [ 310958.881728152337018, 2041848.011671033455059 ], [ 310958.881728152337018, 2041415.518297644099221 ], [ 310928.877978565869853, 2041385.513619569828734 ], [ 310928.877978565869853, 2041247.918109548510984 ], [ 310958.881728152337018, 2041217.913431474240497 ], [ 310958.881728152337018, 2041187.908753400202841 ], [ 310980.097582946356852, 2041166.692242066143081 ], [ 311040.10508211934939, 2041166.692242066143081 ], [ 311078.896726498380303, 2041127.899397251661867 ], [ 311078.896726498380303, 2041097.89471917739138 ], [ 311100.112581292400137, 2041076.67820784333162 ], [ 311130.116330878867302, 2041076.67820784333162 ], [ 311160.120080465392675, 2041046.673529769061133 ], [ 311207.699155393056571, 2041046.673529769061133 ], [ 311237.702904979581945, 2041076.67820784333162 ], [ 311370.146327570895664, 2041076.67820784333162 ], [ 311404.544120700273197, 2041042.279350249329582 ], [ 311434.54787028679857, 2041012.274672175059095 ], [ 311460.157576330413576, 2040986.66417362052016 ], [ 311490.161325916997157, 2040986.66417362052016 ], [ 311520.165075503464323, 2040956.659495546249673 ], [ 311550.168825089931488, 2040956.659495546249673 ], [ 311584.566618219309021, 2040922.260637952247635 ], [ 311610.176324262865819, 2040896.65013939794153 ], [ 311717.762898363696877, 2040896.65013939794153 ], [ 311747.766647950164042, 2040926.654817471979186 ], [ 311970.221319300937466, 2040926.654817471979186 ], [ 312004.619112430314999, 2040892.255959878209978 ], [ 312030.228818473988213, 2040866.645461323671043 ], [ 312120.240067233564332, 2040866.645461323671043 ], [ 312150.243816820031498, 2040836.640783249400556 ], [ 312180.247566406498663, 2040836.640783249400556 ], [ 312210.251315993024036, 2040806.636105175130069 ], [ 312240.255065579491202, 2040806.636105175130069 ], [ 312300.262564752541948, 2040746.626749026589096 ], [ 312407.849138853198383, 2040746.626749026589096 ], [ 312437.852888439723756, 2040776.631427100859582 ], [ 312630.303810204030015, 2040776.631427100859582 ], [ 312660.307559790555388, 2040746.626749026589096 ], [ 312960.345055655576289, 2040746.626749026589096 ], [ 312990.348805242101662, 2040716.622070952318609 ], [ 313157.942878515750635, 2040716.622070952318609 ], [ 313187.946628102217801, 2040746.626749026589096 ], [ 313217.950377688801382, 2040746.626749026589096 ], [ 313243.560083732474595, 2040772.237247581128031 ], [ 313277.957876861735713, 2040806.636105175130069 ], [ 313307.961626448261086, 2040806.636105175130069 ], [ 313333.571332491876092, 2040832.246603729669005 ], [ 313397.972875207837205, 2040896.65013939794153 ], [ 313427.976624794362579, 2040896.65013939794153 ], [ 313457.980374380887952, 2040926.654817471979186 ], [ 313547.991623140289448, 2040926.654817471979186 ], [ 313577.995372726756614, 2040956.659495546249673 ], [ 313668.006621486332733, 2040956.659495546249673 ], [ 313698.010371072858106, 2040986.66417362052016 ], [ 313728.014120659325272, 2040986.66417362052016 ], [ 313749.229975453345105, 2041007.88068495457992 ], [ 313749.229975453345105, 2041037.885363028850406 ], [ 313779.233725039870478, 2041067.890041103120893 ], [ 313779.233725039870478, 2041097.89471917739138 ], [ 313809.237474626337644, 2041127.899397251661867 ], [ 313809.237474626337644, 2041556.753057031193748 ], [ 314190.498788702243473, 2041556.753057031193748 ], [ 314220.502538288768847, 2041526.748378956923261 ], [ 314250.506287875236012, 2041526.748378956923261 ], [ 314280.510037461761385, 2041496.743700882652774 ], [ 314310.513787048170343, 2041496.743700882652774 ], [ 314340.517536634695716, 2041466.739022808615118 ], [ 314370.521286221337505, 2041466.739022808615118 ], [ 314404.91907935065683, 2041432.34016521461308 ], [ 314434.922828937123995, 2041402.335487140342593 ], [ 314464.926578523649368, 2041372.330809066072106 ], [ 314490.536284567264374, 2041346.720310511533171 ], [ 314628.126608254446182, 2041346.720310511533171 ], [ 314658.130357840971556, 2041376.724988585803658 ], [ 314748.14160660043126, 2041376.724988585803658 ], [ 314778.145356186898425, 2041406.729666660074145 ], [ 314889.372923984308727, 2041406.729666660074145 ], [ 314889.372923984308727, 2041055.462160753086209 ], [ 314859.369174397841562, 2041025.457482678815722 ], [ 314859.369174397841562, 2040887.861972657730803 ], [ 314889.372923984308727, 2040857.857294583460316 ], [ 314889.372923984308727, 2040827.852616509189829 ], [ 314914.98282232118072, 2040802.241925655398518 ], [ 314944.986571907706093, 2040772.237247581128031 ], [ 314979.384172743826639, 2040737.838582286378369 ], [ 314979.384172743826639, 2040635.396667713532224 ], [ 314949.380423157301266, 2040605.391989639494568 ], [ 314949.380423157301266, 2040575.387311565224081 ], [ 314914.982822321238928, 2040540.988646270474419 ], [ 314884.979072734655347, 2040510.983968196203932 ], [ 314859.369174397841562, 2040485.373277342412621 ], [ 314859.369174397841562, 2040425.363921193871647 ], [ 314799.361675224790815, 2040365.354565045330673 ], [ 314799.361675224790815, 2040335.349886971060187 ], [ 314764.964074388670269, 2040300.951221676543355 ], [ 314734.960324802144896, 2040270.946543602272868 ], [ 314709.350426465331111, 2040245.335852748481557 ], [ 314709.350426465331111, 2040215.33117467421107 ], [ 314670.558782086300198, 2040176.538329859729856 ], [ 314640.555032499833032, 2040176.538329859729856 ], [ 314614.945326456218027, 2040150.927831305190921 ], [ 314580.547533326782286, 2040116.528973711188883 ], [ 314550.543783740315121, 2040116.528973711188883 ], [ 314524.934077696700115, 2040090.918475156649947 ], [ 314490.536284567264374, 2040056.519617562647909 ], [ 314430.528785394213628, 2040056.519617562647909 ], [ 314409.312930600252002, 2040035.30310622882098 ], [ 314409.312930600252002, 2040005.298428154550493 ], [ 314379.309181013784837, 2039975.293750080280006 ], [ 314379.309181013784837, 2039957.716952356044203 ], [ 314409.312930600252002, 2039927.712274281773716 ], [ 314409.312930600252002, 2039867.702918133232743 ], [ 314439.316680186777376, 2039837.698240058962256 ], [ 314439.316680186777376, 2039747.684205836383626 ], [ 314469.320429773244541, 2039717.679527762113139 ], [ 314469.320429773244541, 2039687.674849687842652 ], [ 314529.327928946295287, 2039627.665493539301679 ], [ 314529.327928946295287, 2039567.656137390760705 ], [ 314559.331678532762453, 2039537.651459316490218 ], [ 314559.331678532762453, 2039507.646781242219731 ], [ 314584.941576869634446, 2039482.03609038866125 ], [ 314614.945326456159819, 2039452.031412314390764 ], [ 314649.342927292280365, 2039417.632747019641101 ], [ 314649.342927292280365, 2039267.609356648288667 ], [ 314679.346676878805738, 2039237.60467857401818 ], [ 314679.346676878805738, 2038955.134695555781946 ], [ 314649.342927292280365, 2038925.130017481511459 ], [ 314649.342927292280365, 2038895.125339407473803 ], [ 314619.339177705813199, 2038865.120661333203316 ], [ 314619.339177705813199, 2038847.543863608967513 ], [ 314649.342927292280365, 2038817.539185534697026 ], [ 314649.342927292280365, 2038787.534507460426539 ], [ 314670.558782086300198, 2038766.317996126366779 ], [ 314700.562531672883779, 2038766.317996126366779 ], [ 314730.566281259350944, 2038736.313318052096292 ], [ 314760.570030845876317, 2038736.313318052096292 ], [ 314790.573780432343483, 2038706.308639977825806 ], [ 314850.581279605394229, 2038706.308639977825806 ], [ 314884.979072734713554, 2038671.909782383823767 ], [ 314910.58877877832856, 2038646.299283829284832 ], [ 314940.592528364737518, 2038646.299283829284832 ], [ 314974.990321494173259, 2038611.900426235515624 ], [ 315000.600027537846472, 2038586.289927680976689 ], [ 315060.607526710839011, 2038586.289927680976689 ], [ 315090.611276297364384, 2038556.285249606706202 ], [ 315120.615025883831549, 2038556.285249606706202 ], [ 315144.404563347634394, 2038532.494975958485156 ], [ 315168.194100811437238, 2038556.285249606706202 ], [ 315288.209099157538731, 2038556.285249606706202 ], [ 315318.212848744064104, 2038586.289927680976689 ], [ 315348.216598330531269, 2038586.289927680976689 ], [ 315378.220347917056642, 2038616.294605755247176 ], [ 315438.227847090107389, 2038616.294605755247176 ], [ 315463.837553133722395, 2038641.90510430955328 ], [ 315493.841302720131353, 2038671.909782383823767 ], [ 315519.451201057061553, 2038697.520473237615079 ], [ 315519.451201057061553, 2038727.525151311885566 ], [ 315553.848801893240307, 2038761.923816606635228 ], [ 315588.246595022501424, 2038796.322674200637266 ], [ 315618.250344609026797, 2038796.322674200637266 ], [ 315648.254094195493963, 2038826.327352274907753 ], [ 315879.496660338947549, 2038826.327352274907753 ], [ 315879.496660338947549, 2038727.525151311885566 ], [ 315909.500409925414715, 2038697.520473237615079 ], [ 315909.500409925414715, 2038637.511117089074105 ], [ 315939.504159511940088, 2038607.506439015036449 ], [ 315939.504159511940088, 2038505.064524442190304 ], [ 315905.106558675761335, 2038470.665859147440642 ], [ 315875.102809089352377, 2038440.661181073170155 ], [ 315849.492910752422176, 2038415.050490219378844 ], [ 315849.492910752422176, 2038325.036455996800214 ], [ 315819.489161165955011, 2038295.031777922529727 ], [ 315819.489161165955011, 2038277.454980198293924 ], [ 315849.492910752422176, 2038247.450302124023438 ], [ 315849.492910752422176, 2038187.440945975482464 ], [ 315879.496660338947549, 2038157.436267901211977 ], [ 315879.496660338947549, 2037977.408199455821887 ], [ 315909.500409925414715, 2037947.4035213815514 ], [ 315909.500409925414715, 2037737.370774861890823 ], [ 315939.504159511940088, 2037707.366096787620336 ], [ 315939.504159511940088, 2037647.356740639079362 ], [ 315969.507909098465461, 2037617.352062564808875 ], [ 315969.507909098465461, 2037557.342706416267902 ], [ 315999.511658684932627, 2037527.338028341997415 ], [ 315999.511658684932627, 2037497.333350267959759 ], [ 316029.515408271458, 2037467.328672193689272 ], [ 316029.515408271458, 2037437.323994119418785 ], [ 316059.519157857983373, 2037407.319316045148298 ], [ 316059.519157857983373, 2037317.305281822336838 ], [ 316085.129056194855366, 2037291.694590968545526 ], [ 316110.738762238470372, 2037266.084092414006591 ], [ 316140.742511824937537, 2037266.084092414006591 ], [ 316170.74626141146291, 2037236.079414339736104 ], [ 316770.821253141504712, 2037236.079414339736104 ], [ 316805.219046270882245, 2037201.680556745966896 ], [ 316839.616647107060999, 2037167.281891451217234 ], [ 316839.616647107060999, 2037137.277213376946747 ], [ 316869.620396693528164, 2037107.27253530267626 ], [ 316869.620396693528164, 2037077.267857228405774 ], [ 316929.62789586657891, 2037017.2585010798648 ], [ 316929.62789586657891, 2036837.23043263447471 ], [ 316959.631645453046076, 2036807.225754560204223 ], [ 316959.631645453046076, 2036777.221076485933736 ], [ 316985.241543789918069, 2036751.610385632142425 ], [ 317015.245293376443442, 2036721.605707557871938 ], [ 317040.854999420058448, 2036695.995209003333002 ], [ 317070.858749006642029, 2036695.995209003333002 ], [ 317105.256542135961354, 2036661.596351409330964 ], [ 317135.260291722428519, 2036631.591673335293308 ], [ 317169.657892558607273, 2036597.193008040543646 ], [ 317169.657892558607273, 2036404.737059244886041 ], [ 317139.6541429720819, 2036374.732381170615554 ], [ 317139.6541429720819, 2036284.718346948036924 ], [ 317109.650393385556526, 2036254.713668873766437 ], [ 317109.650393385556526, 2036065.897433687932789 ], [ 316968.419076001737267, 2036065.897433687932789 ], [ 316938.415326415211894, 2036095.902111762203276 ], [ 316710.813753968570381, 2036095.902111762203276 ], [ 316680.810004382103216, 2036065.897433687932789 ], [ 316650.806254795461427, 2036065.897433687932789 ], [ 316625.196548751846422, 2036040.286935133626685 ], [ 316595.192799165437464, 2036010.282257059356198 ], [ 316569.582900828507263, 2035984.671566205564886 ], [ 316569.582900828507263, 2035954.666888131294399 ], [ 316539.57915124198189, 2035924.662210057023913 ], [ 316539.57915124198189, 2035894.657531982753426 ], [ 316500.787506863067392, 2035855.864687168272212 ], [ 316260.757510170980822, 2035855.864687168272212 ], [ 316239.541655376960989, 2035834.648175834212452 ], [ 316239.541655376960989, 2035804.643497759941965 ], [ 316209.537905790493824, 2035774.638819685904309 ], [ 316209.537905790493824, 2035654.620107388822362 ], [ 316179.53415620396845, 2035624.615429314551875 ], [ 316179.53415620396845, 2035427.010563144925982 ], [ 316209.537905790493824, 2035397.005885070655495 ], [ 316209.537905790493824, 2035367.001206996385008 ], [ 316230.753760584513657, 2035345.784695662325248 ], [ 316260.757510170980822, 2035345.784695662325248 ], [ 316299.549154550011735, 2035306.991850847844034 ], [ 316299.549154550011735, 2035114.53590205241926 ], [ 316235.147804127307609, 2035050.132558683399111 ], [ 316205.144054540898651, 2035020.127880609128624 ], [ 316149.530406617443077, 2034964.512511681066826 ], [ 316149.530406617443077, 2034934.507833606796339 ], [ 316119.526657030975912, 2034904.503155532758683 ], [ 316119.526657030975912, 2034826.917001659981906 ], [ 316149.530406617443077, 2034796.91232358571142 ], [ 316149.530406617443077, 2034556.874898991780356 ], [ 316179.53415620396845, 2034526.870220917509869 ], [ 316179.53415620396845, 2034496.865542843239382 ], [ 316205.144054540840443, 2034471.254851989448071 ], [ 316239.541655376960989, 2034436.856186694698408 ], [ 316239.541655376960989, 2034406.851508620427921 ], [ 316269.545404963486362, 2034376.846830546157435 ], [ 316269.545404963486362, 2034274.404915973544121 ], [ 316239.541655376960989, 2034244.400237899273634 ], [ 316239.541655376960989, 2034124.381525602191687 ], [ 316209.537905790493824, 2034094.3768475279212 ], [ 316209.537905790493824, 2034016.790693655377254 ], [ 316239.541655376960989, 2033986.786015581106767 ], [ 316239.541655376960989, 2033896.771981358295307 ], [ 316260.757510170980822, 2033875.555470024235547 ], [ 316290.761259757564403, 2033875.555470024235547 ], [ 316325.159052886883728, 2033841.156612430233508 ], [ 316359.556653723004274, 2033806.757947135483846 ], [ 316359.556653723004274, 2033674.311354488600045 ], [ 316335.766652022488415, 2033650.520616589346901 ], [ 316359.556653723004274, 2033626.729878690093756 ], [ 316359.556653723004274, 2033596.725200615823269 ], [ 316389.56040330947144, 2033566.720522541552782 ], [ 316389.56040330947144, 2033296.678419873351231 ], [ 316419.564152895996813, 2033266.673741799080744 ], [ 316419.564152895996813, 2033236.669063724810258 ], [ 316445.174051232868806, 2033211.058372871251777 ], [ 316479.571652068989351, 2033176.659707576502115 ], [ 316479.571652068989351, 2033146.655029502231628 ], [ 316509.575401655514725, 2033116.650351427961141 ], [ 316509.575401655514725, 2033086.645673353690654 ], [ 316535.185299992386717, 2033061.034982499899343 ], [ 316569.582900828507263, 2033026.63631720514968 ], [ 316569.582900828507263, 2032954.199080706574023 ], [ 316535.18529999232851, 2032919.800415412057191 ], [ 316509.575401655514725, 2032894.18972455826588 ], [ 316509.575401655514725, 2032864.185046483995393 ], [ 316475.177800819335971, 2032829.786381189245731 ], [ 316440.780007690074854, 2032795.387523595243692 ], [ 316410.776258103491273, 2032795.387523595243692 ], [ 316389.56040330947144, 2032774.171012261183932 ], [ 316389.56040330947144, 2032744.166334186913446 ], [ 316359.556653723004274, 2032714.161656112642959 ], [ 316359.556653723004274, 2032594.142943815793842 ], [ 316329.552904136478901, 2032564.138265741523355 ], [ 316329.552904136478901, 2032426.542755720205605 ], [ 316359.556653723004274, 2032396.538077645935118 ], [ 316359.556653723004274, 2032336.528721497626975 ], [ 316385.166552059876267, 2032310.918030643835664 ], [ 316449.567902482522186, 2032246.514687274815515 ], [ 316449.567902482522186, 2032144.07277270196937 ], [ 316380.7725085169659, 2032075.27524981321767 ], [ 316350.768758930440526, 2032075.27524981321767 ], [ 316325.159052886825521, 2032049.664751258911565 ], [ 316295.155303300416563, 2032019.660073184641078 ], [ 316239.541655376960989, 2031964.04470425657928 ], [ 316239.541655376960989, 2031934.040026182308793 ], [ 316209.537905790493824, 2031904.035348108038306 ], [ 316209.537905790493824, 2031886.458550383802503 ], [ 316239.541655376960989, 2031856.453872309532017 ], [ 316239.541655376960989, 2031556.407091567059979 ], [ 316269.545404963486362, 2031526.402413493022323 ], [ 316269.545404963486362, 2031183.923074326245114 ], [ 316239.541655376960989, 2031153.918396251974627 ], [ 316239.541655376960989, 2031003.895005880622193 ], [ 316205.144054540898651, 2030969.496340585872531 ], [ 316179.53415620396845, 2030943.88564973231405 ], [ 316179.53415620396845, 2030823.866937435232103 ], [ 316140.742511824937537, 2030785.074092620750889 ], [ 316098.310337993141729, 2030785.074092620750889 ], [ 316068.306588406616356, 2030815.078770695021376 ], [ 315810.701266373449471, 2030815.078770695021376 ], [ 315780.697516786924098, 2030785.074092620750889 ], [ 315750.693767200456932, 2030785.074092620750889 ], [ 315720.690017613989767, 2030755.069414546480402 ], [ 315678.257843782077543, 2030755.069414546480402 ], [ 315648.25409419555217, 2030785.074092620750889 ], [ 315618.250344609085005, 2030785.074092620750889 ], [ 315588.246595022559632, 2030815.078770695021376 ], [ 315468.231596676574554, 2030815.078770695021376 ], [ 315438.227847090049181, 2030845.083448769291863 ], [ 315378.220347917056642, 2030845.083448769291863 ], [ 315348.216598330531269, 2030875.08812684356235 ], [ 315318.212848744064104, 2030875.08812684356235 ], [ 315288.209099157538731, 2030905.092804917832837 ], [ 315180.622525056882296, 2030905.092804917832837 ], [ 315159.406670262862463, 2030883.876293583773077 ], [ 315159.406670262862463, 2030793.862259360961616 ], [ 315125.009069426683709, 2030759.463594066211954 ], [ 315099.399171089869924, 2030733.852903212420642 ], [ 315099.399171089869924, 2030673.843547063879669 ], [ 315069.395421503344551, 2030643.838868989842013 ], [ 315069.395421503344551, 2030613.834190915571526 ], [ 315030.603777124313638, 2030575.041346101090312 ], [ 314970.596277951321099, 2030575.041346101090312 ], [ 314944.986571907647885, 2030549.430847546551377 ], [ 314910.588778778386768, 2030515.031989952549338 ], [ 314880.585029191861395, 2030515.031989952549338 ], [ 314854.975323148246389, 2030489.421491398010403 ], [ 314829.365424811316188, 2030463.810800544219092 ], [ 314829.365424811316188, 2030433.806122469948605 ], [ 314794.967823975137435, 2030399.407457175198942 ], [ 314769.35792563832365, 2030373.796766321640462 ], [ 314769.35792563832365, 2030313.787410173099488 ], [ 314739.354176051798277, 2030283.782732098829001 ], [ 314739.354176051798277, 2030223.773375950288028 ], [ 314709.350426465331111, 2030193.768697876017541 ], [ 314709.350426465331111, 2030163.764019801747054 ], [ 314679.346676878805738, 2030133.759341727476567 ], [ 314679.346676878805738, 2030103.75466365320608 ], [ 314644.949076042626984, 2030069.355998358689249 ], [ 314610.551282913365867, 2030034.95714076468721 ], [ 314580.547533326782286, 2030034.95714076468721 ], [ 314550.543783740256913, 2030004.952462690416723 ], [ 314520.540034153789748, 2030004.952462690416723 ], [ 314490.536284567264374, 2029974.947784616146237 ], [ 314460.532534980797209, 2029974.947784616146237 ], [ 314430.528785394330043, 2029944.94310654187575 ], [ 314400.52503580780467, 2029944.94310654187575 ], [ 314370.521286221337505, 2029914.938428467605263 ], [ 314208.074114043440204, 2029914.938428467605263 ], [ 314178.070364456914831, 2029944.94310654187575 ], [ 314148.06661487033125, 2029944.94310654187575 ], [ 314118.062865283864085, 2029974.947784616146237 ], [ 313938.040367764886469, 2029974.947784616146237 ], [ 313908.036618178361095, 2030004.952462690416723 ], [ 313800.450044077704661, 2030004.952462690416723 ], [ 313770.446294491179287, 2029974.947784616146237 ], [ 313698.010371072858106, 2029974.947784616146237 ], [ 313668.006621486332733, 2030004.952462690416723 ], [ 313607.999122313340195, 2030004.952462690416723 ], [ 313577.995372726814821, 2030034.95714076468721 ], [ 313457.980374380829744, 2030034.95714076468721 ], [ 313427.976624794304371, 2030064.961818838957697 ], [ 313320.390050693647936, 2030064.961818838957697 ], [ 313294.780344649974722, 2030039.351320284418762 ], [ 313269.170446313160937, 2030013.74062943062745 ], [ 313269.170446313160937, 2029953.731273282086477 ], [ 313239.166696726635564, 2029923.72659520781599 ], [ 313239.166696726635564, 2029893.721917133545503 ], [ 313200.375052347604651, 2029854.929072319064289 ], [ 313170.371302761137486, 2029854.929072319064289 ], [ 313144.761596717464272, 2029829.318573764525354 ], [ 313114.757847130938899, 2029799.313895690487698 ], [ 313080.360054001677781, 2029764.915038096485659 ], [ 312870.333806896116585, 2029764.915038096485659 ], [ 312844.724100852501579, 2029739.304539541946724 ], [ 312814.720351265917998, 2029709.299861467676237 ], [ 312780.32255813665688, 2029674.901003873674199 ], [ 312750.3188085500733, 2029674.901003873674199 ], [ 312720.315058963547926, 2029644.896325799403712 ], [ 312570.296311031095684, 2029644.896325799403712 ], [ 312549.08045623707585, 2029623.679814465343952 ], [ 312549.08045623707585, 2029563.670458316802979 ], [ 312519.076706650550477, 2029533.665780242532492 ], [ 312519.076706650550477, 2029413.647067945683375 ], [ 312489.072957064025104, 2029383.642389871412888 ], [ 312489.072957064025104, 2029186.037523701786995 ], [ 312519.076706650550477, 2029156.032845627516508 ], [ 312519.076706650550477, 2029096.023489478975534 ], [ 312549.08045623707585, 2029066.018811404705048 ], [ 312549.08045623707585, 2028813.5535064607393 ], [ 312519.076706650550477, 2028783.548828386468813 ], [ 312519.076706650550477, 2028693.534794163657352 ], [ 312489.072957064025104, 2028663.530116089619696 ], [ 312489.072957064025104, 2028573.516081866808236 ], [ 312459.069207477557939, 2028543.511403792537749 ], [ 312459.069207477557939, 2028453.497369569726288 ], [ 312429.065457891032565, 2028423.492691495455801 ], [ 312429.065457891032565, 2028255.892503400100395 ], [ 312459.069207477557939, 2028225.887825325829908 ], [ 312459.069207477557939, 2027553.357027342310175 ], [ 312429.065457891032565, 2027523.352349268272519 ], [ 312429.065457891032565, 2027355.752161172684282 ], [ 312459.069207477557939, 2027325.747483098413795 ], [ 312459.069207477557939, 2026725.65392161346972 ], [ 312489.072957064025104, 2026695.649243539432064 ], [ 312489.072957064025104, 2026665.644565465161577 ], [ 312519.076706650550477, 2026635.63988739089109 ], [ 312519.076706650550477, 2026125.560360128758475 ], [ 312540.29256144457031, 2026104.343848794698715 ], [ 312570.296311031037476, 2026104.343848794698715 ], [ 312609.087955410068389, 2026065.551003980217502 ], [ 312609.087955410068389, 2026005.541647831676528 ], [ 312639.091704996535555, 2025975.536969757406041 ], [ 312639.091704996535555, 2025855.518257460324094 ], [ 312669.095454583060928, 2025825.513579386286438 ], [ 312669.095454583060928, 2025795.508901312015951 ], [ 312699.099204169586301, 2025765.504223237745464 ], [ 312699.099204169586301, 2025615.48083286639303 ], [ 312724.709102506458294, 2025589.870142012601718 ], [ 312754.712852092925459, 2025559.865463938564062 ], [ 312784.716601679450832, 2025529.860785864293575 ], [ 312819.114202515571378, 2025495.462120569543913 ], [ 312819.114202515571378, 2025405.448086346732453 ], [ 312849.117952102096751, 2025375.443408272461966 ], [ 312849.117952102096751, 2025333.010849848156795 ], [ 312819.114202515571378, 2025303.006171773886308 ], [ 312819.114202515571378, 2025242.996815625578165 ], [ 312780.32255813665688, 2025204.203970811096951 ], [ 312690.311309377080761, 2025204.203970811096951 ], [ 312639.091704996535555, 2025152.982781402766705 ], [ 312639.091704996535555, 2025122.978103328496218 ], [ 312600.300060617621057, 2025084.185258514015004 ], [ 312510.288811858044937, 2025084.185258514015004 ], [ 312489.072957064025104, 2025062.968747179955244 ], [ 312489.072957064025104, 2024955.377915233140811 ], [ 312519.076706650550477, 2024925.373237158870324 ], [ 312519.076706650550477, 2024865.363881010329351 ], [ 312549.08045623707585, 2024835.359202936058864 ], [ 312549.08045623707585, 2024745.345168713247404 ], [ 312579.084205823543016, 2024715.340490638976917 ], [ 312579.084205823543016, 2024655.331134490668774 ], [ 312609.087955410068389, 2024625.326456416398287 ], [ 312609.087955410068389, 2024535.312422193586826 ], [ 312639.091704996535555, 2024505.307744119316339 ], [ 312639.091704996535555, 2024385.289031822467223 ], [ 312669.095454583060928, 2024355.284353748196736 ], [ 312669.095454583060928, 2024325.279675673926249 ], [ 312694.70535291993292, 2024299.668984820134938 ], [ 312729.102953756053466, 2024265.270319525385275 ], [ 312729.102953756053466, 2024235.265641451114789 ], [ 312780.322093907103408, 2024184.044916286598891 ], [ 312720.315058963606134, 2024184.044916286598891 ], [ 312690.311309377138969, 2024154.040238212328404 ], [ 312570.296311031095684, 2024154.040238212328404 ], [ 312540.292561444628518, 2024124.035560138057917 ], [ 312287.834140507213306, 2024124.035560138057917 ], [ 312257.830390920687933, 2024154.040238212328404 ], [ 312000.225068887521047, 2024154.040238212328404 ], [ 311970.221319301053882, 2024124.035560138057917 ], [ 311910.21382012788672, 2024124.035560138057917 ], [ 311880.210070541419555, 2024094.030882064020261 ], [ 311850.206320955010597, 2024094.030882064020261 ], [ 311820.202571368543431, 2024064.026203989749774 ], [ 311790.19882178195985, 2024064.026203989749774 ], [ 311760.195072195434477, 2024034.021525915479288 ], [ 311700.187573022441939, 2024034.021525915479288 ], [ 311670.183823435916565, 2024004.016847841208801 ], [ 311640.1800738494494, 2024004.016847841208801 ], [ 311610.176324262924027, 2023974.012169766938314 ], [ 311550.168825089931488, 2023974.012169766938314 ], [ 311520.165075503406115, 2023944.007491692667827 ], [ 311460.157576330413576, 2023944.007491692667827 ], [ 311430.153826743888203, 2023914.00281361839734 ], [ 311370.146327570953872, 2023914.00281361839734 ], [ 311340.142577984486707, 2023883.998135544126853 ], [ 311280.13507881143596, 2023883.998135544126853 ], [ 311250.131329224968795, 2023853.993457469856367 ], [ 311190.123830051859841, 2023853.993457469856367 ], [ 311160.120080465334468, 2023823.98877939581871 ], [ 311130.11633087892551, 2023823.98877939581871 ], [ 311100.112581292458344, 2023793.984101321548223 ], [ 311040.105082119407598, 2023793.984101321548223 ], [ 311010.101332532940432, 2023763.979423247277737 ], [ 310980.097582946356852, 2023763.979423247277737 ], [ 310950.093833359831478, 2023733.97474517300725 ], [ 310890.086334186897147, 2023733.97474517300725 ], [ 310860.082584600429982, 2023703.970067098736763 ], [ 310770.071335840853862, 2023703.970067098736763 ], [ 310740.067586254328489, 2023673.965389024466276 ], [ 310680.060087081335951, 2023673.965389024466276 ], [ 310658.844232287316117, 2023652.748877690406516 ], [ 310658.844232287316117, 2023635.172079966170713 ], [ 310714.457880210713483, 2023579.556711038108915 ], [ 310770.070871611533221, 2023523.941998653346673 ], [ 310680.060087081335951, 2023523.941998653346673 ], [ 310654.450381037662737, 2023498.331500098807737 ], [ 310624.446631451253779, 2023468.32682202453725 ], [ 310560.045088735292666, 2023403.923286356264725 ], [ 310530.0413391488255, 2023403.923286356264725 ], [ 310478.821270524465945, 2023352.70163268991746 ], [ 310478.821270524465945, 2023502.725487319286913 ], [ 310457.605415730446111, 2023523.941998653346673 ], [ 310440.030090389307588, 2023523.941998653346673 ], [ 310414.420384345634375, 2023498.331500098807737 ], [ 310380.022591216373257, 2023463.932642504805699 ], [ 310350.018841629789677, 2023463.932642504805699 ], [ 310320.015092043264303, 2023433.927964430535212 ], [ 310290.011342456797138, 2023433.927964430535212 ], [ 310260.007592870271765, 2023403.923286356264725 ], [ 310230.003843283804599, 2023403.923286356264725 ], [ 310200.000093697279226, 2023373.918608281994238 ], [ 310139.992594524286687, 2023373.918608281994238 ], [ 310109.988844937761314, 2023343.913930207723752 ], [ 310049.981345764768776, 2023343.913930207723752 ], [ 310019.977596178243402, 2023313.909252133453265 ], [ 309929.966347418783698, 2023313.909252133453265 ], [ 309899.962597832316533, 2023283.904574059182778 ], [ 309809.951349072682206, 2023283.904574059182778 ], [ 309784.3416430290672, 2023258.294075504876673 ], [ 309749.943849899806082, 2023223.895217910874635 ], [ 309719.940100313222501, 2023223.895217910874635 ], [ 309694.330394269549288, 2023198.2847193563357 ], [ 309668.720495932735503, 2023172.674028502544388 ], [ 309668.720495932735503, 2023112.664672354003415 ], [ 309604.319145510031376, 2023048.261328984983265 ], [ 309574.315395923622418, 2023018.256650910712779 ], [ 309548.705497586692218, 2022992.645960056921467 ], [ 309548.705497586692218, 2022953.853115242673084 ], [ 309509.913853207719512, 2022953.853115242673084 ], [ 309454.300397577520926, 2022898.237938613863662 ], [ 309424.296647991111968, 2022868.233260539593175 ], [ 309364.289148818003014, 2022808.223904391052201 ], [ 309329.891355688741896, 2022773.825046797050163 ], [ 309299.887606102216523, 2022773.825046797050163 ], [ 309269.883856515749358, 2022743.820368722779676 ], [ 309239.880106929165777, 2022743.820368722779676 ], [ 309209.876357342640404, 2022713.815690648509189 ], [ 309179.87260775611503, 2022713.815690648509189 ], [ 309149.868858169589657, 2022683.811012574471533 ], [ 309089.861358996655326, 2022683.811012574471533 ], [ 309059.857609410129953, 2022653.806334500201046 ], [ 308999.850110237137415, 2022653.806334500201046 ], [ 308969.846360650612041, 2022623.80165642593056 ], [ 308939.842611064144876, 2022623.80165642593056 ], [ 308909.838861477619503, 2022593.796978351660073 ], [ 308879.835111891152337, 2022593.796978351660073 ], [ 308849.831362304685172, 2022563.792300277389586 ], [ 308669.80886478559114, 2022563.792300277389586 ], [ 308639.805115199065767, 2022533.787622203119099 ], [ 308339.767619334103074, 2022533.787622203119099 ], [ 308309.763869747635908, 2022503.782944128848612 ], [ 307847.279201704601292, 2022503.782944128848612 ], [ 307817.275452118134126, 2022533.787622203119099 ], [ 307727.264203358674422, 2022533.787622203119099 ], [ 307697.260453772149049, 2022563.792300277389586 ], [ 307667.256704185681883, 2022563.792300277389586 ], [ 307637.25295459915651, 2022593.796978351660073 ], [ 307607.249205012572929, 2022593.796978351660073 ], [ 307577.245455426105764, 2022623.80165642593056 ], [ 307547.241705839638598, 2022623.80165642593056 ], [ 307517.237956253113225, 2022653.806334500201046 ], [ 307487.23420666664606, 2022653.806334500201046 ], [ 307457.230457080120686, 2022683.811012574471533 ], [ 307247.204209974675905, 2022683.811012574471533 ], [ 307217.200460388150532, 2022713.815690648509189 ], [ 307067.181712455581874, 2022713.815690648509189 ], [ 307032.783919326204341, 2022748.214548242511228 ], [ 306998.386318490083795, 2022782.61321353726089 ], [ 306998.386318490083795, 2022812.617891611531377 ], [ 306942.772670566686429, 2022868.233260539593175 ], [ 306917.162964523013216, 2022893.84375909413211 ], [ 306887.159214936487842, 2022893.84375909413211 ], [ 306852.761421807168517, 2022928.242616688134149 ], [ 306827.151715763553511, 2022953.853115242673084 ], [ 306797.147966177086346, 2022953.853115242673084 ], [ 306767.14421659061918, 2022983.85779331671074 ], [ 306707.136717417568434, 2022983.85779331671074 ], [ 306677.132967831043061, 2023013.862471390981227 ], [ 306617.125468658050522, 2023013.862471390981227 ], [ 306587.121719071525149, 2023043.867149465251714 ], [ 306557.117969484941568, 2023043.867149465251714 ], [ 306533.328432021138724, 2023067.65742311347276 ], [ 306518.32678934984142, 2023052.655316205462441 ], [ 306518.32678934984142, 2023013.862471390981227 ], [ 306317.087972792913206, 2023013.862471390981227 ], [ 306287.08422320644604, 2023043.867149465251714 ], [ 306227.076724033511709, 2023043.867149465251714 ], [ 306167.069224860460963, 2023103.876505613792688 ], [ 306137.065475273993798, 2023103.876505613792688 ], [ 306072.663932558090892, 2023168.280041282065213 ], [ 306042.660182971565519, 2023198.2847193563357 ], [ 306012.656433385098353, 2023228.289397430606186 ], [ 305982.65268379857298, 2023258.294075504876673 ], [ 305952.648934212105814, 2023288.298753578914329 ], [ 305918.251333375927061, 2023322.697418873663992 ], [ 305918.251333375927061, 2023352.702096947934479 ], [ 305892.641435039055068, 2023378.31278780172579 ], [ 305858.243834202934522, 2023412.711453096475452 ], [ 305858.243834202934522, 2023442.716131170745939 ], [ 305832.633935866062529, 2023468.32682202453725 ], [ 305807.024229822389316, 2023493.937320579076186 ], [ 305777.020480235863943, 2023493.937320579076186 ], [ 305747.016730649396777, 2023523.941998653346673 ], [ 305206.949238092405722, 2023523.941998653346673 ], [ 305176.945488505938556, 2023553.946676727384329 ], [ 305129.366413578100037, 2023553.946676727384329 ], [ 305103.756707534543239, 2023528.336178173078224 ], [ 305069.358914405165706, 2023493.937320579076186 ], [ 304936.915491813851986, 2023493.937320579076186 ], [ 304898.123847434821073, 2023532.7301653935574 ], [ 304898.123847434821073, 2023562.734843467595056 ], [ 304868.1200978482957, 2023592.739521541865543 ], [ 304868.1200978482957, 2023622.744199616136029 ], [ 304842.510199511423707, 2023648.354890469927341 ], [ 304812.506449924956542, 2023678.359568544197828 ], [ 304782.502700338431168, 2023708.364246618468314 ], [ 304718.101349915785249, 2023772.767589987488464 ], [ 304718.101349915785249, 2023802.77226806175895 ], [ 304696.885495121765416, 2023823.98877939581871 ], [ 304658.093850742792711, 2023823.98877939581871 ], [ 304658.093850742792711, 2023862.781624210067093 ], [ 304628.090101156325545, 2023892.78630228433758 ], [ 304628.090101156325545, 2023952.795658432878554 ], [ 304568.082601983274799, 2024012.805014581419528 ], [ 304568.082601983274799, 2024102.819048804230988 ], [ 304542.472703646461014, 2024128.429739657789469 ], [ 304508.07510281028226, 2024162.828404952539131 ], [ 304508.07510281028226, 2024252.842439175350592 ], [ 304482.465204473410267, 2024278.453130029141903 ], [ 304452.461454886884894, 2024308.45780810341239 ], [ 304418.063854050764348, 2024342.856473398162052 ], [ 304418.063854050764348, 2024402.865829546703026 ], [ 304392.453955713892356, 2024428.476520400261506 ], [ 304366.844249670219142, 2024454.087018954800442 ], [ 304336.840500083693769, 2024454.087018954800442 ], [ 304306.836750497226603, 2024484.091697029070929 ], [ 304276.833000910759438, 2024484.091697029070929 ], [ 304238.041356531728525, 2024522.884541843552142 ], [ 304238.041356531728525, 2024625.326456416398287 ], [ 304268.045106118253898, 2024655.331134490668774 ], [ 304268.045106118253898, 2024702.912610288942233 ], [ 304242.435207781381905, 2024728.523301142733544 ], [ 304212.431458194856532, 2024758.527979217004031 ], [ 304182.427708608389366, 2024788.532657291274518 ], [ 304156.818002564716153, 2024814.143155845813453 ], [ 304126.814252978248987, 2024814.143155845813453 ], [ 304088.022608599218074, 2024852.936000660294667 ], [ 304088.022608599218074, 2024985.382593307411298 ], [ 304118.026358185743447, 2025015.387271381448954 ], [ 304118.026358185743447, 2025062.968747179955244 ], [ 304088.022608599218074, 2025092.973425254225731 ], [ 304088.022608599218074, 2025122.978103328496218 ], [ 304062.412710262346081, 2025148.588794182287529 ], [ 304036.803004218731076, 2025174.199292736826465 ], [ 304019.227678877592552, 2025174.199292736826465 ], [ 303993.617972833977547, 2025148.588794182287529 ], [ 303933.610473660868593, 2025088.579438033746555 ], [ 303899.212680531607475, 2025054.180580439744517 ], [ 303826.776757113228086, 2025054.180580439744517 ], [ 303757.9813631476718, 2025122.978103328496218 ], [ 303757.9813631476718, 2025152.982781402766705 ], [ 303721.763865675136913, 2025189.201399652054533 ], [ 303762.375214397266973, 2025229.814005121821538 ], [ 303792.378963983850554, 2025259.818683196092024 ], [ 303822.382713570375927, 2025289.823361270129681 ], [ 303847.992611907189712, 2025315.434052123920992 ], [ 303847.992611907189712, 2025363.015527922427282 ], [ 303822.382713570317719, 2025388.626218776218593 ], [ 303787.985112734197173, 2025423.024884070968255 ], [ 303787.985112734197173, 2025513.038918293779716 ], [ 303757.9813631476718, 2025543.043596368050203 ], [ 303757.9813631476718, 2025603.052952516358346 ], [ 303732.371464810799807, 2025628.663643370149657 ], [ 303706.761758767184801, 2025654.274141924688593 ], [ 303607.96261521516135, 2025654.274141924688593 ], [ 303607.96261521516135, 2025705.49486708920449 ], [ 303637.966364801686723, 2025735.499545163474977 ], [ 303637.966364801686723, 2025855.518721718573943 ], [ 303689.186433426046278, 2025804.297068052226678 ], [ 303766.76925794017734, 2025804.297068052226678 ], [ 303787.985112734197173, 2025825.513579386286438 ], [ 303787.985112734197173, 2025885.522935534594581 ], [ 303817.988862320722546, 2025915.527613608865067 ], [ 303817.988862320722546, 2026014.329814571887255 ], [ 303856.780506699695252, 2026014.329814571887255 ], [ 303877.996361493715085, 2026035.546325905947015 ], [ 303877.996361493715085, 2026053.123123630182818 ], [ 303856.780506699695252, 2026074.339634964242578 ], [ 303376.72051331558032, 2026074.339634964242578 ], [ 303342.322720186260995, 2026108.738492558244616 ], [ 303316.713014142704196, 2026134.348991112550721 ], [ 303286.709264556062408, 2026134.348991112550721 ], [ 303252.311471426743083, 2026168.747848706552759 ], [ 303222.307721840275917, 2026198.752526780823246 ], [ 303196.698015796602704, 2026224.363025335362181 ], [ 303166.694266210135538, 2026224.363025335362181 ], [ 303132.296473080758005, 2026258.761882929364219 ], [ 303102.292723494232632, 2026288.766561003634706 ], [ 303076.683017450617626, 2026314.377059558173642 ], [ 303046.679267864034045, 2026314.377059558173642 ], [ 303012.28147473471472, 2026348.77591715217568 ], [ 302986.671768691099714, 2026374.386415706714615 ], [ 302956.668019104690757, 2026374.386415706714615 ], [ 302922.270225975255016, 2026408.785273300483823 ], [ 302887.872625139076263, 2026443.183938595233485 ], [ 302887.872625139076263, 2026473.188616669503972 ], [ 302857.868875552609097, 2026503.193294743774459 ], [ 302857.868875552609097, 2026725.65392161346972 ], [ 302892.266476388671435, 2026760.052586908219382 ], [ 302952.273975561780389, 2026820.061943056760356 ], [ 302982.277725148189347, 2026850.066621131030843 ], [ 303016.675518277625088, 2026884.465478725032881 ], [ 303119.11519128252985, 2026884.465478725032881 ], [ 303153.512984411849175, 2026850.066621131030843 ], [ 303209.126440041989554, 2026794.45144450222142 ], [ 303239.130189628456719, 2026794.45144450222142 ], [ 303273.527982757834252, 2026760.052586908219382 ], [ 303303.531732344359625, 2026730.047908833948895 ], [ 303337.929333180480171, 2026695.649243539432064 ], [ 303337.929333180480171, 2026665.644565465161577 ], [ 303363.539231517352164, 2026640.033874611370265 ], [ 303389.148937561025377, 2026614.42337605683133 ], [ 303419.152687147550751, 2026614.42337605683133 ], [ 303453.550480276870076, 2026580.024518462829292 ], [ 303479.160186320485082, 2026554.414019908290356 ], [ 303509.163935907068662, 2026554.414019908290356 ], [ 303543.561729036387987, 2026520.015162314288318 ], [ 303569.171435080002993, 2026494.404663759749383 ], [ 303599.175184666586574, 2026494.404663759749383 ], [ 303633.572977795905899, 2026460.005806165747344 ], [ 303659.182683839520905, 2026434.395307611208409 ], [ 303826.776757113169879, 2026434.395307611208409 ], [ 303841.77886402112199, 2026449.397878770250827 ], [ 303817.988862320722546, 2026473.188616669503972 ], [ 303817.988862320722546, 2026695.649243539432064 ], [ 303847.992611907189712, 2026725.65392161346972 ], [ 303847.992611907189712, 2026755.658599687740207 ], [ 303882.390212743368465, 2026790.057264982489869 ], [ 303916.788005872629583, 2026824.456122576491907 ], [ 303946.791755459213164, 2026824.456122576491907 ], [ 303976.795505045738537, 2026854.460800650762394 ], [ 304006.799254632205702, 2026854.460800650762394 ], [ 304036.803004218731076, 2026884.465478725032881 ], [ 304066.806753805198241, 2026884.465478725032881 ], [ 304088.022608599218074, 2026905.681990059092641 ], [ 304088.022608599218074, 2026935.686668133363128 ], [ 304118.026358185743447, 2026965.691346207633615 ], [ 304118.026358185743447, 2027115.714736578753218 ], [ 304148.030107772268821, 2027145.719414653023705 ], [ 304148.030107772268821, 2027175.724092727294192 ], [ 304178.033857358735986, 2027205.728770801564679 ], [ 304178.033857358735986, 2027235.733448875835165 ], [ 304208.037606945261359, 2027265.738126950105652 ], [ 304208.037606945261359, 2027283.314924674108624 ], [ 304178.033857358735986, 2027313.319602748379111 ], [ 304178.033857358735986, 2027433.338315045461059 ], [ 304148.030107772268821, 2027463.342993119731545 ], [ 304148.030107772268821, 2027493.347671194002032 ], [ 304118.026358185743447, 2027523.352349268272519 ], [ 304118.026358185743447, 2027553.357027342310175 ], [ 304088.022608599218074, 2027583.361705416580662 ], [ 304088.022608599218074, 2027643.371061565121636 ], [ 304058.018859012750909, 2027673.375739639392123 ], [ 304058.018859012750909, 2027703.380417713662609 ], [ 304028.015109426225536, 2027733.385095787933096 ], [ 304028.015109426225536, 2027793.39445193647407 ], [ 304002.405211089353543, 2027819.005142790265381 ], [ 303968.007610253232997, 2027853.403808084782213 ], [ 303968.007610253232997, 2027883.4084861590527 ], [ 303912.393962329835631, 2027939.023855087114498 ], [ 303877.996361493715085, 2027973.42252038186416 ], [ 303877.996361493715085, 2028003.427198456134647 ], [ 303847.992611907189712, 2028033.431876530405134 ], [ 303847.992611907189712, 2028063.436554604675621 ], [ 303822.382713570317719, 2028089.047245458466932 ], [ 303787.985112734197173, 2028123.445910752983764 ], [ 303787.985112734197173, 2028153.450588827254251 ], [ 303762.37521439732518, 2028179.061279681045562 ], [ 303727.977613561204635, 2028213.459944975795224 ], [ 303727.977613561204635, 2028243.464623050065711 ], [ 303702.367715224332642, 2028269.075313903857023 ], [ 303672.363965637807269, 2028299.079991978127509 ], [ 303616.75051000766689, 2028354.695168606936932 ], [ 303586.746760421257932, 2028354.695168606936932 ], [ 303552.348967291822191, 2028389.094026200706139 ], [ 303522.345217705296818, 2028419.098704274976626 ], [ 303492.341468118771445, 2028449.103382349247113 ], [ 303466.731762075156439, 2028474.713880903786048 ], [ 303436.728012488572858, 2028474.713880903786048 ], [ 303391.722620223590638, 2028519.720665893284604 ], [ 303427.940117696125526, 2028555.939284142572433 ], [ 303427.940117696125526, 2028585.94396221684292 ], [ 303492.341468118829653, 2028650.347305585863069 ], [ 303526.73926124809077, 2028684.746163179865107 ], [ 303556.743010834732559, 2028684.746163179865107 ], [ 303586.746760421257932, 2028714.750841253902763 ], [ 303916.788005872687791, 2028714.750841253902763 ], [ 303968.007610253232997, 2028765.97203066223301 ], [ 303968.007610253232997, 2029006.009455256164074 ], [ 303998.011359839700162, 2029036.014133330434561 ], [ 303998.011359839700162, 2029143.604965277481824 ], [ 303976.795505045680329, 2029164.821476611541584 ], [ 303946.791755459213164, 2029164.821476611541584 ], [ 303912.393962329835631, 2029199.220334205543622 ], [ 303882.390212743310258, 2029229.225012279814109 ], [ 303856.78050669975346, 2029254.835510834120214 ], [ 303826.776757113228086, 2029254.835510834120214 ], [ 303787.985112734197173, 2029293.628355648601428 ], [ 303787.985112734197173, 2029323.633033722871915 ], [ 303762.37521439732518, 2029349.243724576663226 ], [ 303736.765508353651967, 2029374.854223131202161 ], [ 303706.761758767126594, 2029374.854223131202161 ], [ 303667.970114388212096, 2029413.647067945683375 ], [ 303667.970114388212096, 2029996.163831706391647 ], [ 303702.367715224274434, 2030030.56249700114131 ], [ 303727.977613561204635, 2030056.173187854932621 ], [ 303727.977613561204635, 2030094.966032669413835 ], [ 303766.769257940235548, 2030094.966032669413835 ], [ 303792.378963983850554, 2030120.57653122371994 ], [ 303817.988862320722546, 2030146.187222077511251 ], [ 303817.988862320722546, 2030184.980066891992465 ], [ 303856.780506699695252, 2030184.980066891992465 ], [ 303877.996361493715085, 2030206.196578226052225 ], [ 303877.996361493715085, 2030266.205934374593198 ], [ 303908.000111080182251, 2030296.210612448863685 ], [ 303908.000111080182251, 2030326.215290523134172 ], [ 303968.007610253232997, 2030386.224646671675146 ], [ 303968.007610253232997, 2030425.017491485923529 ], [ 304006.799254632205702, 2030425.017491485923529 ], [ 304028.015109426225536, 2030446.234002819983289 ], [ 304028.015109426225536, 2030476.238680894253775 ], [ 304062.412710262404289, 2030510.637346189003438 ], [ 304088.022608599218074, 2030536.248037042794749 ], [ 304088.022608599218074, 2030575.040881857275963 ], [ 304126.814252978248987, 2030575.040881857275963 ], [ 304152.423959021922201, 2030600.651380411814898 ], [ 304186.821752151183318, 2030635.050238005816936 ], [ 304216.825501737708692, 2030635.050238005816936 ], [ 304238.041356531728525, 2030656.266749339876696 ], [ 304238.041356531728525, 2030845.082984525477514 ], [ 304276.833000910759438, 2030845.082984525477514 ], [ 304302.442706954432651, 2030870.693483080016449 ], [ 304332.446456540841609, 2030900.698161154286936 ], [ 304366.84424967027735, 2030935.097018748288974 ], [ 304396.847999256744515, 2030935.097018748288974 ], [ 304426.851748843269888, 2030965.101696822559461 ], [ 304456.855498429853469, 2030965.101696822559461 ], [ 304478.071353223756887, 2030986.31820815638639 ], [ 304478.071353223756887, 2031136.341598527738824 ], [ 304516.8629976027878, 2031175.134443342220038 ], [ 304696.885495121765416, 2031175.134443342220038 ], [ 304722.495201165380422, 2031200.744941896758974 ], [ 304748.105099502310622, 2031226.355632750550285 ], [ 304748.105099502310622, 2031256.360310824587941 ], [ 304778.108849088835996, 2031286.364988898858428 ], [ 304778.108849088835996, 2031376.379023121669888 ], [ 304808.112598675303161, 2031406.383701195940375 ], [ 304808.112598675303161, 2031556.407091567059979 ], [ 304838.116348261828534, 2031586.411769641330466 ], [ 304838.116348261828534, 2031616.416447715600953 ], [ 304868.1200978482957, 2031646.421125789871439 ], [ 304868.1200978482957, 2031676.425803864141926 ], [ 304898.123847434821073, 2031706.430481938412413 ], [ 304898.123847434821073, 2031736.4351600126829 ], [ 304932.521448270999826, 2031770.833825307432562 ], [ 304962.525197857408784, 2031800.838503381703049 ], [ 304988.135096194338985, 2031826.44919423526153 ], [ 304988.135096194338985, 2032126.495974977733567 ], [ 305022.532697030517738, 2032160.89464027248323 ], [ 305052.536446616926696, 2032190.899318346753716 ], [ 305078.146344953856897, 2032216.510009200545028 ], [ 305078.146344953856897, 2032324.100841147592291 ], [ 305056.930490159837063, 2032345.317352481652051 ], [ 305026.926740573428106, 2032345.317352481652051 ], [ 304996.922990986902732, 2032375.322030555689707 ], [ 304966.919241400260944, 2032375.322030555689707 ], [ 304932.521448270941619, 2032409.720888149691746 ], [ 304898.123847434821073, 2032444.119553444441408 ], [ 304898.123847434821073, 2032474.124231518711895 ], [ 304872.51394909794908, 2032499.734922372503206 ], [ 304838.116348261828534, 2032534.133587667252868 ], [ 304838.116348261828534, 2032564.138265741523355 ], [ 304808.112598675303161, 2032594.142943815793842 ], [ 304808.112598675303161, 2032624.147621890064329 ], [ 304778.108849088835996, 2032654.152299964101985 ], [ 304778.108849088835996, 2032684.156978038372472 ], [ 304718.101349915785249, 2032744.166334186913446 ], [ 304718.101349915785249, 2032774.171012261183932 ], [ 304688.097600329318084, 2032804.175690335454419 ], [ 304688.097600329318084, 2032834.180368409724906 ], [ 304658.093850742792711, 2032864.185046483995393 ], [ 304658.093850742792711, 2033194.236505300737917 ], [ 304632.483952405978926, 2033219.847196154296398 ], [ 304568.082601983274799, 2033284.250539523316547 ], [ 304568.082601983274799, 2033344.259895671857521 ], [ 304546.866747189254966, 2033365.476407005917281 ], [ 304516.8629976027878, 2033365.476407005917281 ], [ 304482.465204473410267, 2033399.875264599919319 ], [ 304452.461454886884894, 2033429.879942674189806 ], [ 304388.060104464238975, 2033494.283286043209955 ], [ 304388.060104464238975, 2033926.776659432565793 ], [ 304418.063854050764348, 2033956.78133750683628 ], [ 304418.063854050764348, 2034076.800049803918228 ], [ 304452.461454886943102, 2034111.198715098435059 ], [ 304478.071353223756887, 2034136.809405952226371 ], [ 304478.071353223756887, 2034166.814084026496857 ], [ 304538.078852396807633, 2034226.823440175037831 ], [ 304538.078852396807633, 2034256.828118249308318 ], [ 304568.082601983274799, 2034286.832796323578805 ], [ 304568.082601983274799, 2034316.837474397849292 ], [ 304598.086351569800172, 2034346.842152472119778 ], [ 304598.086351569800172, 2034634.461052864557132 ], [ 304568.082601983274799, 2034664.465730938594788 ], [ 304568.082601983274799, 2034694.470409012865275 ], [ 304542.472703646402806, 2034720.081099866656587 ], [ 304516.8629976027878, 2034745.691598421195522 ], [ 304478.071353223756887, 2034745.691598421195522 ], [ 304478.071353223756887, 2034784.484443235676736 ], [ 304456.855498429737054, 2034805.700954569736496 ], [ 304426.851748843269888, 2034805.700954569736496 ], [ 304388.060104464238975, 2034844.493799384217709 ], [ 304388.060104464238975, 2035024.5218678296078 ], [ 304358.05635487777181, 2035054.526545903878286 ], [ 304358.05635487777181, 2035114.53590205241926 ], [ 304336.840500083751976, 2035135.75241338647902 ], [ 304298.048855704779271, 2035135.75241338647902 ], [ 304298.048855704779271, 2035174.545258200960234 ], [ 304276.833000910759438, 2035195.761769535019994 ], [ 304246.829251324292272, 2035195.761769535019994 ], [ 304212.43145819491474, 2035230.160627128789201 ], [ 304186.821752151241526, 2035255.771125683328137 ], [ 304148.030107772268821, 2035255.771125683328137 ], [ 304148.030107772268821, 2035414.582682794891298 ], [ 304096.810503391723614, 2035465.803872203221545 ], [ 304066.806753805314656, 2035465.803872203221545 ], [ 304036.803004218789283, 2035495.808550277259201 ], [ 303976.795505045738537, 2035495.808550277259201 ], [ 303946.791755459213164, 2035525.813228351529688 ], [ 303916.788005872629583, 2035525.813228351529688 ], [ 303886.784256286162417, 2035555.817906425800174 ], [ 303817.988862320722546, 2035555.817906425800174 ], [ 303817.988862320722546, 2035594.610751240281388 ], [ 303796.773007526702713, 2035615.827262574341148 ], [ 303359.145187974500004, 2035615.827262574341148 ], [ 303329.141438387974631, 2035585.822584500070661 ], [ 303239.130189628514927, 2035585.822584500070661 ], [ 303217.914334834495094, 2035564.606073166010901 ], [ 303217.914334834495094, 2035534.601395091740415 ], [ 303187.910585247969721, 2035504.596717017469928 ], [ 303187.910585247969721, 2035474.592038943432271 ], [ 303149.118940868938807, 2035435.799194128951058 ], [ 302956.668019104632549, 2035435.799194128951058 ], [ 302926.664269518107176, 2035465.803872203221545 ], [ 302887.872625139076263, 2035465.803872203221545 ], [ 302887.872625139076263, 2035504.596717017469928 ], [ 302866.65677034505643, 2035525.813228351529688 ], [ 302836.653020758589264, 2035525.813228351529688 ], [ 302797.861376379558351, 2035564.606073166010901 ], [ 302797.861376379558351, 2035654.620107388822362 ], [ 302767.857626793091185, 2035684.624785463092849 ], [ 302767.857626793091185, 2035744.634141611633822 ], [ 302746.641771999071352, 2035765.850652945693582 ], [ 302716.638022412662394, 2035765.850652945693582 ], [ 302682.240229283226654, 2035800.24951053946279 ], [ 302652.236479696701281, 2035830.254188613733277 ], [ 302626.626773653028067, 2035855.864687168272212 ], [ 302557.831379687529989, 2035855.864687168272212 ], [ 302557.831379687529989, 2036044.68092235410586 ], [ 302532.221481350716203, 2036070.291613207664341 ], [ 302506.61177530704299, 2036095.902111762203276 ], [ 302446.604276134050451, 2036095.902111762203276 ], [ 302407.812631755019538, 2036134.69495657668449 ], [ 302407.812631755019538, 2036164.699634650954977 ], [ 302382.202733418147545, 2036190.310325504746288 ], [ 302356.593027374532539, 2036215.920824059285223 ], [ 302317.801382995501626, 2036215.920824059285223 ], [ 302317.801382995501626, 2036314.723025022307411 ], [ 302296.585528201481793, 2036335.939536356367171 ], [ 302056.555531509569846, 2036335.939536356367171 ], [ 302026.551781923044473, 2036365.944214430404827 ], [ 301876.533033990475815, 2036365.944214430404827 ], [ 301842.135240861098282, 2036400.343072024406865 ], [ 301807.737640024977736, 2036434.741737319156528 ], [ 301807.737640024977736, 2036464.746415393427014 ], [ 301777.733890438452363, 2036494.751093467697501 ], [ 301777.733890438452363, 2036524.755771541967988 ], [ 301752.12399210158037, 2036550.366462395759299 ], [ 301726.514286057965364, 2036575.976960950298235 ], [ 301696.510536471381783, 2036575.976960950298235 ], [ 301662.112743342062458, 2036610.375818544300273 ], [ 301621.501394619874191, 2036650.988424013834447 ], [ 301662.112743342120666, 2036691.601029483601451 ], [ 301696.510536471381783, 2036725.999887077603489 ], [ 301726.514286057965364, 2036725.999887077603489 ], [ 301756.518035644490737, 2036756.004565151873976 ], [ 301786.521785230957903, 2036756.004565151873976 ], [ 301807.737640024977736, 2036777.221076485933736 ], [ 301807.737640024977736, 2036837.23043263447471 ], [ 301837.741389611444902, 2036867.235110708745196 ], [ 301837.741389611444902, 2036987.253823005594313 ], [ 301867.745139197970275, 2037017.2585010798648 ], [ 301867.745139197970275, 2037047.263179154135287 ], [ 301897.748888784495648, 2037077.267857228405774 ], [ 301897.748888784495648, 2037116.060702042886987 ], [ 301936.540533163468353, 2037116.060702042886987 ], [ 301996.5480323365191, 2037176.070058191427961 ], [ 302026.551781922986265, 2037176.070058191427961 ], [ 302056.555531509511638, 2037206.074736265698448 ], [ 302416.600526547583286, 2037206.074736265698448 ], [ 302446.604276134108659, 2037236.079414339736104 ], [ 302476.608025720517617, 2037236.079414339736104 ], [ 302506.611775306984782, 2037266.084092414006591 ], [ 302536.615524893510155, 2037266.084092414006591 ], [ 302562.225230937125161, 2037291.694590968545526 ], [ 302596.623024066560902, 2037326.093448562547565 ], [ 302626.626773653028067, 2037326.093448562547565 ], [ 302652.236479696643073, 2037351.7039471170865 ], [ 302677.846378033573274, 2037377.314637970877811 ], [ 302677.846378033573274, 2037407.319316045148298 ], [ 302712.243978869752027, 2037441.71798133989796 ], [ 302737.853877206565812, 2037467.328672193689272 ], [ 302737.853877206565812, 2037497.333350267959759 ], [ 302767.857626793091185, 2037527.338028341997415 ], [ 302767.857626793091185, 2037857.389487158739939 ], [ 302797.861376379558351, 2037887.394165233010426 ], [ 302797.861376379558351, 2037917.398843307280913 ], [ 302857.868875552609097, 2037977.408199455821887 ], [ 302857.868875552609097, 2038097.426911752671003 ], [ 302887.872625139076263, 2038127.43158982694149 ], [ 302887.872625139076263, 2038157.436267901211977 ], [ 302917.876374725601636, 2038187.440945975482464 ], [ 302917.876374725601636, 2038226.233790789963678 ], [ 302956.668019104574341, 2038226.233790789963678 ], [ 302977.883873898594175, 2038247.450302124023438 ], [ 302977.883873898594175, 2038277.454980198293924 ], [ 303012.281474734772928, 2038311.853645493043587 ], [ 303037.891373071586713, 2038337.464336346834898 ], [ 303037.891373071586713, 2038367.469014420872554 ], [ 303067.895122658112086, 2038397.473692495143041 ], [ 303067.895122658112086, 2038697.520473237615079 ], [ 303097.89887224463746, 2038727.525151311885566 ], [ 303097.89887224463746, 2038757.529829386156052 ], [ 303127.902621831104625, 2038787.534507460426539 ], [ 303127.902621831104625, 2038817.539185534697026 ], [ 303157.906371417629998, 2038847.543863608967513 ], [ 303157.906371417629998, 2038886.336708423448727 ], [ 303196.698015796602704, 2038886.336708423448727 ], [ 303217.913870590622537, 2038907.553219757508487 ], [ 303217.913870590622537, 2038937.557897831546143 ], [ 303252.31147142680129, 2038971.956563126295805 ], [ 303282.315221013210248, 2039001.961241200566292 ], [ 303337.928868936665822, 2039057.57661012862809 ], [ 303337.928868936665822, 2039087.581288202898577 ], [ 303372.32646977272816, 2039121.979953497648239 ], [ 303397.93636810965836, 2039147.590644351439551 ], [ 303397.93636810965836, 2039177.595322425710037 ], [ 303436.728012488689274, 2039216.38816723995842 ], [ 303466.731762075156439, 2039216.38816723995842 ], [ 303492.341468118829653, 2039241.998665794497356 ], [ 303522.345217705238611, 2039272.003343868767843 ], [ 303577.958865628694184, 2039327.618712796829641 ], [ 303577.958865628694184, 2039435.209544743876904 ], [ 303556.743010834674351, 2039456.426056077936664 ], [ 303496.73551166174002, 2039456.426056077936664 ], [ 303457.943867282650899, 2039495.218900892185047 ], [ 303457.943867282650899, 2039525.223578966455534 ], [ 303421.726369810116012, 2039561.442197215743363 ], [ 303457.943867282650899, 2039597.660815465031192 ], [ 303457.943867282650899, 2039627.665493539301679 ], [ 303487.947616869176272, 2039657.670171613572165 ], [ 303487.947616869176272, 2039726.467694502323866 ], [ 303526.739261248148978, 2039726.467694502323866 ], [ 303547.955116042168811, 2039747.684205836383626 ], [ 303547.955116042168811, 2039777.688883910421282 ], [ 303577.958865628694184, 2039807.693561984691769 ], [ 303577.958865628694184, 2039867.702918133232743 ], [ 303607.96261521516135, 2039897.707596207503229 ], [ 303607.96261521516135, 2039927.712274281773716 ], [ 303667.970114388212096, 2039987.72163043031469 ], [ 303667.970114388212096, 2040047.730986578855664 ], [ 303697.973863974679261, 2040077.73566465289332 ], [ 303697.973863974679261, 2040107.740342727163807 ], [ 303727.977613561204635, 2040137.745020801434293 ], [ 303727.977613561204635, 2040425.363921193871647 ], [ 303697.973863974679261, 2040455.368599268142134 ], [ 303697.973863974679261, 2040545.382633490953594 ], [ 303667.970114388212096, 2040575.387311565224081 ], [ 303667.970114388212096, 2040695.406023862073198 ], [ 303637.966364801686723, 2040725.410701936343685 ], [ 303637.966364801686723, 2040785.420058084884658 ], [ 303612.35646646481473, 2040811.03074893867597 ], [ 303577.958865628694184, 2040845.429414233425632 ], [ 303577.958865628694184, 2040935.443448456004262 ], [ 303547.955116042168811, 2040965.448126530274749 ], [ 303547.955116042168811, 2041175.480873050168157 ], [ 303526.739261248207185, 2041196.697384383995086 ], [ 303496.735511661681812, 2041196.697384383995086 ], [ 303466.731762075156439, 2041226.702062458265573 ], [ 303427.940117696125526, 2041226.702062458265573 ], [ 303427.940117696125526, 2041265.494907272746786 ], [ 303397.93636810965836, 2041295.499585347017273 ], [ 303397.93636810965836, 2041475.527653792407364 ], [ 303372.326469772786368, 2041501.138344646198675 ], [ 303346.716763729113154, 2041526.74884320073761 ], [ 303307.925119350140449, 2041526.74884320073761 ], [ 303307.925119350140449, 2041565.541688015218824 ], [ 303282.315221013268456, 2041591.152378869010136 ], [ 303247.91762017714791, 2041625.551044163759798 ], [ 303247.91762017714791, 2041805.579112609149888 ], [ 303226.701765383128077, 2041826.795623943209648 ], [ 303196.698015796660911, 2041826.795623943209648 ], [ 303157.906371417629998, 2041865.588468757690862 ], [ 303157.906371417629998, 2041925.597824906231835 ], [ 303132.296473080758005, 2041951.208515760023147 ], [ 303097.89887224463746, 2041985.607181054772809 ], [ 303097.89887224463746, 2042015.611859129043296 ], [ 303072.288973907765467, 2042041.222549982601777 ], [ 303046.679267864092253, 2042066.833048537140712 ], [ 302977.883873898594175, 2042066.833048537140712 ], [ 302977.883873898594175, 2042285.653961797244847 ], [ 302947.880124312127009, 2042315.658639871282503 ], [ 302947.880124312127009, 2042388.095876369858161 ], [ 302982.277725148189347, 2042422.494541664607823 ], [ 303012.281474734772928, 2042452.49921973887831 ], [ 303042.285224321181886, 2042482.503897813148797 ], [ 303076.683017450617626, 2042516.902755407150835 ], [ 303106.686767037084792, 2042516.902755407150835 ], [ 303136.690516623551957, 2042546.907433481421322 ], [ 303196.698015796602704, 2042546.907433481421322 ], [ 303226.701765383069869, 2042576.912111555691808 ], [ 303346.716763729113154, 2042576.912111555691808 ], [ 303376.72051331558032, 2042606.916789629962295 ], [ 303436.728012488689274, 2042606.916789629962295 ], [ 303462.33771853230428, 2042632.5272881842684 ], [ 303496.735511661681812, 2042666.926145778270438 ], [ 303556.743010834674351, 2042666.926145778270438 ], [ 303577.958865628694184, 2042688.142657112330198 ], [ 303577.958865628694184, 2042748.152013260871172 ], [ 303616.750510007608682, 2042786.944858075352386 ], [ 303886.784256286162417, 2042786.944858075352386 ], [ 303916.788005872629583, 2042816.949536149622872 ], [ 303946.791755459213164, 2042816.949536149622872 ], [ 303972.401461502886377, 2042842.560034704161808 ], [ 304006.799254632147495, 2042876.958892298163846 ], [ 304036.803004218789283, 2042876.958892298163846 ], [ 304066.806753805314656, 2042906.963570372201502 ], [ 304096.810503391723614, 2042906.963570372201502 ], [ 304156.818002564774361, 2042966.972926520742476 ], [ 304439.280173088598531, 2042966.972926520742476 ], [ 304469.283922675123904, 2042936.968248446471989 ], [ 304499.287672261591069, 2042936.968248446471989 ], [ 304533.685465390968602, 2042902.569390852469951 ], [ 304563.689214977493975, 2042872.564712778432295 ], [ 304598.086815813614521, 2042838.166047483682632 ], [ 304598.086815813614521, 2042808.161369409412146 ], [ 304628.090565400139894, 2042778.156691335141659 ], [ 304628.090565400139894, 2042748.152013260871172 ], [ 304658.094314986665267, 2042718.147335186600685 ], [ 304658.094314986665267, 2042688.142657112330198 ], [ 304688.098064573132433, 2042658.137979038059711 ], [ 304688.098064573132433, 2042628.133300963789225 ], [ 304709.313919367094059, 2042606.916789629962295 ], [ 304739.317668953619432, 2042606.916789629962295 ], [ 304769.321418540144805, 2042576.912111555691808 ], [ 304829.328917713137344, 2042576.912111555691808 ], [ 304859.332667299662717, 2042546.907433481421322 ], [ 304919.340166472655255, 2042546.907433481421322 ], [ 304949.343916059180629, 2042516.902755407150835 ], [ 305159.370163164683618, 2042516.902755407150835 ], [ 305189.373912751208991, 2042486.898077332880348 ], [ 305219.377662337676156, 2042486.898077332880348 ], [ 305249.381411924201529, 2042456.893399258609861 ], [ 305279.38516151078511, 2042456.893399258609861 ], [ 305309.388911097252276, 2042426.888721184339374 ], [ 305339.392660683777649, 2042426.888721184339374 ], [ 305369.396410270244814, 2042396.884043110068887 ], [ 305399.40015985671198, 2042396.884043110068887 ], [ 305433.797952986089513, 2042362.485185516066849 ], [ 305459.407659029762726, 2042336.874686961527914 ], [ 305489.411408616171684, 2042336.874686961527914 ], [ 305519.415158202697057, 2042306.870008887490258 ], [ 305549.41890778922243, 2042306.870008887490258 ], [ 305583.816700918599963, 2042272.471151293488219 ], [ 305613.820450505125336, 2042242.466473219217733 ], [ 305648.218051341245882, 2042208.06780792446807 ], [ 305648.218051341245882, 2042178.063129850197583 ], [ 305678.221800927771255, 2042148.058451775927097 ], [ 305678.221800927771255, 2042118.05377370165661 ], [ 305708.225550514238421, 2042088.049095627386123 ], [ 305708.225550514238421, 2042058.044417553115636 ], [ 305733.835448851110414, 2042032.433726699557155 ], [ 305768.233049687289167, 2041998.035061404807493 ], [ 305768.233049687289167, 2041968.030383330537006 ], [ 305793.84294802416116, 2041942.419692476745695 ], [ 305828.240548860281706, 2041908.021027181996033 ], [ 305828.240548860281706, 2041848.011671033455059 ], [ 305858.244298446748871, 2041818.006992959184572 ], [ 305858.244298446748871, 2041788.002314884914085 ], [ 305888.248048033274245, 2041757.997636810643598 ], [ 305888.248048033274245, 2041727.992958736605942 ], [ 305918.251797619799618, 2041697.988280662335455 ], [ 305918.251797619799618, 2041547.964890290983021 ], [ 305943.86169595667161, 2041522.35419943719171 ], [ 305973.865445543138776, 2041492.349521362921223 ], [ 306008.263046379317529, 2041457.950856068404391 ], [ 306008.263046379317529, 2041427.946177994133905 ], [ 306033.872944716189522, 2041402.335487140342593 ], [ 306059.482650759804528, 2041376.724988585803658 ], [ 306179.497649105789606, 2041376.724988585803658 ], [ 306209.501398692314979, 2041346.720310511533171 ], [ 306329.516397038300056, 2041346.720310511533171 ], [ 306359.520146624825429, 2041316.715632437262684 ], [ 306539.54264414391946, 2041316.715632437262684 ], [ 306569.546393730386626, 2041286.710954362992197 ], [ 306629.553892903437372, 2041286.710954362992197 ], [ 306659.557642489904538, 2041256.70627628872171 ], [ 306719.565141662955284, 2041256.70627628872171 ], [ 306749.56889124942245, 2041226.701598214451224 ], [ 306869.583889595349319, 2041226.701598214451224 ], [ 306899.587639181816485, 2041196.696920140413567 ], [ 306947.166714109596796, 2041196.696920140413567 ], [ 306972.776420153211802, 2041222.307418694719672 ], [ 306998.386318490083795, 2041247.918109548510984 ], [ 306998.386318490083795, 2041277.92278762278147 ], [ 307028.390068076550961, 2041307.927465697051957 ], [ 307028.390068076550961, 2041346.720310511533171 ], [ 307337.215458734077401, 2041346.720310511533171 ], [ 307358.431313528097235, 2041367.936821845592931 ], [ 307358.431313528097235, 2041397.941499919863418 ], [ 307388.435063114622608, 2041427.946177994133905 ], [ 307388.435063114622608, 2041457.950856068404391 ], [ 307427.226707493653521, 2041496.743700882652774 ], [ 307607.249205012631137, 2041496.743700882652774 ], [ 307637.25295459915651, 2041526.748378956923261 ], [ 307667.256704185623676, 2041526.748378956923261 ], [ 307697.260453772090841, 2041556.753057031193748 ], [ 307757.267952945141587, 2041556.753057031193748 ], [ 307817.275452118192334, 2041616.762413179734722 ], [ 307847.279201704659499, 2041616.762413179734722 ], [ 307877.282951291184872, 2041646.767091254005209 ], [ 307907.286700877652038, 2041646.767091254005209 ], [ 307937.290450464177411, 2041676.771769328275695 ], [ 307967.294200050644577, 2041676.771769328275695 ], [ 307992.903906094259582, 2041702.382267882814631 ], [ 308027.301699223695323, 2041736.781125476816669 ], [ 308087.309198396746069, 2041736.781125476816669 ], [ 308112.918904440361075, 2041762.391624031122774 ], [ 308132.315054891223554, 2041781.788374709896743 ], [ 308082.915154853835702, 2041831.1898034629412 ], [ 308052.911405267310329, 2041861.194481537211686 ], [ 307992.90390609431779, 2041921.20383768575266 ], [ 307962.900156507792417, 2041951.208515760023147 ], [ 307907.286700877652038, 2042006.823692388832569 ], [ 307877.28295129124308, 2042006.823692388832569 ], [ 307847.279201704717707, 2042036.828370462870225 ], [ 307808.487557325686794, 2042036.828370462870225 ], [ 307808.487557325686794, 2042268.077164073009044 ], [ 307838.491306912153959, 2042298.081842147279531 ], [ 307838.491306912153959, 2042328.086520221317187 ], [ 307868.495056498679332, 2042358.091198295587674 ], [ 307868.495056498679332, 2042388.095876369858161 ], [ 307902.892657334741671, 2042422.494541664607823 ], [ 307928.502555671671871, 2042448.105232518399134 ], [ 307928.502555671671871, 2042478.109910592669621 ], [ 307967.294200050702784, 2042516.902755407150835 ], [ 307997.29794963716995, 2042516.902755407150835 ], [ 308027.301699223695323, 2042546.907433481421322 ], [ 308087.309198396687862, 2042546.907433481421322 ], [ 308117.312947983213235, 2042576.912111555691808 ], [ 308327.339195088716224, 2042576.912111555691808 ], [ 308357.342944675241597, 2042606.916789629962295 ], [ 308387.34669426176697, 2042606.916789629962295 ], [ 308412.956400305381976, 2042632.5272881842684 ], [ 308447.354193434759509, 2042666.926145778270438 ], [ 308477.357943021226674, 2042666.926145778270438 ], [ 308498.573797815246508, 2042688.142657112330198 ], [ 308498.573797815246508, 2042718.147335186600685 ], [ 308532.971398651425261, 2042752.546000481350347 ], [ 308558.581296988239046, 2042778.156691335141659 ], [ 308558.581296988239046, 2042808.161369409412146 ], [ 308592.9788978244178, 2042842.560034704161808 ], [ 308622.982647410826758, 2042872.564712778432295 ], [ 308652.986396997410338, 2042902.569390852469951 ], [ 308678.596295334282331, 2042928.180081706261262 ], [ 308678.596295334282331, 2042958.184759780531749 ], [ 308712.993896170344669, 2042992.583425075281411 ], [ 308773.001395343453623, 2043052.592781223822385 ], [ 308798.611293680267408, 2043078.203472077613696 ], [ 308798.611293680267408, 2043108.208150151884183 ], [ 308833.008894516446162, 2043142.606815446633846 ], [ 308858.618792853259947, 2043168.217506300425157 ], [ 308858.618792853259947, 2043207.01035111467354 ], [ 309107.436684337793849, 2043207.01035111467354 ], [ 309137.440433924319223, 2043237.015029188944027 ], [ 309197.447933097311761, 2043237.015029188944027 ], [ 309227.451682683837134, 2043267.019707263214514 ], [ 309287.459181856829673, 2043267.019707263214514 ], [ 309317.462931443355046, 2043297.024385337485 ], [ 309377.470430616347585, 2043297.024385337485 ], [ 309407.474180202872958, 2043327.029063411755487 ], [ 309437.477929789340124, 2043327.029063411755487 ], [ 309467.481679375865497, 2043357.033741486025974 ], [ 309497.485428962332662, 2043357.033741486025974 ], [ 309527.489178548799828, 2043387.038419560296461 ], [ 309557.492928135325201, 2043387.038419560296461 ], [ 309587.496677721792366, 2043417.043097634566948 ], [ 309617.500427308375947, 2043417.043097634566948 ], [ 309647.50417689490132, 2043447.047775708837435 ], [ 309707.511676067952067, 2043447.047775708837435 ], [ 309737.51542565447744, 2043477.052453782875091 ] ] ] } },
{ "type": "Feature", "properties": { "OBJECTID": 4, "乡镇名": "雅亮乡", "面积km2": 173.251 }, "geometry": { "type": "Polygon", "coordinates": [ [ [ 330290.083892409282271, 2060099.644106915220618 ], [ 331301.423947801755276, 2060099.644106915220618 ], [ 331301.423947801755276, 2060000.841905952198431 ], [ 331327.033846138627268, 2059975.23121509840712 ], [ 331357.037595725094434, 2059945.226537024369463 ], [ 331387.041345311619807, 2059915.221858950098976 ], [ 331447.048844484612346, 2059855.212502801558003 ], [ 331477.052594071137719, 2059825.207824727287516 ], [ 331507.056343657604884, 2059795.203146653017029 ], [ 331537.060093244130258, 2059765.198468578746542 ], [ 331601.461443666776177, 2059700.795125209726393 ], [ 331601.461443666776177, 2059670.790447135455906 ], [ 331631.465193253243342, 2059640.78576906141825 ], [ 331631.465193253243342, 2059580.776412912877277 ], [ 331661.468942839768715, 2059550.77173483860679 ], [ 331661.468942839768715, 2058998.259649152169004 ], [ 331631.465193253243342, 2058968.254971077898517 ], [ 331631.465193253243342, 2058818.231580706546083 ], [ 331601.461443666776177, 2058788.226902632508427 ], [ 331601.461443666776177, 2058710.64074875973165 ], [ 331627.071342003648169, 2058685.030057905940339 ], [ 331661.468942839768715, 2058650.631392611190677 ], [ 331661.468942839768715, 2058620.62671453692019 ], [ 331691.472692426294088, 2058590.622036462649703 ], [ 331691.472692426294088, 2058488.180121890036389 ], [ 331661.468942839768715, 2058458.175443815765902 ], [ 331661.468942839768715, 2058428.170765741495416 ], [ 331631.465193253243342, 2058398.166087667224929 ], [ 331631.465193253243342, 2058338.156731518683955 ], [ 331601.461443666776177, 2058308.152053444413468 ], [ 331601.461443666776177, 2058248.142697295872495 ], [ 331571.457694080250803, 2058218.138019221834838 ], [ 331571.457694080250803, 2058128.123984999023378 ], [ 331541.45394449372543, 2058098.119306924752891 ], [ 331541.45394449372543, 2058038.109950776211917 ], [ 331511.450194907258265, 2058008.105272701941431 ], [ 331511.450194907258265, 2057900.514440755126998 ], [ 331537.060093244130258, 2057874.903749901335686 ], [ 331597.067592417122796, 2057814.894393752794713 ], [ 331627.071342003648169, 2057784.889715678524226 ], [ 331682.684797633788548, 2057729.274539049714804 ], [ 331712.688547220255714, 2057729.274539049714804 ], [ 331751.480191599286627, 2057690.48169423523359 ], [ 331751.480191599286627, 2057510.4536257898435 ], [ 331777.09008993615862, 2057484.842934936052188 ], [ 331802.699795979831833, 2057459.232436381513253 ], [ 331952.718543912284076, 2057459.232436381513253 ], [ 331987.116337041661609, 2057424.833578787511215 ], [ 332021.513937877782155, 2057390.434913492994383 ], [ 332021.513937877782155, 2057360.430235418723896 ], [ 332051.517687464307528, 2057330.425557344453409 ], [ 332051.517687464307528, 2057300.420879270182922 ], [ 332072.733542258327361, 2057279.204367936123163 ], [ 332141.52893622382544, 2057279.204367936123163 ], [ 332141.52893622382544, 2057077.960252400487661 ], [ 332111.525186637300067, 2057047.955574326217175 ], [ 332111.525186637300067, 2056880.355386230628937 ], [ 332141.52893622382544, 2056850.350708156358451 ], [ 332141.52893622382544, 2056640.317961636697873 ], [ 332171.532685810350813, 2056610.313283562427387 ], [ 332171.532685810350813, 2056580.3086054881569 ], [ 332201.536435396817978, 2056550.303927413886413 ], [ 332201.536435396817978, 2056520.299249339848757 ], [ 332257.150083320215344, 2056464.683880411786959 ], [ 332287.153832906740718, 2056434.679202337516472 ], [ 332321.551433742861263, 2056400.280537042766809 ], [ 332321.551433742861263, 2056370.275858968496323 ], [ 332347.161332079733256, 2056344.665168114705011 ], [ 332381.558932915853802, 2056310.266502819955349 ], [ 332381.558932915853802, 2056280.261824745684862 ], [ 332411.562682502379175, 2056250.257146671647206 ], [ 332411.562682502379175, 2056190.247790523106232 ], [ 332441.566432088846341, 2056160.243112448835745 ], [ 332441.566432088846341, 2056130.238434374565259 ], [ 332471.570181675371714, 2056100.233756300294772 ], [ 332471.570181675371714, 2056070.229078226024285 ], [ 332497.180080012243707, 2056044.618387372232974 ], [ 332522.789786055858713, 2056019.007888817694038 ], [ 332612.801034815376624, 2056019.007888817694038 ], [ 332651.592679194407538, 2055980.215044003212824 ], [ 332651.592679194407538, 2055860.196331706363708 ], [ 332677.20257753127953, 2055834.585640852572396 ], [ 332737.210076704272069, 2055774.576284704031423 ], [ 332771.607677540392615, 2055740.17761940928176 ], [ 332771.607677540392615, 2055560.14955096389167 ], [ 332797.217575877264608, 2055534.538860110100359 ], [ 332831.615176713385154, 2055500.140194815350696 ], [ 332831.615176713385154, 2055157.660855648573488 ], [ 332801.611427126917988, 2055127.656177574303001 ], [ 332801.611427126917988, 2055067.646821425994858 ], [ 332771.607677540392615, 2055037.642143351724371 ], [ 332771.607677540392615, 2054960.055989478947595 ], [ 332801.611427126917988, 2054930.051311404677108 ], [ 332801.611427126917988, 2054878.83058624016121 ], [ 332672.808533988427371, 2054878.83058624016121 ], [ 332642.804784401960205, 2054848.825908165890723 ], [ 332522.789786055858713, 2054848.825908165890723 ], [ 332497.180080012185499, 2054823.215409611351788 ], [ 332462.782286882807966, 2054788.81655201758258 ], [ 332060.305118013056926, 2054788.81655201758258 ], [ 332030.301368426531553, 2054818.821230091620237 ], [ 331790.271371734386776, 2054818.821230091620237 ], [ 331760.26762214791961, 2054848.825908165890723 ], [ 331532.666049701278098, 2054848.825908165890723 ], [ 331507.056343657663092, 2054823.215409611351788 ], [ 331472.658550528169144, 2054788.81655201758258 ], [ 331442.654800941760186, 2054788.81655201758258 ], [ 331421.438946147740353, 2054767.60004068352282 ], [ 331421.438946147740353, 2054737.595362609252334 ], [ 331387.041345311561599, 2054703.196697314502671 ], [ 331352.643552182300482, 2054668.797839720500633 ], [ 331142.617305076739285, 2054668.797839720500633 ], [ 331112.61355549027212, 2054638.793161646230146 ], [ 330890.158884139265865, 2054638.793161646230146 ], [ 330860.1551345527987, 2054668.797839720500633 ], [ 330830.151384966273326, 2054668.797839720500633 ], [ 330800.147635379806161, 2054698.80251779477112 ], [ 330482.534814173646737, 2054698.80251779477112 ], [ 330426.92135854344815, 2054643.187341165961698 ], [ 330401.311460206634365, 2054617.576650312170386 ], [ 330401.311460206634365, 2054527.562616089591756 ], [ 330371.307710620108992, 2054497.55793801532127 ], [ 330371.307710620108992, 2054467.553259941050783 ], [ 330336.910109784046654, 2054433.154594646301121 ], [ 330302.512316654610913, 2054398.755737052299082 ], [ 330272.508567068143748, 2054398.755737052299082 ], [ 330246.898861024528742, 2054373.145238497760147 ], [ 330182.497318308567628, 2054308.741702829487622 ], [ 330122.48981913557509, 2054308.741702829487622 ], [ 330092.486069549049716, 2054278.737024755217135 ], [ 330062.482319962582551, 2054278.737024755217135 ], [ 330036.872613918909337, 2054253.1265262006782 ], [ 330002.474820789531805, 2054218.727668606908992 ], [ 329972.471071203064639, 2054218.727668606908992 ], [ 329946.861365159391426, 2054193.117170052370057 ], [ 329916.857615572982468, 2054163.11249197809957 ], [ 329886.853865986398887, 2054133.107813903829083 ], [ 329856.850116399989929, 2054103.103135829558596 ], [ 329796.842617226880975, 2054043.093779681017622 ], [ 329762.444824097619858, 2054008.694922087015584 ], [ 329432.403578646015376, 2054008.694922087015584 ], [ 329406.793872602342162, 2053983.084423532476649 ], [ 329372.39607947296463, 2053948.685565938707441 ], [ 329342.392329886497464, 2053948.685565938707441 ], [ 329312.388580299972091, 2053918.680887864436954 ], [ 329222.377331540512387, 2053918.680887864436954 ], [ 329201.161476746492554, 2053897.464376530377194 ], [ 329201.161476746492554, 2053837.455020381836221 ], [ 329171.15772715996718, 2053807.450342307565734 ], [ 329171.15772715996718, 2053777.445664233295247 ], [ 329136.760126323904842, 2053743.046998938545585 ], [ 329076.752627150795888, 2053683.037642790004611 ], [ 329051.142728813982103, 2053657.42695193644613 ], [ 329051.142728813982103, 2053597.417595787905157 ], [ 329021.13897922745673, 2053567.41291771363467 ], [ 329021.13897922745673, 2053537.408239639364183 ], [ 328991.135229640931357, 2053507.403561565093696 ], [ 328991.135229640931357, 2053477.398883490823209 ], [ 328956.737628804869018, 2053443.000218196073547 ], [ 328931.127730467938818, 2053417.389527342282236 ], [ 328931.127730467938818, 2053387.384849268244579 ], [ 328896.73012963187648, 2053352.986183973494917 ], [ 328841.116481708420906, 2053297.370815045433119 ], [ 328841.116481708420906, 2053258.577970230951905 ], [ 328802.324837329448201, 2053258.577970230951905 ], [ 328776.715131285774987, 2053232.96747167641297 ], [ 328746.711381699366029, 2053202.962793602142483 ], [ 328686.703882526257075, 2053142.953437453601509 ], [ 328656.700132939848118, 2053112.948759379331023 ], [ 328631.090234602917917, 2053087.338068525772542 ], [ 328631.090234602917917, 2053057.333390451502055 ], [ 328592.298590223887004, 2053018.540545637020841 ], [ 328562.294840637419838, 2053018.540545637020841 ], [ 328506.681385007221252, 2052962.925369008211419 ], [ 328476.677635420812294, 2052932.920690933940932 ], [ 328442.279842291376553, 2052898.521833339938894 ], [ 328322.264843945391476, 2052898.521833339938894 ], [ 328292.261094358866103, 2052868.517155265668407 ], [ 328262.257344772398937, 2052868.517155265668407 ], [ 328232.253595185873564, 2052838.51247719139792 ], [ 328202.249845599289984, 2052838.51247719139792 ], [ 328172.246096012822818, 2052808.507799117360264 ], [ 328142.242346426355653, 2052808.507799117360264 ], [ 328121.026491632335819, 2052787.291287783300504 ], [ 328121.026491632335819, 2052667.272575486218557 ], [ 328091.022742045868654, 2052637.26789741194807 ], [ 328091.022742045868654, 2052457.23982896655798 ], [ 328061.018992459343281, 2052427.235150892287493 ], [ 328061.018992459343281, 2052328.432949929265305 ], [ 328022.227348080370575, 2052328.432949929265305 ], [ 327992.22359849390341, 2052298.428271854994819 ], [ 327962.219848907378037, 2052298.428271854994819 ], [ 327932.216099320910871, 2052268.423593780724332 ], [ 327902.212349734269083, 2052268.423593780724332 ], [ 327880.996494940307457, 2052247.207082446897402 ], [ 327880.996494940307457, 2052208.414237632416189 ], [ 327782.197351388342213, 2052208.414237632416189 ], [ 327726.583895758143626, 2052152.799061003606766 ], [ 327692.186102628882509, 2052118.400203409604728 ], [ 327662.182353042298928, 2052118.400203409604728 ], [ 327636.572646998625714, 2052092.789704855065793 ], [ 327606.568897412216756, 2052062.785026780795306 ], [ 327550.955249488761183, 2052007.169657852733508 ], [ 327550.955249488761183, 2051977.164979778695852 ], [ 327516.557648652698845, 2051942.766314483946189 ], [ 327486.553899066115264, 2051912.761636409675702 ], [ 327456.550149479706306, 2051882.756958335405216 ], [ 327422.152356350270566, 2051848.358100741403177 ], [ 327392.1486067638034, 2051848.358100741403177 ], [ 327366.538900720188394, 2051822.747602186864242 ], [ 327332.141107590752654, 2051788.348744592862204 ], [ 327302.137358004285488, 2051788.348744592862204 ], [ 327280.921503210265655, 2051767.132233258802444 ], [ 327280.921503210265655, 2051737.127555184531957 ], [ 327246.523902374086902, 2051702.728889889782295 ], [ 327220.914004037273116, 2051677.118199036223814 ], [ 327220.914004037273116, 2051647.113520961953327 ], [ 327156.51265361456899, 2051582.710177592933178 ], [ 327130.902755277755205, 2051557.099486739141867 ], [ 327130.902755277755205, 2051488.301963850390166 ], [ 327092.111110898724291, 2051488.301963850390166 ], [ 327070.895256104704458, 2051467.085452516330406 ], [ 327070.895256104704458, 2051437.080774442059919 ], [ 327040.891506518237293, 2051407.076096368022263 ], [ 327040.891506518237293, 2051338.278573479270563 ], [ 327002.099862139264587, 2051338.278573479270563 ], [ 326976.490156095649581, 2051312.668074924731627 ], [ 326920.876508172194008, 2051257.052705996669829 ], [ 326920.876508172194008, 2051227.048027922399342 ], [ 326890.872758585726842, 2051197.043349848128855 ], [ 326890.872758585726842, 2050987.010603328468278 ], [ 326856.475157749548089, 2050952.611938033718616 ], [ 326830.865259412734304, 2050927.001247179927304 ], [ 326830.865259412734304, 2050836.987212957348675 ], [ 326800.86150982620893, 2050806.982534883078188 ], [ 326800.86150982620893, 2050686.96382258599624 ], [ 326770.857760239683557, 2050656.959144511725754 ], [ 326770.857760239683557, 2050596.94978836318478 ], [ 326740.854010653216392, 2050566.945110288914293 ], [ 326740.854010653216392, 2050536.940432214876637 ], [ 326680.846511480165645, 2050476.931076066335663 ], [ 326680.846511480165645, 2050416.92171991779469 ], [ 326646.448910644103307, 2050382.523054623045027 ], [ 326590.835262720647734, 2050326.907685694983229 ], [ 326590.835262720647734, 2050296.903007620712742 ], [ 326560.831513134180568, 2050266.898329546675086 ], [ 326560.831513134180568, 2050236.893651472404599 ], [ 326530.827763547655195, 2050206.888973398134112 ], [ 326530.827763547655195, 2050176.884295323863626 ], [ 326492.036119168740697, 2050138.091450509382412 ], [ 326462.032369582157116, 2050138.091450509382412 ], [ 326440.816514788137283, 2050116.874939175322652 ], [ 326440.816514788137283, 2050086.870261101052165 ], [ 326410.812765201670118, 2050056.865583026781678 ], [ 326410.812765201670118, 2050026.860904952511191 ], [ 326372.021120822639205, 2049988.068060138029978 ], [ 326282.009872063063085, 2049988.068060138029978 ], [ 326256.400166019506287, 2049962.457561583723873 ], [ 326222.002372890128754, 2049928.058703989721835 ], [ 326101.987374544143677, 2049928.058703989721835 ], [ 326071.983624957618304, 2049898.054025915451348 ], [ 325759.51770484726876, 2049898.054025915451348 ], [ 325729.513955260743387, 2049928.058703989721835 ], [ 325699.510205674276222, 2049928.058703989721835 ], [ 325669.506456087750848, 2049958.063382063992321 ], [ 325639.502706501283683, 2049958.063382063992321 ], [ 325600.71106212225277, 2049996.856226878240705 ], [ 325600.71106212225277, 2050026.860904952511191 ], [ 325579.495207328232937, 2050048.077416286570951 ], [ 325519.487708155240398, 2050048.077416286570951 ], [ 325459.480208982189652, 2050108.086772435111925 ], [ 325399.472709809138905, 2050108.086772435111925 ], [ 325369.46896022267174, 2050138.091450509382412 ], [ 325339.465210636204574, 2050138.091450509382412 ], [ 325309.461461049679201, 2050168.096128583652899 ], [ 325249.453961876628455, 2050168.096128583652899 ], [ 325219.450212290161289, 2050198.100806657923386 ], [ 324721.814893564966042, 2050198.100806657923386 ], [ 324700.599038770946208, 2050176.884295323863626 ], [ 324700.599038770946208, 2050146.879617249593139 ], [ 324666.20143793488387, 2050112.480951954843476 ], [ 324631.80364480544813, 2050078.082094360841438 ], [ 324601.799895218980964, 2050078.082094360841438 ], [ 324576.190189175365958, 2050052.471595806302503 ], [ 324541.792396045930218, 2050018.072738212300465 ], [ 324511.788646459463052, 2050018.072738212300465 ], [ 324490.572791665443219, 2049996.856226878240705 ], [ 324490.572791665443219, 2049966.851548804203048 ], [ 324451.781147286412306, 2049928.058703989721835 ], [ 324421.777397699945141, 2049928.058703989721835 ], [ 324400.561542905925307, 2049906.842192655662075 ], [ 324400.561542905925307, 2049868.049347841180861 ], [ 324361.769898526952602, 2049868.049347841180861 ], [ 324331.766148940485436, 2049838.044669766910374 ], [ 324271.75864976743469, 2049838.044669766910374 ], [ 324250.542794973414857, 2049816.828158432850614 ], [ 324250.542794973414857, 2049786.823480358580127 ], [ 324216.145194137236103, 2049752.424815063830465 ], [ 324190.535295800422318, 2049726.814124210039154 ], [ 324190.535295800422318, 2049696.809446136001498 ], [ 324126.133945377718192, 2049632.406102766981348 ], [ 324100.524047040904406, 2049606.795411913190037 ], [ 324100.524047040904406, 2049486.77669961610809 ], [ 324040.51654786785366, 2049426.767343467567116 ], [ 324040.51654786785366, 2049387.974498653318733 ], [ 324001.724903488880955, 2049387.974498653318733 ], [ 323976.115197445207741, 2049362.364000098779798 ], [ 323950.505299108393956, 2049336.753309244988486 ], [ 323950.505299108393956, 2049207.946430207695812 ], [ 323911.713654729363043, 2049207.946430207695812 ], [ 323890.49779993534321, 2049186.729918873636052 ], [ 323890.49779993534321, 2049126.720562725327909 ], [ 323860.494050348876044, 2049096.715884651057422 ], [ 323860.494050348876044, 2049057.923039836576208 ], [ 323821.702405969903339, 2049057.923039836576208 ], [ 323796.092699926288333, 2049032.312541282037273 ], [ 323770.482801589358132, 2049006.701850428245962 ], [ 323770.482801589358132, 2048976.697172353975475 ], [ 323740.479052002832759, 2048946.692494279704988 ], [ 323740.479052002832759, 2048916.687816205434501 ], [ 323710.475302416365594, 2048886.683138131164014 ], [ 323710.475302416365594, 2048826.673781982855871 ], [ 323680.471552829840221, 2048796.669103908585384 ], [ 323680.471552829840221, 2048766.664425834314898 ], [ 323646.073951993661467, 2048732.265760539565235 ], [ 323611.67615886440035, 2048697.866902945563197 ], [ 323491.661160518357065, 2048697.866902945563197 ], [ 323470.445305724337231, 2048676.650391611503437 ], [ 323470.445305724337231, 2048646.64571353723295 ], [ 323440.441556137811858, 2048616.641035462962463 ], [ 323440.441556137811858, 2048586.636357388691977 ], [ 323410.437806551286485, 2048556.63167931465432 ], [ 323410.437806551286485, 2048517.838834500173107 ], [ 323371.64616217231378, 2048517.838834500173107 ], [ 323341.642412585788406, 2048487.83415642590262 ], [ 323311.638662999321241, 2048487.83415642590262 ], [ 323260.419058618776035, 2048436.612967017572373 ], [ 323260.419058618776035, 2048406.608288943301886 ], [ 323230.415309032308869, 2048376.603610869031399 ], [ 323230.415309032308869, 2048346.598932794760913 ], [ 323200.411559445783496, 2048316.594254720490426 ], [ 323200.411559445783496, 2048256.584898572182283 ], [ 323170.407809859258123, 2048226.580220497911796 ], [ 323170.407809859258123, 2048187.787375683430582 ], [ 323011.60116713430034, 2048187.787375683430582 ], [ 322990.385312340280507, 2048166.570864349370822 ], [ 322990.385312340280507, 2048127.778019534889609 ], [ 322951.593667961249594, 2048127.778019534889609 ], [ 322921.58991837472422, 2048097.773341460619122 ], [ 322891.586168788257055, 2048097.773341460619122 ], [ 322861.582419201731682, 2048067.768663386348635 ], [ 322831.578669615264516, 2048067.768663386348635 ], [ 322801.574920028739143, 2048037.763985312078148 ], [ 322741.567420855746605, 2048037.763985312078148 ], [ 322711.563671269221231, 2048007.759307237807661 ], [ 322681.559921682695858, 2048007.759307237807661 ], [ 322651.556172096170485, 2047977.754629163770005 ], [ 322621.552422509761527, 2047977.754629163770005 ], [ 322591.548672923294362, 2047947.749951089499518 ], [ 322501.537424163718242, 2047947.749951089499518 ], [ 322471.533674577192869, 2047917.745273015229031 ], [ 322411.52617540420033, 2047917.745273015229031 ], [ 322385.916469360527117, 2047892.134774460690096 ], [ 322355.912719774118159, 2047862.130096386419609 ], [ 322321.514926644682419, 2047827.731238792417571 ], [ 322291.511177058215253, 2047827.731238792417571 ], [ 322261.507427471748088, 2047797.726560718147084 ], [ 322171.496178712171968, 2047797.726560718147084 ], [ 322145.886472668498755, 2047772.116062163608149 ], [ 322120.276574331684969, 2047746.505371309816837 ], [ 322120.276574331684969, 2047716.500693235779181 ], [ 322090.272824745159596, 2047686.496015161508694 ], [ 322090.272824745159596, 2047656.491337087238207 ], [ 322051.481180366128683, 2047617.698492272756994 ], [ 321931.466182020143606, 2047617.698492272756994 ], [ 321905.856475976470392, 2047592.087993718218058 ], [ 321875.852726390061434, 2047562.083315643947572 ], [ 321850.242828053131234, 2047536.47262479015626 ], [ 321850.242828053131234, 2047506.467946715885773 ], [ 321820.239078466605861, 2047476.463268641615286 ], [ 321820.239078466605861, 2047437.670423827134073 ], [ 321781.447434087574948, 2047437.670423827134073 ], [ 321755.837728043959942, 2047412.059925272827968 ], [ 321725.833978457550984, 2047382.055247198557481 ], [ 321700.224080120620783, 2047356.44455634476617 ], [ 321700.224080120620783, 2047326.439878270495683 ], [ 321670.22033053409541, 2047296.435200196225196 ], [ 321670.22033053409541, 2047257.642355381743982 ], [ 321541.417437395604793, 2047257.642355381743982 ], [ 321490.197833015059587, 2047206.421165973413736 ], [ 321490.197833015059587, 2047176.416487899143249 ], [ 321460.194083428592421, 2047146.411809825105593 ], [ 321460.194083428592421, 2047107.618965010624379 ], [ 321421.402439049619716, 2047107.618965010624379 ], [ 321391.39868946315255, 2047077.614286936353892 ], [ 321361.394939876568969, 2047077.614286936353892 ], [ 321335.785233832895756, 2047052.003788381814957 ], [ 321305.781484246486798, 2047021.99911030754447 ], [ 321271.383691117051058, 2046987.600252713542432 ], [ 321241.379941530583892, 2046987.600252713542432 ], [ 321211.376191944058519, 2046957.595574639271945 ], [ 321151.36869277106598, 2046957.595574639271945 ], [ 321095.755237140867393, 2046901.980398010462523 ], [ 321061.357444011606276, 2046867.581540416460484 ], [ 321031.353694424964488, 2046867.581540416460484 ], [ 321005.743988381349482, 2046841.971041862154379 ], [ 320971.346195252088364, 2046807.572184268152341 ], [ 320941.342445665562991, 2046807.572184268152341 ], [ 320920.126590871543158, 2046786.355672934092581 ], [ 320920.126590871543158, 2046756.350994859822094 ], [ 320890.122841285017785, 2046726.346316785551608 ], [ 320890.122841285017785, 2046546.318248340161517 ], [ 320855.725240448839031, 2046511.919583045411855 ], [ 320821.327447319577914, 2046477.520725451409817 ], [ 320791.323697733052541, 2046477.520725451409817 ], [ 320765.713991689437535, 2046451.910226896870881 ], [ 320710.100343765981961, 2046396.294857968809083 ], [ 320710.100343765981961, 2046366.290179894538596 ], [ 320680.096594179514796, 2046336.285501820268109 ], [ 320680.096594179514796, 2046267.48797893174924 ], [ 320611.301200214016717, 2046267.48797893174924 ], [ 320590.085345419996884, 2046246.27146759768948 ], [ 320590.085345419996884, 2046216.266789523418993 ], [ 320521.289951454440597, 2046147.469266634667292 ], [ 320461.282452281506266, 2046147.469266634667292 ], [ 320435.672746237891261, 2046121.858768080128357 ], [ 320410.06284790096106, 2046096.248077226337045 ], [ 320410.06284790096106, 2046066.243399152066559 ], [ 320375.665247064782307, 2046031.844733857316896 ], [ 320350.055348727968521, 2046006.234043003758416 ], [ 320350.055348727968521, 2045976.229364929487929 ], [ 320320.051599141443148, 2045946.224686855217442 ], [ 320320.051599141443148, 2045916.220008780946955 ], [ 320290.047849554975983, 2045886.215330706676468 ], [ 320290.047849554975983, 2045856.210652632405981 ], [ 320221.252455589419696, 2045787.413129743654281 ], [ 320131.241206829959992, 2045787.413129743654281 ], [ 320110.025352035940159, 2045766.196618409594521 ], [ 320110.025352035940159, 2045736.191940335324034 ], [ 320080.021602449414786, 2045706.187262261286378 ], [ 320080.021602449414786, 2045676.182584187015891 ], [ 320045.624001613236032, 2045641.783918892266229 ], [ 320015.620252026827075, 2045611.779240817995742 ], [ 319981.222458897391334, 2045577.380383223993704 ], [ 319951.218709310924169, 2045577.380383223993704 ], [ 319895.605253680725582, 2045521.765206595184281 ], [ 319865.601504094316624, 2045491.760528520913795 ], [ 319839.991605757386424, 2045466.149837667122483 ], [ 319839.991605757386424, 2045337.34295863006264 ], [ 319801.199961378413718, 2045337.34295863006264 ], [ 319745.586505748215131, 2045281.727782001253217 ], [ 319715.582756161806174, 2045251.723103926982731 ], [ 319655.57525698869722, 2045191.713747778441757 ], [ 319621.177463859436102, 2045157.314890184439719 ], [ 319561.169964686268941, 2045157.314890184439719 ], [ 319535.560258642712142, 2045131.704391630133614 ], [ 319505.556509056186769, 2045101.699713555863127 ], [ 319471.158715926925652, 2045067.300855961861089 ], [ 319441.154966340342071, 2045067.300855961861089 ], [ 319411.151216753816698, 2045037.296177887590602 ], [ 319351.143717580882367, 2045037.296177887590602 ], [ 319329.927862786862534, 2045016.079666553530842 ], [ 319329.927862786862534, 2044977.286821739049628 ], [ 319291.13621840783162, 2044977.286821739049628 ], [ 319261.132468821306247, 2044947.282143664779142 ], [ 319141.11747047532117, 2044947.282143664779142 ], [ 319115.507764431647956, 2044921.671645110240206 ], [ 319085.504014845238999, 2044891.666967035969719 ], [ 319051.10622171574505, 2044857.268109442200512 ], [ 318931.091223369818181, 2044857.268109442200512 ], [ 318905.481517326203175, 2044831.657610887661576 ], [ 318871.083724196767434, 2044797.258753293659538 ], [ 318811.076225023774896, 2044797.258753293659538 ], [ 318789.860370229755063, 2044776.042241959599778 ], [ 318789.860370229755063, 2044737.249397145118564 ], [ 318751.068725850782357, 2044737.249397145118564 ], [ 318729.852871056762524, 2044716.032885811058804 ], [ 318729.852871056762524, 2044686.028207736788318 ], [ 318695.455270220700186, 2044651.629542442038655 ], [ 318669.845371883769985, 2044626.018851588247344 ], [ 318669.845371883769985, 2044596.014173513976857 ], [ 318639.841622297244612, 2044566.009495439939201 ], [ 318639.841622297244612, 2044536.004817365668714 ], [ 318609.837872710777447, 2044506.000139291398227 ], [ 318609.837872710777447, 2044475.99546121712774 ], [ 318545.43652228807332, 2044411.592117848107591 ], [ 318519.826623951259535, 2044385.98142699431628 ], [ 318519.826623951259535, 2044347.188582179835066 ], [ 318481.034979572228622, 2044347.188582179835066 ], [ 318459.819124778208788, 2044325.972070845775306 ], [ 318459.819124778208788, 2044145.944002400385216 ], [ 318429.815375191741623, 2044115.939324326114729 ], [ 318429.815375191741623, 2044085.934646251844242 ], [ 318395.417774355562869, 2044051.53598095709458 ], [ 318365.414024769153912, 2044021.531302882824093 ], [ 318339.804126432223711, 2043995.920612029265612 ], [ 318339.804126432223711, 2043965.915933954995126 ], [ 318309.800376845698338, 2043935.911255880724639 ], [ 318309.800376845698338, 2043875.901899732183665 ], [ 318279.796627259231173, 2043845.897221657913178 ], [ 318279.796627259231173, 2043635.864475138252601 ], [ 318249.792877672705799, 2043605.859797063982114 ], [ 318249.792877672705799, 2043438.259608968626708 ], [ 318279.796627259231173, 2043408.254930894356221 ], [ 318279.796627259231173, 2043378.250252820085734 ], [ 318305.406525596103165, 2043352.639561966294423 ], [ 318339.804126432223711, 2043318.24089667154476 ], [ 318339.804126432223711, 2043258.231540523003787 ], [ 318369.807876018749084, 2043228.2268624487333 ], [ 318369.807876018749084, 2043078.203472077613696 ], [ 318395.417774355621077, 2043052.592781223822385 ], [ 318425.421523942088243, 2043022.588103149551898 ], [ 318455.425273528613616, 2042992.583425075281411 ], [ 318519.826623951259535, 2042928.180081706261262 ], [ 318519.826623951259535, 2042898.175403631990775 ], [ 318549.8303735377267, 2042868.170725557953119 ], [ 318549.8303735377267, 2042838.166047483682632 ], [ 318571.046228331746534, 2042816.949536149622872 ], [ 318609.837872710777447, 2042816.949536149622872 ], [ 318609.837872710777447, 2042778.156691335141659 ], [ 318635.447771047649439, 2042752.546000481350347 ], [ 318699.849121470295358, 2042688.142657112330198 ], [ 318699.849121470295358, 2042525.691386391175911 ], [ 318669.845371883769985, 2042495.686708316905424 ], [ 318669.845371883769985, 2042405.672674094093964 ], [ 318639.841622297244612, 2042375.667996019823477 ], [ 318639.841622297244612, 2042315.658639871282503 ], [ 318605.444021461124066, 2042281.259974576765671 ], [ 318549.8303735377267, 2042225.644605648703873 ], [ 318549.8303735377267, 2042195.639927574433386 ], [ 318519.826623951259535, 2042165.635249500162899 ], [ 318519.826623951259535, 2042066.833048537140712 ], [ 318391.023730812768918, 2042066.833048537140712 ], [ 318365.414024769153912, 2042041.222549982601777 ], [ 318339.804126432223711, 2042015.611859129043296 ], [ 318339.804126432223711, 2041955.602502980502322 ], [ 318305.406525596044958, 2041921.20383768575266 ], [ 318279.796627259231173, 2041895.593146831961349 ], [ 318279.796627259231173, 2041865.588468757690862 ], [ 318249.792877672705799, 2041835.583790683420375 ], [ 318249.792877672705799, 2041805.579112609149888 ], [ 318215.395276836643461, 2041771.180447314400226 ], [ 318189.785378499713261, 2041745.569756460608914 ], [ 318189.785378499713261, 2041715.565078386571258 ], [ 318159.781628913187888, 2041685.560400312300771 ], [ 318159.781628913187888, 2041445.522975718369707 ], [ 318125.384028077125549, 2041411.124310423620045 ], [ 318090.986234947689809, 2041376.725452829618007 ], [ 318060.982485361222643, 2041376.725452829618007 ], [ 318030.978735774755478, 2041346.72077475534752 ], [ 318000.974986188171897, 2041346.72077475534752 ], [ 317975.365280144498684, 2041321.110276200808585 ], [ 317945.361530558089726, 2041291.105598126538098 ], [ 317915.357780971506145, 2041261.100920052267611 ], [ 317885.354031385097187, 2041231.096241977997124 ], [ 317850.956238255661447, 2041196.697384383995086 ], [ 317550.918742390582338, 2041196.697384383995086 ], [ 317520.914992804056965, 2041166.69270630995743 ], [ 317310.888745698612183, 2041166.69270630995743 ], [ 317280.88499611208681, 2041136.688028235686943 ], [ 317250.881246525619645, 2041136.688028235686943 ], [ 317229.665391731599811, 2041115.471516901627183 ], [ 317229.665391731599811, 2041085.466838827356696 ], [ 317199.661642145074438, 2041055.462160753086209 ], [ 317199.661642145074438, 2040986.664637864334509 ], [ 317100.862498593109194, 2040986.664637864334509 ], [ 317075.252792549494188, 2040961.054139309795573 ], [ 317019.639144626038615, 2040905.438770381733775 ], [ 317019.639144626038615, 2040845.429414233425632 ], [ 316989.635395039571449, 2040815.424736159155145 ], [ 316989.635395039571449, 2040776.631891344673932 ], [ 316950.843750660598744, 2040776.631891344673932 ], [ 316920.840001074131578, 2040746.627213270403445 ], [ 316830.828752314555459, 2040746.627213270403445 ], [ 316800.825002728030086, 2040716.622535196132958 ], [ 316770.82125314156292, 2040716.622535196132958 ], [ 316740.817503555037547, 2040686.617857121862471 ], [ 316710.813753968570381, 2040686.617857121862471 ], [ 316685.204047924955375, 2040661.007358567323536 ], [ 316650.806254795519635, 2040626.608500973321497 ], [ 316359.556189479131717, 2040626.608500973321497 ], [ 316359.556189479131717, 2040695.406023862073198 ], [ 316338.340334685111884, 2040716.622535196132958 ], [ 315930.716264719434548, 2040716.622535196132958 ], [ 315905.106558675761335, 2040691.012036641594023 ], [ 315879.496660338947549, 2040665.401345787802711 ], [ 315879.496660338947549, 2040626.608500973321497 ], [ 315588.246595022501424, 2040626.608500973321497 ], [ 315558.242845436034258, 2040656.613179047591984 ], [ 315450.656271335377824, 2040656.613179047591984 ], [ 315420.65252174885245, 2040626.608500973321497 ], [ 315360.645022575801704, 2040626.608500973321497 ], [ 315335.035316532244906, 2040600.998002419015393 ], [ 315300.637523402867373, 2040566.599144825013354 ], [ 315270.633773816400208, 2040566.599144825013354 ], [ 315245.024067772785202, 2040540.988646270474419 ], [ 315210.626274643349461, 2040506.589788676472381 ], [ 315048.179102465510368, 2040506.589788676472381 ], [ 315018.175352878984995, 2040536.594466750742868 ], [ 314988.17160329251783, 2040536.594466750742868 ], [ 314949.379958913486917, 2040575.387311565224081 ], [ 314949.379958913486917, 2040617.819869989529252 ], [ 314979.38370850001229, 2040647.824548063566908 ], [ 314979.38370850001229, 2040725.410701936343685 ], [ 314923.770060576614924, 2040781.026070864405483 ], [ 314889.372459740494378, 2040815.424736159155145 ], [ 314889.372459740494378, 2040845.429414233425632 ], [ 314859.368710153969005, 2040875.434092307696119 ], [ 314859.368710153969005, 2041037.885363028850406 ], [ 314889.372459740494378, 2041067.890041103120893 ], [ 314889.372459740494378, 2041385.513619569828734 ], [ 314868.156604946474545, 2041406.730130903888494 ], [ 314790.573780432343483, 2041406.730130903888494 ], [ 314760.570030845876317, 2041376.725452829618007 ], [ 314670.558782086300198, 2041376.725452829618007 ], [ 314640.555032499774825, 2041346.72077475534752 ], [ 314478.107860321935732, 2041346.72077475534752 ], [ 314443.710067192558199, 2041381.119632349349558 ], [ 314413.706317606032826, 2041411.124310423620045 ], [ 314383.702568019565661, 2041441.128988497890532 ], [ 314358.092861976008862, 2041466.739487052196637 ], [ 314328.089112389425281, 2041466.739487052196637 ], [ 314298.085362802899908, 2041496.744165126467124 ], [ 314268.081613216432743, 2041496.744165126467124 ], [ 314238.07786362990737, 2041526.74884320073761 ], [ 314208.074114043440204, 2041526.74884320073761 ], [ 314178.070364456914831, 2041556.753521275008097 ], [ 313830.453793664230034, 2041556.753521275008097 ], [ 313809.237938870210201, 2041535.537009940948337 ], [ 313809.237938870210201, 2041115.471516901627183 ], [ 313779.234189283684827, 2041085.466838827356696 ], [ 313779.234189283684827, 2041055.462160753086209 ], [ 313749.230439697217662, 2041025.457482678815722 ], [ 313749.230439697217662, 2040986.664637864334509 ], [ 313710.438795318186749, 2040986.664637864334509 ], [ 313680.435045731661376, 2040956.659959790064022 ], [ 313590.423796972201671, 2040956.659959790064022 ], [ 313560.420047385734506, 2040926.655281715793535 ], [ 313470.408798626158386, 2040926.655281715793535 ], [ 313440.405049039633013, 2040896.650603641523048 ], [ 313410.40129945310764, 2040896.650603641523048 ], [ 313384.791593409492634, 2040871.040105087216944 ], [ 313354.787843822967261, 2040841.035427012946457 ], [ 313320.390050693706144, 2040806.636569418944418 ], [ 313290.38630110718077, 2040806.636569418944418 ], [ 313264.776595063565765, 2040781.026070864405483 ], [ 313230.378801934130024, 2040746.627213270403445 ], [ 313200.375052347662859, 2040746.627213270403445 ], [ 313170.371302761195693, 2040716.622535196132958 ], [ 312977.920380996773019, 2040716.622535196132958 ], [ 312947.916631410247646, 2040746.627213270403445 ], [ 312647.879135545226745, 2040746.627213270403445 ], [ 312617.875385958701372, 2040776.631891344673932 ], [ 312450.281312685052399, 2040776.631891344673932 ], [ 312420.277563098527025, 2040746.627213270403445 ], [ 312287.834140507213306, 2040746.627213270403445 ], [ 312227.826641334162559, 2040806.636569418944418 ], [ 312197.822891747695394, 2040806.636569418944418 ], [ 312167.819142161170021, 2040836.641247493214905 ], [ 312137.81539257458644, 2040836.641247493214905 ], [ 312107.811642988119274, 2040866.645925567485392 ], [ 312017.800394228717778, 2040866.645925567485392 ], [ 311983.402601099282037, 2040901.0447831612546 ], [ 311957.792895055608824, 2040926.655281715793535 ], [ 311760.195072195492685, 2040926.655281715793535 ], [ 311730.191322609025519, 2040896.650603641523048 ], [ 311597.747900017537177, 2040896.650603641523048 ], [ 311563.350106888217852, 2040931.049461235525087 ], [ 311537.740400844602846, 2040956.659959790064022 ], [ 311507.736651258019265, 2040956.659959790064022 ], [ 311477.732901671552099, 2040986.664637864334509 ], [ 311447.729152085084934, 2040986.664637864334509 ], [ 311413.331358955707401, 2041021.063495458336547 ], [ 311383.327609369182028, 2041051.068173532607034 ], [ 311357.717903325567022, 2041076.678672087145969 ], [ 311250.131329224910587, 2041076.678672087145969 ], [ 311220.127579638385214, 2041046.673994012875482 ], [ 311147.691656220064033, 2041046.673994012875482 ], [ 311117.68790663353866, 2041076.678672087145969 ], [ 311078.896262254565954, 2041076.678672087145969 ], [ 311078.896262254565954, 2041115.471516901627183 ], [ 311027.676657874020748, 2041166.69270630995743 ], [ 310958.881263908522669, 2041166.69270630995743 ], [ 310958.881263908522669, 2041205.485551124205813 ], [ 310928.877514321997296, 2041235.4902291984763 ], [ 310928.877514321997296, 2041397.941499919863418 ], [ 310958.881263908522669, 2041427.946177994133905 ], [ 310958.881263908522669, 2041835.583790683420375 ], [ 310928.877514321997296, 2041865.588468757690862 ], [ 310928.877514321997296, 2042015.611859129043296 ], [ 310903.267615985183511, 2042041.222549982601777 ], [ 310868.870015149004757, 2042075.621215277351439 ], [ 310868.870015149004757, 2042255.64928372297436 ], [ 310838.866265562537592, 2042285.653961797244847 ], [ 310838.866265562537592, 2042315.658639871282503 ], [ 310783.252617639140226, 2042371.274008799344301 ], [ 310748.85501680301968, 2042405.672674094093964 ], [ 310748.85501680301968, 2042435.67735216836445 ], [ 310723.245118466147687, 2042461.288043022155762 ], [ 310693.241368879622314, 2042491.292721096426249 ], [ 310633.233869706629775, 2042551.302077244967222 ], [ 310603.230120120104402, 2042581.306755319237709 ], [ 310573.226370533637237, 2042611.311433393275365 ], [ 310538.828769697458483, 2042645.710098688025028 ], [ 310538.828769697458483, 2042675.714776762295514 ], [ 310508.825020110991318, 2042705.719454836566001 ], [ 310508.825020110991318, 2042735.724132910836488 ], [ 310453.211372187593952, 2042791.339501838898286 ], [ 310423.207622601068579, 2042821.344179913168773 ], [ 310393.203873014601413, 2042851.34885798743926 ], [ 310367.594166971044615, 2042876.959356541745365 ], [ 310127.564170278958045, 2042876.959356541745365 ], [ 310067.556671105907299, 2042936.968712690286338 ], [ 310028.765026726934593, 2042936.968712690286338 ], [ 310028.765026726934593, 2042975.761557504767552 ], [ 309998.76127714040922, 2043005.766235579038039 ], [ 309998.76127714040922, 2043035.770913653308526 ], [ 309968.757527553883847, 2043065.775591727579013 ], [ 309968.757527553883847, 2043125.784947876119986 ], [ 309938.753777967416681, 2043155.789625950390473 ], [ 309938.753777967416681, 2043425.831728618592024 ], [ 309913.143879630544689, 2043451.442419472150505 ], [ 309887.534173586871475, 2043477.05291802668944 ], [ 309749.943849899747875, 2043477.05291802668944 ], [ 309719.940100313222501, 2043447.048239952418953 ], [ 309659.932601140171755, 2043447.048239952418953 ], [ 309629.928851553646382, 2043417.043561878381297 ], [ 309599.925101967237424, 2043417.043561878381297 ], [ 309569.921352380770259, 2043387.03888380411081 ], [ 309539.917602794244885, 2043387.03888380411081 ], [ 309509.91385320777772, 2043357.034205729840323 ], [ 309479.910103621194139, 2043357.034205729840323 ], [ 309449.906354034668766, 2043327.029527655569836 ], [ 309419.9026044482016, 2043327.029527655569836 ], [ 309389.898854861676227, 2043297.02484958129935 ], [ 309329.891355688683689, 2043297.02484958129935 ], [ 309299.887606102158315, 2043267.020171507028863 ], [ 309239.880106929165777, 2043267.020171507028863 ], [ 309209.876357342640404, 2043237.015493432758376 ], [ 309149.868858169647865, 2043237.015493432758376 ], [ 309119.865108583122492, 2043207.010815358487889 ], [ 308888.62254243978532, 2043207.010815358487889 ], [ 308888.62254243978532, 2043275.80833824723959 ], [ 308858.618792853259947, 2043305.813016321510077 ], [ 308858.618792853259947, 2043365.82237247005105 ], [ 308828.615043266792782, 2043395.827050544321537 ], [ 308828.615043266792782, 2043455.83640669262968 ], [ 308798.611293680267408, 2043485.841084766900167 ], [ 308798.611293680267408, 2043515.845762841170654 ], [ 308768.607544093800243, 2043545.850440915441141 ], [ 308768.607544093800243, 2044077.146015267819166 ], [ 308807.399188472772948, 2044077.146015267819166 ], [ 308828.615043266792782, 2044098.362526601878926 ], [ 308828.615043266792782, 2044128.367204676149413 ], [ 308858.618792853259947, 2044158.3718827504199 ], [ 308858.618792853259947, 2044218.381238898960873 ], [ 308888.62254243978532, 2044248.38591697323136 ], [ 308888.62254243978532, 2044415.986105068586767 ], [ 308858.618792853259947, 2044445.990783142857254 ], [ 308858.618792853259947, 2044475.99546121712774 ], [ 308828.615043266792782, 2044506.000139291398227 ], [ 308828.615043266792782, 2044536.004817365668714 ], [ 308798.611293680267408, 2044566.009495439939201 ], [ 308798.611293680267408, 2044926.065632330719382 ], [ 308768.607544093800243, 2044956.070310404989868 ], [ 308768.607544093800243, 2045046.084344627801329 ], [ 308738.60379450727487, 2045076.089022702071816 ], [ 308738.60379450727487, 2045256.117091147461906 ], [ 308708.600044920749497, 2045286.121769221732393 ], [ 308708.600044920749497, 2045586.168549964204431 ], [ 308678.596295334282331, 2045616.173228038474917 ], [ 308678.596295334282331, 2045706.187262261286378 ], [ 308652.986396997410338, 2045731.797953114844859 ], [ 308622.982647410884965, 2045761.802631189115345 ], [ 308592.978897824359592, 2045791.807309263385832 ], [ 308562.975148237892427, 2045821.811987337656319 ], [ 308537.365442194219213, 2045847.422485892195255 ], [ 308507.361692607752047, 2045847.422485892195255 ], [ 308472.963899478374515, 2045881.821343486197293 ], [ 308447.354193434701301, 2045907.431842040736228 ], [ 308417.350443848234136, 2045907.431842040736228 ], [ 308387.346694261708762, 2045937.436520115006715 ], [ 308267.331695915723685, 2045937.436520115006715 ], [ 308237.327946329198312, 2045967.441198189277202 ], [ 308207.324196742731147, 2045967.441198189277202 ], [ 308168.532552363700233, 2046006.234043003758416 ], [ 308168.532552363700233, 2046036.238721077796072 ], [ 308138.528802777233068, 2046066.243399152066559 ], [ 308138.528802777233068, 2046096.248077226337045 ], [ 308108.525053190707695, 2046126.252755300607532 ], [ 308108.525053190707695, 2046426.29953604307957 ], [ 308078.521303604182322, 2046456.304214117350057 ], [ 308078.521303604182322, 2046726.346316785551608 ], [ 308048.517554017715156, 2046756.350994859822094 ], [ 308048.517554017715156, 2046876.369707156671211 ], [ 308018.513804431189783, 2046906.374385230941698 ], [ 308018.513804431189783, 2046996.388419453753158 ], [ 307988.51005484466441, 2047026.393097528023645 ], [ 307988.51005484466441, 2047368.872436694800854 ], [ 308018.513804431189783, 2047398.877114769071341 ], [ 308018.513804431189783, 2047608.909861288731918 ], [ 308048.517554017715156, 2047638.914539363002405 ], [ 308048.517554017715156, 2047848.947285882662982 ], [ 308078.521303604182322, 2047878.951963956933469 ], [ 308078.521303604182322, 2047986.542795903980732 ], [ 308048.517554017715156, 2048016.547473978018388 ], [ 308048.517554017715156, 2048046.552152052288875 ], [ 308018.513804431189783, 2048076.556830126559362 ], [ 308018.513804431189783, 2048106.561508200829849 ], [ 307988.51005484466441, 2048136.566186275100335 ], [ 307988.51005484466441, 2048479.045525441877544 ], [ 308018.513804431189783, 2048509.050203516148031 ], [ 308018.513804431189783, 2048599.064237738726661 ], [ 308048.517554017715156, 2048629.068915812997147 ], [ 308048.517554017715156, 2048659.073593887267634 ], [ 308082.915154853777494, 2048693.472259182017297 ], [ 308108.525053190707695, 2048719.082950035808608 ], [ 308108.525053190707695, 2048749.087628110079095 ], [ 308142.922654026886448, 2048783.486293404828757 ], [ 308177.320447156147566, 2048817.885150998830795 ], [ 308207.324196742672939, 2048817.885150998830795 ], [ 308237.327946329140104, 2048847.889829073101282 ], [ 308267.331695915781893, 2048847.889829073101282 ], [ 308297.335445502307266, 2048877.894507147138938 ], [ 308357.342944675183389, 2048877.894507147138938 ], [ 308382.952650718798395, 2048903.505005701677874 ], [ 308408.562549055728596, 2048929.115696555469185 ], [ 308408.562549055728596, 2048959.120374629739672 ], [ 308438.566298642253969, 2048989.125052704010159 ], [ 308438.566298642253969, 2049049.134408852551132 ], [ 308472.963899478316307, 2049083.533074147300795 ], [ 308498.573797815246508, 2049109.143765001092106 ], [ 308498.573797815246508, 2049306.748631170717999 ], [ 308468.570048228721134, 2049336.753309244988486 ], [ 308468.570048228721134, 2049829.256038782885298 ], [ 308492.360049929236993, 2049853.046776682138443 ], [ 308468.570048228721134, 2049876.837514581391588 ], [ 308468.570048228721134, 2049966.851548804203048 ], [ 308438.566298642253969, 2049996.856226878240705 ], [ 308438.566298642253969, 2050069.293463376816362 ], [ 308468.570048228721134, 2050099.298141451086849 ], [ 308468.570048228721134, 2050129.302819525357336 ], [ 308532.971398651425261, 2050193.706162894377485 ], [ 308558.581296988239046, 2050219.316853748168796 ], [ 308558.581296988239046, 2050399.344922193558887 ], [ 308597.372941367269959, 2050438.1377670080401 ], [ 308999.850110237137415, 2050438.1377670080401 ], [ 309029.853859823662788, 2050408.133088933769614 ], [ 309047.429185164801311, 2050408.133088933769614 ], [ 309068.645039958821144, 2050429.349600267829373 ], [ 309068.645039958821144, 2050459.35427834209986 ], [ 309103.042640794883482, 2050493.752943636849523 ], [ 309128.652539131813683, 2050519.363634490640834 ], [ 309128.652539131813683, 2050729.396381010301411 ], [ 309163.050139967992436, 2050763.795046305051073 ], [ 309193.053889554401394, 2050793.79972437932156 ], [ 309253.061388727510348, 2050853.809080527862534 ], [ 309278.671287064324133, 2050879.419771381421015 ], [ 309278.671287064324133, 2050918.212616195902228 ], [ 309317.462931443296839, 2050918.212616195902228 ], [ 309338.678786237316672, 2050939.429127529961988 ], [ 309338.678786237316672, 2050969.433805604232475 ], [ 309377.470430616347585, 2051008.226650418713689 ], [ 309467.481679375865497, 2051008.226650418713689 ], [ 309493.09138541953871, 2051033.837148973252624 ], [ 309523.095135005947668, 2051063.841827047523111 ], [ 309553.098884592531249, 2051093.846505121793598 ], [ 309578.708782929345034, 2051119.457195975584909 ], [ 309578.708782929345034, 2051149.461874049622566 ], [ 309638.71628210239578, 2051209.471230198163539 ], [ 309638.71628210239578, 2051779.560113608837128 ], [ 309668.720031688862946, 2051809.564791683107615 ], [ 309668.720031688862946, 2052139.616250499850139 ], [ 309698.723781275388319, 2052169.620928574120626 ], [ 309698.723781275388319, 2052418.446519908262417 ], [ 309767.519175240886398, 2052418.446519908262417 ], [ 309793.128881284559611, 2052444.057018462801352 ], [ 309818.738779621373396, 2052469.667709316592664 ], [ 309818.738779621373396, 2052499.67238739086315 ], [ 309848.74252920789877, 2052529.677065465133637 ], [ 309848.74252920789877, 2052559.681743539171293 ], [ 309883.140130044077523, 2052594.080408833920956 ], [ 309913.143879630486481, 2052624.085086908191442 ], [ 309943.147629217070062, 2052654.089764982461929 ], [ 309977.545422346331179, 2052688.488622576463968 ], [ 310007.54917193291476, 2052688.488622576463968 ], [ 310037.552921519440133, 2052718.493300650734454 ], [ 310200.000093697279226, 2052718.493300650734454 ], [ 310234.397886826656759, 2052684.094443056732416 ], [ 310260.007592870329972, 2052658.483944502193481 ], [ 310290.011342456855346, 2052658.483944502193481 ], [ 310320.015092043322511, 2052628.479266427922994 ], [ 310380.022591216373257, 2052628.479266427922994 ], [ 310410.026340802840423, 2052598.474588353652507 ], [ 310427.601666143920738, 2052598.474588353652507 ], [ 310453.211372187535744, 2052624.085086908191442 ], [ 310487.609165316971485, 2052658.483944502193481 ], [ 310517.61291490343865, 2052658.483944502193481 ], [ 310543.222620947053656, 2052684.094443056732416 ], [ 310603.23012012016261, 2052744.10379920527339 ], [ 310633.233869706571568, 2052774.108477279543877 ], [ 310667.631662836007308, 2052808.507334873545915 ], [ 310697.635412422474474, 2052808.507334873545915 ], [ 310723.24511846608948, 2052834.11783342808485 ], [ 310757.642911595583428, 2052868.516691021854058 ], [ 310787.646661181992386, 2052868.516691021854058 ], [ 310817.650410768517759, 2052898.521369096124545 ], [ 311010.101332532940432, 2052898.521369096124545 ], [ 311040.105082119407598, 2052868.516691021854058 ], [ 311100.112581292341929, 2052868.516691021854058 ], [ 311134.510374421719462, 2052834.11783342808485 ], [ 311160.120080465392675, 2052808.507334873545915 ], [ 311190.123830051976256, 2052808.507334873545915 ], [ 311224.521623181295581, 2052774.108477279543877 ], [ 311254.525372767762747, 2052744.10379920527339 ], [ 311284.52912235428812, 2052714.099121131002903 ], [ 311310.138828397903126, 2052688.488622576463968 ], [ 311340.142577984486707, 2052688.488622576463968 ], [ 311370.146327570953872, 2052658.483944502193481 ], [ 311430.153826743888203, 2052658.483944502193481 ], [ 311460.157576330413576, 2052628.479266427922994 ], [ 311550.168825089931488, 2052628.479266427922994 ], [ 311580.172574676456861, 2052598.474588353652507 ], [ 311627.75164960406255, 2052598.474588353652507 ], [ 311657.755399190529715, 2052628.479266427922994 ], [ 311820.202571368543431, 2052628.479266427922994 ], [ 311850.206320955010597, 2052598.474588353652507 ], [ 311880.21007054153597, 2052598.474588353652507 ], [ 311910.213820128003135, 2052568.46991027938202 ], [ 311970.221319300937466, 2052568.46991027938202 ], [ 312000.225068887404632, 2052538.465232205344364 ], [ 312060.232568060571793, 2052538.465232205344364 ], [ 312090.236317647038959, 2052508.460554131073877 ], [ 312150.24381681997329, 2052508.460554131073877 ], [ 312180.247566406498663, 2052478.45587605680339 ], [ 312300.262564752600156, 2052478.45587605680339 ], [ 312330.266314339067321, 2052448.451197982532904 ], [ 312420.277563098527025, 2052448.451197982532904 ], [ 312450.281312685052399, 2052418.446519908262417 ], [ 312870.333806896058377, 2052418.446519908262417 ], [ 312900.33755648258375, 2052388.44184183399193 ], [ 312917.912881823722273, 2052388.44184183399193 ], [ 312943.522587867337279, 2052414.052340388530865 ], [ 313003.530087040446233, 2052474.061696537071839 ], [ 313033.533836626855191, 2052504.066374611342326 ], [ 313067.931629756290931, 2052538.465232205344364 ], [ 313097.935379342816304, 2052538.465232205344364 ], [ 313127.939128929341678, 2052568.46991027938202 ], [ 313157.942878515750635, 2052568.46991027938202 ], [ 313187.946628102217801, 2052598.474588353652507 ], [ 313247.954127275268547, 2052598.474588353652507 ], [ 313277.957876861735713, 2052628.479266427922994 ], [ 313307.961626448261086, 2052628.479266427922994 ], [ 313337.965376034728251, 2052658.483944502193481 ], [ 313607.999122313340195, 2052658.483944502193481 ], [ 313638.002871899865568, 2052688.488622576463968 ], [ 313668.006621486332733, 2052688.488622576463968 ], [ 313698.010371072858106, 2052718.493300650734454 ], [ 313728.014120659325272, 2052718.493300650734454 ], [ 313758.017870245792437, 2052748.497978725004941 ], [ 313788.021619832317811, 2052748.497978725004941 ], [ 313818.025369418784976, 2052778.502656799275428 ], [ 313848.029119005368557, 2052778.502656799275428 ], [ 313873.63882504904177, 2052804.113155353814363 ], [ 313899.248723385855556, 2052829.723846207605675 ], [ 313899.248723385855556, 2052859.728524281643331 ], [ 313938.040367764886469, 2052898.521369096124545 ], [ 313968.044117351353634, 2052898.521369096124545 ], [ 314023.657572981552221, 2052954.136545724933967 ], [ 314053.661322567961179, 2052984.141223799204454 ], [ 314079.271220904891379, 2053009.751914652995765 ], [ 314079.271220904891379, 2053039.756592727266252 ], [ 314109.274970491416752, 2053069.761270801536739 ], [ 314109.274970491416752, 2053108.554115616017953 ], [ 314148.066614870447665, 2053108.554115616017953 ], [ 314173.676320914062671, 2053134.164614170324057 ], [ 314208.074114043440204, 2053168.563471764326096 ], [ 314238.07786362990737, 2053168.563471764326096 ], [ 314268.081613216432743, 2053198.568149838596582 ], [ 314298.085362802899908, 2053198.568149838596582 ], [ 314328.089112389425281, 2053228.572827912867069 ], [ 314418.100361148884986, 2053228.572827912867069 ], [ 314448.104110735352151, 2053258.577505987137556 ], [ 314790.573780432285275, 2053258.577505987137556 ], [ 314820.577530018810648, 2053228.572827912867069 ], [ 314850.581279605394229, 2053228.572827912867069 ], [ 314880.585029191861395, 2053198.568149838596582 ], [ 314910.588778778386768, 2053198.568149838596582 ], [ 314944.986571907706093, 2053164.169292244594544 ], [ 314979.384172743826639, 2053129.770626949844882 ], [ 314979.384172743826639, 2053099.765948875807226 ], [ 315009.387922330352012, 2053069.761270801536739 ], [ 315009.387922330352012, 2053039.756592727266252 ], [ 315034.997820667224005, 2053014.145901873474941 ], [ 315069.395421503344551, 2052979.747236578725278 ], [ 315069.395421503344551, 2052949.742558504454792 ], [ 315095.005319840216544, 2052924.13186765066348 ], [ 315125.009069426741917, 2052894.127189576392993 ], [ 315150.618775470356923, 2052868.516691021854058 ], [ 315180.62252505676588, 2052868.516691021854058 ], [ 315215.020318186201621, 2052834.11783342808485 ], [ 315240.630024229874834, 2052808.507334873545915 ], [ 315270.633773816342, 2052808.507334873545915 ], [ 315300.637523402867373, 2052778.502656799275428 ], [ 315360.645022575859912, 2052778.502656799275428 ], [ 315390.648772162385285, 2052748.497978725004941 ], [ 315450.656271335377824, 2052748.497978725004941 ], [ 315480.660020921903197, 2052718.493300650734454 ], [ 315510.663770508370362, 2052718.493300650734454 ], [ 315540.667520094895735, 2052688.488622576463968 ], [ 315600.675019267888274, 2052688.488622576463968 ], [ 315630.678768854413647, 2052658.483944502193481 ], [ 315690.686268027406186, 2052658.483944502193481 ], [ 315720.690017613931559, 2052628.479266427922994 ], [ 315750.693767200398725, 2052628.479266427922994 ], [ 315780.697516786924098, 2052598.474588353652507 ], [ 315840.705015959916636, 2052598.474588353652507 ], [ 315870.70876554644201, 2052568.46991027938202 ], [ 315900.712515132850967, 2052568.46991027938202 ], [ 315930.716264719376341, 2052538.465232205344364 ], [ 315990.723763892427087, 2052538.465232205344364 ], [ 316050.731263065477833, 2052478.45587605680339 ], [ 316080.735012651944999, 2052478.45587605680339 ], [ 316115.132805781322531, 2052444.057018462801352 ], [ 316140.742511824995745, 2052418.446519908262417 ], [ 316170.74626141146291, 2052418.446519908262417 ], [ 316205.144054540840443, 2052384.047662314260378 ], [ 316230.753760584513657, 2052358.437163759721443 ], [ 316260.757510170980822, 2052358.437163759721443 ], [ 316295.155303300358355, 2052324.038306165719405 ], [ 316320.765009344031569, 2052298.427807611180469 ], [ 316350.768758930440526, 2052298.427807611180469 ], [ 316385.166552059818059, 2052264.028950017411262 ], [ 316410.776258103491273, 2052238.418451462872326 ], [ 316440.780007690074854, 2052238.418451462872326 ], [ 316470.783757276542019, 2052208.41377338860184 ], [ 316500.787506863067392, 2052208.41377338860184 ], [ 316535.185299992386717, 2052174.014915794599801 ], [ 316560.795006036001723, 2052148.404417240060866 ], [ 316590.798755622585304, 2052148.404417240060866 ], [ 316620.80250520905247, 2052118.399739165790379 ], [ 316650.806254795519635, 2052118.399739165790379 ], [ 316685.204047924897168, 2052084.000881571788341 ], [ 316710.813753968570381, 2052058.390383017249405 ], [ 316740.817503555037547, 2052058.390383017249405 ], [ 316775.21529668441508, 2052023.991525423247367 ], [ 316800.825002727971878, 2051998.381026868941262 ], [ 316830.828752314613666, 2051998.381026868941262 ], [ 316865.226545443932991, 2051963.982169274939224 ], [ 316925.23404461692553, 2051903.97281312639825 ], [ 316955.237794203450903, 2051873.968135052127764 ], [ 316980.847500247065909, 2051848.357636497588828 ], [ 317010.851249833533075, 2051848.357636497588828 ], [ 317075.252792549435981, 2051783.954100829316303 ], [ 317105.256542135961354, 2051753.949422755045816 ], [ 317135.260291722428519, 2051723.944744680775329 ], [ 317169.657892558607273, 2051689.546079386258498 ], [ 317169.657892558607273, 2051659.541401311988011 ], [ 317199.661642145074438, 2051629.536723237717524 ], [ 317199.661642145074438, 2051599.532045163447037 ], [ 317229.665391731599811, 2051569.527367089176551 ], [ 317229.665391731599811, 2051539.522689014906064 ], [ 317259.669141318125185, 2051509.518010940635577 ], [ 317259.669141318125185, 2051479.51333286636509 ], [ 317289.67289090459235, 2051449.508654792094603 ], [ 317289.67289090459235, 2051419.503976718056947 ], [ 317315.282789241464343, 2051393.893285864265636 ], [ 317349.680390077584889, 2051359.494620569515973 ], [ 317349.680390077584889, 2051329.489942495245486 ], [ 317379.684139664110262, 2051299.485264420975 ], [ 317379.684139664110262, 2051269.480586346704513 ], [ 317409.687889250635635, 2051239.475908272434026 ], [ 317409.687889250635635, 2051209.471230198163539 ], [ 317439.691638837102801, 2051179.466552123893052 ], [ 317439.691638837102801, 2051149.461874049622566 ], [ 317469.695388423628174, 2051119.457195975584909 ], [ 317469.695388423628174, 2051089.452517901314422 ], [ 317499.699138010095339, 2051059.447839827043936 ], [ 317499.699138010095339, 2051029.443161752773449 ], [ 317529.702887596620712, 2050999.438483678502962 ], [ 317529.702887596620712, 2050969.433805604232475 ], [ 317559.706637183146086, 2050939.429127529961988 ], [ 317559.706637183146086, 2050909.424449455691501 ], [ 317589.710386769613251, 2050879.419771381421015 ], [ 317589.710386769613251, 2050849.415093307383358 ], [ 317619.714136356138624, 2050819.410415233112872 ], [ 317619.714136356138624, 2050789.405737158842385 ], [ 317645.324034693010617, 2050763.795046305051073 ], [ 317679.721635529131163, 2050729.396381010301411 ], [ 317679.721635529131163, 2050699.391702936030924 ], [ 317739.729134702181909, 2050639.382346787489951 ], [ 317739.729134702181909, 2050609.377668713219464 ], [ 317765.339033039053902, 2050583.766977859428152 ], [ 317799.736633875174448, 2050549.368312564911321 ], [ 317799.736633875174448, 2050519.363634490640834 ], [ 317829.740383461641613, 2050489.358956416370347 ], [ 317829.740383461641613, 2050459.35427834209986 ], [ 317859.744133048166987, 2050429.349600267829373 ], [ 317859.744133048166987, 2050399.344922193558887 ], [ 317889.74788263469236, 2050369.3402441192884 ], [ 317889.74788263469236, 2050309.330887970747426 ], [ 317919.751632221159525, 2050279.32620989670977 ], [ 317919.751632221159525, 2050249.321531822439283 ], [ 317945.361530558031518, 2050223.710840968647972 ], [ 317975.365280144556891, 2050193.706162894377485 ], [ 318000.974986188171897, 2050168.095664339838549 ], [ 318018.55031152931042, 2050168.095664339838549 ], [ 318048.554061115777586, 2050198.100342414109036 ], [ 318721.064976264256984, 2050198.100342414109036 ], [ 318751.068725850782357, 2050168.095664339838549 ], [ 318871.083724196767434, 2050168.095664339838549 ], [ 318901.087473783292808, 2050138.090986265568063 ], [ 318931.091223369759973, 2050138.090986265568063 ], [ 318961.094972956285346, 2050108.086308191297576 ], [ 318991.098722542868927, 2050108.086308191297576 ], [ 319021.102472129336093, 2050078.081630117027089 ], [ 319051.106221715803258, 2050078.081630117027089 ], [ 319081.109971302328631, 2050048.076952042756602 ], [ 319111.113720888795797, 2050048.076952042756602 ], [ 319141.11747047532117, 2050018.072273968486115 ], [ 319171.121220061788335, 2050018.072273968486115 ], [ 319201.124969648255501, 2049988.067595894448459 ], [ 319231.128719234897289, 2049988.067595894448459 ], [ 319261.132468821364455, 2049958.062917820177972 ], [ 319291.13621840783162, 2049958.062917820177972 ], [ 319329.927862786862534, 2049919.270073005696759 ], [ 319329.927862786862534, 2049066.711206576786935 ], [ 319299.92411320033716, 2049036.706528502516448 ], [ 319299.92411320033716, 2048809.096984258620068 ], [ 319329.927862786862534, 2048779.092306184349582 ], [ 319329.927862786862534, 2048659.073593887267634 ], [ 319359.931612373329699, 2048629.068915812997147 ], [ 319359.931612373329699, 2048599.064237738726661 ], [ 319385.541510710201692, 2048573.45354688516818 ], [ 319419.939111546322238, 2048539.054881590418518 ], [ 319419.939111546322238, 2048509.050203516148031 ], [ 319449.942861132847611, 2048479.045525441877544 ], [ 319449.942861132847611, 2048389.031491219066083 ], [ 319479.946610719372984, 2048359.026813144795597 ], [ 319479.946610719372984, 2048239.00810084794648 ], [ 319505.556509056244977, 2048213.397409994155169 ], [ 319535.560258642712142, 2048183.392731919884682 ], [ 319569.957859478832688, 2048148.994066625135019 ], [ 319569.957859478832688, 2048118.989388550864533 ], [ 319625.571507402230054, 2048063.374019622802734 ], [ 319651.181213445903268, 2048037.763521068263799 ], [ 319698.760288373508956, 2048037.763521068263799 ], [ 319724.369994417123962, 2048063.374019622802734 ], [ 319779.983642340579536, 2048118.989388550864533 ], [ 319779.983642340579536, 2048178.998744699405506 ], [ 319814.381243176641874, 2048213.397409994155169 ], [ 319844.384992763225455, 2048243.402088068425655 ], [ 319874.388742349634413, 2048273.406766142696142 ], [ 319904.392491936217993, 2048303.411444216733798 ], [ 319934.396241522743367, 2048333.416122291004285 ], [ 319964.399991109152324, 2048363.420800365274772 ], [ 319994.403740695735905, 2048393.425478439545259 ], [ 320024.407490282144863, 2048423.430156513815746 ], [ 320084.414989455253817, 2048483.439512662356719 ], [ 320114.418739041662775, 2048513.444190736627206 ], [ 320148.816532171098515, 2048547.843048330629244 ], [ 320178.820281757565681, 2048547.843048330629244 ], [ 320208.824031344032846, 2048577.847726404899731 ], [ 320238.827780930674635, 2048577.847726404899731 ], [ 320268.831530517200008, 2048607.852404478937387 ], [ 320328.839029690076131, 2048607.852404478937387 ], [ 320358.842779276543297, 2048637.857082553207874 ], [ 320611.301200213958509, 2048637.857082553207874 ], [ 320645.698993343336042, 2048603.458224959205836 ], [ 320671.308699386951048, 2048577.847726404899731 ], [ 320701.312448973476421, 2048577.847726404899731 ], [ 320765.713991689379327, 2048513.444190736627206 ], [ 320791.323697733052541, 2048487.833692182088271 ], [ 320821.327447319577914, 2048487.833692182088271 ], [ 320855.725240448897239, 2048453.434834588086233 ], [ 320915.732739621889777, 2048393.425478439545259 ], [ 320941.342445665562991, 2048367.814979885006323 ], [ 321018.925270179694053, 2048367.814979885006323 ], [ 321048.929019766219426, 2048397.81965795927681 ], [ 321078.932769352686591, 2048397.81965795927681 ], [ 321108.936518939211965, 2048427.824336033547297 ], [ 321168.944018112204503, 2048427.824336033547297 ], [ 321198.947767698729876, 2048457.829014107817784 ], [ 321228.951517285197042, 2048457.829014107817784 ], [ 321254.561223328812048, 2048483.439512662356719 ], [ 321288.959016458247788, 2048517.838370256358758 ], [ 321318.962766044714954, 2048517.838370256358758 ], [ 321340.178620838734787, 2048539.054881590418518 ], [ 321340.178620838734787, 2048577.847726404899731 ], [ 321378.970265217823908, 2048577.847726404899731 ], [ 321404.579971261380706, 2048603.458224959205836 ], [ 321434.583720847906079, 2048633.462903033476323 ], [ 321464.587470434315037, 2048663.46758110774681 ], [ 321520.201118357770611, 2048719.082950035808608 ], [ 321520.201118357770611, 2048749.087628110079095 ], [ 321550.204867944237776, 2048779.092306184349582 ], [ 321550.204867944237776, 2048809.096984258620068 ], [ 321580.208617530763149, 2048839.101662332890555 ], [ 321580.208617530763149, 2048899.111018481198698 ], [ 321614.606218366941903, 2048933.509683775948361 ], [ 321640.216116703755688, 2048959.120374629739672 ], [ 321640.216116703755688, 2048989.125052704010159 ], [ 321670.219866290281061, 2049019.129730778280646 ], [ 321670.219866290281061, 2049049.134408852551132 ], [ 321704.617467126459815, 2049083.533074147300795 ], [ 321730.2273654632736, 2049109.143765001092106 ], [ 321730.2273654632736, 2049147.93660981557332 ], [ 321769.019009842362721, 2049147.93660981557332 ], [ 321799.022759428829886, 2049177.941287889610976 ], [ 321829.026509015297052, 2049177.941287889610976 ], [ 321859.030258601822425, 2049207.945965963881463 ], [ 321889.03400818828959, 2049207.945965963881463 ], [ 321914.643714231962804, 2049233.556464518420398 ], [ 321944.647463818371762, 2049263.561142592690885 ], [ 322004.654962991480716, 2049323.570498741231859 ], [ 322034.658712577889673, 2049353.575176815502346 ], [ 322090.272360501345247, 2049409.190545743564144 ], [ 322090.272360501345247, 2049649.227970337495208 ], [ 322120.276110087812413, 2049679.232648411765695 ], [ 322120.276110087812413, 2049876.837514581391588 ], [ 322090.272360501345247, 2049906.842192655662075 ], [ 322090.272360501345247, 2049966.851548804203048 ], [ 322060.268610914819874, 2049996.856226878240705 ], [ 322060.268610914819874, 2050056.865583026781678 ], [ 322030.264861328294501, 2050086.870261101052165 ], [ 322030.264861328294501, 2050116.874939175322652 ], [ 322000.261111741827335, 2050146.879617249593139 ], [ 322000.261111741827335, 2050206.888973398134112 ], [ 321970.257362155301962, 2050236.893651472404599 ], [ 321970.257362155301962, 2050296.903007620712742 ], [ 321940.253612568776589, 2050326.907685694983229 ], [ 321940.253612568776589, 2050356.912363769253716 ], [ 321910.249862982309423, 2050386.917041843524203 ], [ 321910.249862982309423, 2050446.926397992065176 ], [ 321880.24611339578405, 2050476.931076066335663 ], [ 321880.24611339578405, 2050506.93575414060615 ], [ 321850.242363809316885, 2050536.940432214876637 ], [ 321850.242363809316885, 2050566.945110288914293 ], [ 321820.238614222791512, 2050596.94978836318478 ], [ 321820.238614222791512, 2050626.954466437455267 ], [ 321790.234864636266138, 2050656.959144511725754 ], [ 321790.234864636266138, 2050686.96382258599624 ], [ 321760.231115049798973, 2050716.968500660266727 ], [ 321760.231115049798973, 2050746.973178734537214 ], [ 321730.2273654632736, 2050776.977856808807701 ], [ 321730.2273654632736, 2050836.987212957348675 ], [ 321700.223615876806434, 2050866.991891031386331 ], [ 321700.223615876806434, 2050896.996569105656818 ], [ 321670.219866290281061, 2050927.001247179927304 ], [ 321670.219866290281061, 2050957.005925254197791 ], [ 321640.216116703755688, 2050987.010603328468278 ], [ 321640.216116703755688, 2051017.015281402738765 ], [ 321610.212367117288522, 2051047.019959477009252 ], [ 321610.212367117288522, 2051077.024637551279739 ], [ 321580.208617530763149, 2051107.029315625550225 ], [ 321580.208617530763149, 2051137.033993699587882 ], [ 321550.204867944237776, 2051167.038671773858368 ], [ 321550.204867944237776, 2051227.048027922399342 ], [ 321520.201118357770611, 2051257.052705996669829 ], [ 321520.201118357770611, 2051347.066740219481289 ], [ 321490.197368771245237, 2051377.071418293751776 ], [ 321490.197368771245237, 2051647.113520961953327 ], [ 321460.193619184719864, 2051677.118199036223814 ], [ 321460.193619184719864, 2052097.183692075544968 ], [ 321430.189869598252699, 2052127.188370149815455 ], [ 321430.189869598252699, 2052289.639640870969743 ], [ 321468.981513977167197, 2052328.432485685450956 ], [ 321498.985263563750777, 2052328.432485685450956 ], [ 321524.594969607423991, 2052354.042984239989892 ], [ 321558.992762736685108, 2052388.44184183399193 ], [ 321588.996512323268689, 2052388.44184183399193 ], [ 321614.606218366941903, 2052414.052340388530865 ], [ 321649.00401149620302, 2052448.451197982532904 ], [ 321679.007761082786601, 2052448.451197982532904 ], [ 321704.617467126459815, 2052474.061696537071839 ], [ 321739.015260255720932, 2052508.460554131073877 ], [ 321769.019009842246305, 2052508.460554131073877 ], [ 321794.628715885861311, 2052534.071052685612813 ], [ 321829.026509015355259, 2052568.46991027938202 ], [ 321859.030258601764217, 2052568.46991027938202 ], [ 321889.034008188231383, 2052598.474588353652507 ], [ 321919.037757774756756, 2052598.474588353652507 ], [ 321944.647463818371762, 2052624.085086908191442 ], [ 322000.261111741827335, 2052679.700455836253241 ], [ 322000.261111741827335, 2052709.705133910523728 ], [ 322030.264861328294501, 2052739.709811984794214 ], [ 322030.264861328294501, 2052829.723846207605675 ], [ 322064.662462164473254, 2052864.122511502122506 ], [ 322094.666211750998627, 2052894.127189576392993 ], [ 322124.669961337407585, 2052924.13186765066348 ], [ 322184.677460510516539, 2052984.141223799204454 ], [ 322214.681210096925497, 2053014.145901873474941 ], [ 322249.079003226361237, 2053048.544759467476979 ], [ 322309.086502399353776, 2053048.544759467476979 ], [ 322334.69620844302699, 2053074.155258022015914 ], [ 322364.699958029435948, 2053104.159936096286401 ], [ 322394.703707616019528, 2053134.164614170324057 ], [ 322424.707457202428486, 2053164.169292244594544 ], [ 322489.1089999183896, 2053228.572827912867069 ], [ 322519.112749504856765, 2053228.572827912867069 ], [ 322570.332353885401972, 2053279.794017321197316 ], [ 322570.332353885401972, 2053318.58686213567853 ], [ 322609.123998264374677, 2053318.58686213567853 ], [ 322630.33985305839451, 2053339.80337346973829 ], [ 322630.33985305839451, 2053369.808051544008777 ], [ 322664.737453894573264, 2053404.206716838758439 ], [ 322690.347352231387049, 2053429.81740769231692 ], [ 322690.347352231387049, 2053459.822085766587406 ], [ 322724.744953067565802, 2053494.220751061337069 ], [ 322750.354851404379588, 2053519.83144191512838 ], [ 322750.354851404379588, 2053549.836119989398867 ], [ 322814.756201827083714, 2053614.239463358419016 ], [ 322844.759951413492672, 2053644.244141432689503 ], [ 322874.763701000076253, 2053674.24881950695999 ], [ 322904.767450586543418, 2053704.253497580997646 ], [ 322939.165243715920951, 2053738.652355174999684 ], [ 322969.168993302388117, 2053738.652355174999684 ], [ 322994.778699346003123, 2053764.26285372953862 ], [ 323020.388597682933323, 2053789.873544583329931 ], [ 323020.388597682933323, 2053819.878222657600418 ], [ 323050.392347269400489, 2053849.882900731870905 ], [ 323050.392347269400489, 2053879.887578806141391 ], [ 323080.396096855925862, 2053909.892256880411878 ], [ 323080.396096855925862, 2054029.910969177260995 ], [ 323110.399846442451235, 2054059.915647251531482 ], [ 323110.399846442451235, 2054509.985818365355954 ], [ 323140.4035960289184, 2054539.99049643962644 ], [ 323140.4035960289184, 2054569.995174513664097 ], [ 323170.407345615443774, 2054599.999852587934583 ], [ 323170.407345615443774, 2054630.00453066220507 ], [ 323200.411095201969147, 2054660.009208736475557 ], [ 323200.411095201969147, 2054690.013886810746044 ], [ 323234.808696038031485, 2054724.412552105495706 ], [ 323294.816195211140439, 2054784.42190825403668 ], [ 323324.819944797549397, 2054814.426586328307167 ], [ 323354.823694384132978, 2054844.431264402344823 ], [ 323384.827443970541935, 2054874.43594247661531 ], [ 323419.225237099977676, 2054908.834800070617348 ], [ 323449.228986686444841, 2054908.834800070617348 ], [ 323474.838692730059847, 2054934.445298625156283 ], [ 323509.236485859495588, 2054968.844156219158322 ], [ 323539.240235445962753, 2054968.844156219158322 ], [ 323569.243985032488126, 2054998.848834293428808 ], [ 323749.26648255152395, 2054998.848834293428808 ], [ 323774.876188595197164, 2055024.459332847967744 ], [ 323809.273981724458281, 2055058.858190441969782 ], [ 323839.277731310983654, 2055058.858190441969782 ], [ 323869.28148089745082, 2055088.862868516240269 ], [ 323929.288980070501566, 2055088.862868516240269 ], [ 323959.292729656968731, 2055118.867546590510756 ], [ 324019.300228830077685, 2055118.867546590510756 ], [ 324049.303978416603059, 2055148.872224664548412 ], [ 324079.307728003012016, 2055148.872224664548412 ], [ 324104.917434046627022, 2055174.482723219087347 ], [ 324164.924933219735976, 2055234.492079367628321 ], [ 324194.928682806144934, 2055264.496757441898808 ], [ 324229.326475935580675, 2055298.895615035900846 ], [ 324259.33022552204784, 2055298.895615035900846 ], [ 324289.333975108515006, 2055328.900293110171333 ], [ 324409.348973454558291, 2055328.900293110171333 ], [ 324439.352723041025456, 2055358.90497118444182 ], [ 324529.363971800601576, 2055358.90497118444182 ], [ 324559.367721387126949, 2055388.909649258712307 ], [ 324649.378970146703068, 2055388.909649258712307 ], [ 324679.382719733170234, 2055418.914327332749963 ], [ 325009.4239651846583, 2055418.914327332749963 ], [ 325035.033671228331514, 2055444.524825887288898 ], [ 325065.037420814740472, 2055474.529503961559385 ], [ 325125.044919987849426, 2055534.538860110100359 ], [ 325155.048669574258383, 2055564.543538184370846 ], [ 325215.056168747367337, 2055624.552894332911819 ], [ 325249.453961876628455, 2055658.951751926913857 ], [ 325279.457711463153828, 2055658.951751926913857 ], [ 325305.067417506768834, 2055684.562250481452793 ], [ 325339.465210636262782, 2055718.961108075222 ], [ 325369.46896022267174, 2055718.961108075222 ], [ 325395.078666266286746, 2055744.571606629760936 ], [ 325425.082415852870326, 2055774.576284704031423 ], [ 325459.480208982131444, 2055808.975142298033461 ], [ 325489.483958568715025, 2055808.975142298033461 ], [ 325510.699813362734858, 2055830.191653632093221 ], [ 325510.699813362734858, 2055890.201009780634195 ], [ 325545.097414198797196, 2055924.599675075383857 ], [ 325575.101163785380777, 2055954.604353149654344 ], [ 325609.498956914816517, 2055989.003210743423551 ], [ 325639.502706501225475, 2055989.003210743423551 ], [ 325660.718561295245308, 2056010.219722077483311 ], [ 325660.718561295245308, 2056040.224400151753798 ], [ 325690.722310881770682, 2056070.229078226024285 ], [ 325690.722310881770682, 2056130.238434374565259 ], [ 325729.513955260685179, 2056169.031279189046472 ], [ 325861.957377852173522, 2056169.031279189046472 ], [ 325891.961127438640688, 2056139.026601114775985 ], [ 325921.964877025166061, 2056139.026601114775985 ], [ 325951.968626611633226, 2056109.021923040505499 ], [ 326131.991124130610842, 2056109.021923040505499 ], [ 326161.994873717136215, 2056079.017244966235012 ], [ 326359.592696577310562, 2056079.017244966235012 ], [ 326385.202402620983776, 2056104.627743520773947 ], [ 326410.812300957797561, 2056130.238434374565259 ], [ 326410.812300957797561, 2056190.247790523106232 ], [ 326440.816050544322934, 2056220.252468597376719 ], [ 326440.816050544322934, 2056340.271180894225836 ], [ 326475.213651380501688, 2056374.669846188975498 ], [ 326500.823549717315473, 2056400.280537042766809 ], [ 326500.823549717315473, 2056469.07805993151851 ], [ 326539.615194096288178, 2056469.07805993151851 ], [ 326569.618943682755344, 2056499.082738005788997 ], [ 326599.622693269338924, 2056499.082738005788997 ], [ 326625.232399313012138, 2056524.693236560327932 ], [ 326655.236148899479304, 2056554.697914634365588 ], [ 326719.637691615382209, 2056619.101450302638113 ], [ 326749.641441201849375, 2056619.101450302638113 ], [ 326805.254896832047962, 2056674.716626931447536 ], [ 326830.864795168861747, 2056700.327317785238847 ], [ 326830.864795168861747, 2056730.331995859509334 ], [ 326865.2623960050405, 2056764.730661154258996 ], [ 326899.660189134301618, 2056799.129518748261034 ], [ 327169.693935412913561, 2056799.129518748261034 ], [ 327195.303641456586774, 2056824.74001730279997 ], [ 327220.91353979340056, 2056850.350708156358451 ], [ 327220.91353979340056, 2056889.143552970839664 ], [ 327259.705184172431473, 2056889.143552970839664 ], [ 327285.314890216104686, 2056914.7540515253786 ], [ 327319.712683345365804, 2056949.152909119380638 ], [ 327349.716432931891177, 2056949.152909119380638 ], [ 327379.720182518358342, 2056979.157587193651125 ], [ 327409.723932104941923, 2056979.157587193651125 ], [ 327439.727681691467296, 2057009.162265267921612 ], [ 327499.735180864401627, 2057009.162265267921612 ], [ 327529.738930450868793, 2057039.166943342192098 ], [ 327679.757678383437451, 2057039.166943342192098 ], [ 327700.973533177457284, 2057060.383454676251858 ], [ 327700.973533177457284, 2057090.388132750522345 ], [ 327730.977282763982657, 2057120.392810824560001 ], [ 327730.977282763982657, 2057227.983642771607265 ], [ 327700.973533177457284, 2057257.988320845877752 ], [ 327700.973533177457284, 2057390.434913492994383 ], [ 327739.765177556546405, 2057429.227758307242766 ], [ 327799.772676729480736, 2057429.227758307242766 ], [ 327829.776426316006109, 2057459.232436381513253 ], [ 327889.783925488998648, 2057459.232436381513253 ], [ 327910.999780283018481, 2057480.448947715573013 ], [ 327910.999780283018481, 2057510.4536257898435 ], [ 327941.003529869485646, 2057540.458303864113986 ], [ 327941.003529869485646, 2057579.2511486785952 ], [ 328099.810172594501637, 2057579.2511486785952 ], [ 328159.817671767552383, 2057639.260504827136174 ], [ 328189.821421354019549, 2057639.260504827136174 ], [ 328215.431127397692762, 2057664.871003381675109 ], [ 328245.434876984218135, 2057694.875681455712765 ], [ 328271.044775321031921, 2057720.486372309504077 ], [ 328271.044775321031921, 2057750.491050383774564 ], [ 328301.048524907557294, 2057780.495728458045051 ], [ 328301.048524907557294, 2057810.500406532315537 ], [ 328335.446125743619632, 2057844.8990718270652 ], [ 328369.843918873055372, 2057879.297929421067238 ], [ 328399.847668459522538, 2057879.297929421067238 ], [ 328429.851418045989703, 2057909.302607495337725 ], [ 328459.855167632515077, 2057909.302607495337725 ], [ 328489.858917218982242, 2057939.307285569608212 ], [ 328682.309838983404916, 2057939.307285569608212 ], [ 328712.313588569930289, 2057909.302607495337725 ], [ 328759.892663497594185, 2057909.302607495337725 ], [ 328785.502369541267399, 2057934.91310604987666 ], [ 328811.112267878081184, 2057960.523796903435141 ], [ 328811.112267878081184, 2057990.528474977705628 ], [ 328841.116017464606557, 2058020.533153051976115 ], [ 328841.116017464606557, 2058080.542509200517088 ], [ 328879.90766184363747, 2058119.335354014998302 ], [ 328909.911411430104636, 2058119.335354014998302 ], [ 328931.127266224124469, 2058140.551865349058062 ], [ 328931.127266224124469, 2058170.556543423328549 ], [ 328965.524867060186807, 2058204.955208718078211 ], [ 328991.134765397117008, 2058230.565899571869522 ], [ 328991.134765397117008, 2058260.570577645907179 ], [ 329025.532366233295761, 2058294.969242940656841 ], [ 329055.536115819704719, 2058324.973921014927328 ], [ 329081.146014156634919, 2058350.584611868718639 ], [ 329081.146014156634919, 2058380.589289942989126 ], [ 329111.149763743160293, 2058410.593968017259613 ], [ 329111.149763743160293, 2058440.5986460915301 ], [ 329145.547364579222631, 2058474.997311386279762 ], [ 329175.551114165806212, 2058505.001989460550249 ], [ 329209.948907295241952, 2058539.400847054319456 ], [ 329239.95265688165091, 2058539.400847054319456 ], [ 329261.168511675670743, 2058560.617358388379216 ], [ 329261.168511675670743, 2058590.622036462649703 ], [ 329291.172261262137908, 2058620.62671453692019 ], [ 329291.172261262137908, 2058680.636070685461164 ], [ 329321.176010848663282, 2058710.64074875973165 ], [ 329321.176010848663282, 2058770.650104908272624 ], [ 329351.179760435188655, 2058800.654782982543111 ], [ 329351.179760435188655, 2058860.664139130851254 ], [ 329381.18351002165582, 2058890.668817205121741 ], [ 329381.18351002165582, 2058950.678173353662714 ], [ 329411.187259608181193, 2058980.682851427933201 ], [ 329411.187259608181193, 2059010.687529502203688 ], [ 329441.191009194648359, 2059040.692207576474175 ], [ 329441.191009194648359, 2059079.485052390955389 ], [ 329479.98265357373748, 2059079.485052390955389 ], [ 329505.592359617352486, 2059105.095550945261493 ], [ 329531.202257954166271, 2059130.706241799052805 ], [ 329531.202257954166271, 2059190.715597947593778 ], [ 329561.206007540691644, 2059220.720276021864265 ], [ 329561.206007540691644, 2059340.738988318946213 ], [ 329591.209757127158809, 2059370.743666393216699 ], [ 329591.209757127158809, 2059430.753022541524842 ], [ 329621.213506713684183, 2059460.757700615795329 ], [ 329621.213506713684183, 2059499.550545430276543 ], [ 329660.005151092656888, 2059499.550545430276543 ], [ 329690.008900679124054, 2059529.55522350454703 ], [ 329720.012650265707634, 2059529.55522350454703 ], [ 329750.016399852233008, 2059559.559901578817517 ], [ 329780.020149438700173, 2059559.559901578817517 ], [ 329810.023899025225546, 2059589.564579653088003 ], [ 329840.027648611692712, 2059589.564579653088003 ], [ 329861.243503405712545, 2059610.781090987147763 ], [ 329861.243503405712545, 2059640.78576906141825 ], [ 329891.247252992237918, 2059670.790447135455906 ], [ 329891.247252992237918, 2059700.795125209726393 ], [ 329925.644853828300256, 2059735.193790504476056 ], [ 329985.65235300140921, 2059795.203146653017029 ], [ 330015.656102587818168, 2059825.207824727287516 ], [ 330050.053895717253909, 2059859.606682321289554 ], [ 330080.057645303721074, 2059859.606682321289554 ], [ 330135.671100933919661, 2059915.221858950098976 ], [ 330165.674850520328619, 2059945.226537024369463 ], [ 330191.284748857258819, 2059970.837227877927944 ], [ 330191.284748857258819, 2060000.841905952198431 ], [ 330225.682349693437573, 2060035.240571246948093 ], [ 330255.68609927984653, 2060065.24524932121858 ], [ 330290.083892409282271, 2060099.644106915220618 ] ] ] } },
{ "type": "Feature", "properties": { "OBJECTID": 5, "乡镇名": "育才乡", "面积km2": 151.112 }, "geometry": { "type": "Polygon", "coordinates": [ [ [ 328009.798923834925517, 2052328.432485685450956 ], [ 328052.231097666837741, 2052328.432485685450956 ], [ 328091.022742045868654, 2052289.639640870969743 ], [ 328091.022742045868654, 2051989.592860128730536 ], [ 328121.026491632335819, 2051959.588182054460049 ], [ 328121.026491632335819, 2051929.583503980189562 ], [ 328151.030241218861192, 2051899.578825905919075 ], [ 328151.030241218861192, 2051869.574147831648588 ], [ 328181.033990805386566, 2051839.569469757378101 ], [ 328181.033990805386566, 2051809.564791683107615 ], [ 328211.037740391853731, 2051779.560113608837128 ], [ 328211.037740391853731, 2051599.532045163447037 ], [ 328241.041489978379104, 2051569.527367089176551 ], [ 328241.041489978379104, 2051539.522689014906064 ], [ 328266.651388315251097, 2051513.911998161114752 ], [ 328292.261094358924311, 2051488.301499606575817 ], [ 328322.264843945449684, 2051488.301499606575817 ], [ 328352.268593531916849, 2051458.29682153230533 ], [ 328532.291091050836258, 2051458.29682153230533 ], [ 328562.294840637361631, 2051428.292143458267674 ], [ 328999.922660189680755, 2051428.292143458267674 ], [ 329029.926409776206128, 2051458.29682153230533 ], [ 329282.384830713446718, 2051458.29682153230533 ], [ 329312.388580299913883, 2051428.292143458267674 ], [ 329492.411077819007915, 2051428.292143458267674 ], [ 329526.808870948385447, 2051393.893285864265636 ], [ 329556.81262053491082, 2051363.888607789995149 ], [ 329586.816370121377986, 2051333.883929715724662 ], [ 329616.820119707903359, 2051303.879251641454175 ], [ 329676.827618880895898, 2051243.869895492913201 ], [ 329711.225219717016444, 2051209.471230198163539 ], [ 329711.225219717016444, 2051179.466552123893052 ], [ 329741.228969303541817, 2051149.461874049622566 ], [ 329741.228969303541817, 2051119.457195975584909 ], [ 329762.44482409756165, 2051098.240684641525149 ], [ 329792.448573684028815, 2051098.240684641525149 ], [ 329816.238111147889867, 2051074.450410993304104 ], [ 329840.027648611750919, 2051098.240684641525149 ], [ 329942.467321616539266, 2051098.240684641525149 ], [ 329972.471071203064639, 2051068.236006567254663 ], [ 330002.47482078964822, 2051068.236006567254663 ], [ 330036.872613918967545, 2051033.837148973252624 ], [ 330066.876363505434711, 2051003.832470898982137 ], [ 330101.273964341555256, 2050969.433805604232475 ], [ 330101.273964341555256, 2050939.429127529961988 ], [ 330131.27771392808063, 2050909.424449455691501 ], [ 330131.27771392808063, 2050686.96382258599624 ], [ 330101.273964341555256, 2050656.959144511725754 ], [ 330101.273964341555256, 2050626.954466437455267 ], [ 330071.270214755088091, 2050596.94978836318478 ], [ 330071.270214755088091, 2050566.945110288914293 ], [ 330041.266465168562718, 2050536.940432214876637 ], [ 330041.266465168562718, 2050399.344922193558887 ], [ 330071.270214755088091, 2050369.3402441192884 ], [ 330071.270214755088091, 2050206.888973398134112 ], [ 330041.266465168562718, 2050176.884295323863626 ], [ 330041.266465168562718, 2049666.804768061731011 ], [ 330011.262715582095552, 2049636.800089987460524 ], [ 330011.262715582095552, 2049568.002567098708823 ], [ 329942.467321616597474, 2049568.002567098708823 ], [ 329912.463572030130308, 2049537.997889024438336 ], [ 329882.459822443604935, 2049537.997889024438336 ], [ 329852.456072857137769, 2049507.99321095016785 ], [ 329822.452323270554189, 2049507.99321095016785 ], [ 329792.448573684028815, 2049477.988532875897363 ], [ 329582.422326578525826, 2049477.988532875897363 ], [ 329552.418576992000453, 2049447.983854801626876 ], [ 329522.414827405533288, 2049447.983854801626876 ], [ 329501.198972611513454, 2049426.767343467567116 ], [ 329501.198972611513454, 2049396.76266539352946 ], [ 329471.195223024988081, 2049366.757987319258973 ], [ 329471.195223024988081, 2049349.18118959502317 ], [ 329501.198972611513454, 2049319.176511520752683 ], [ 329501.198972611513454, 2049289.171833446482196 ], [ 329531.202722198038828, 2049259.16715537221171 ], [ 329531.202722198038828, 2049199.157799223670736 ], [ 329556.81262053491082, 2049173.547108369879425 ], [ 329591.210221371031366, 2049139.148443075362593 ], [ 329591.210221371031366, 2049079.139086926821619 ], [ 329621.213970957498532, 2049049.134408852551132 ], [ 329621.213970957498532, 2048847.890293316682801 ], [ 329582.422326578467619, 2048847.890293316682801 ], [ 329556.812620534852613, 2048822.279794762376696 ], [ 329526.808870948443655, 2048792.275116688106209 ], [ 329501.198972611513454, 2048766.664425834314898 ], [ 329501.198972611513454, 2048706.655069685773924 ], [ 329471.195223024988081, 2048676.650391611503437 ], [ 329471.195223024988081, 2048346.598932794760913 ], [ 329441.191473438520916, 2048316.594254720490426 ], [ 329441.191473438520916, 2048286.589576646219939 ], [ 329406.793872602342162, 2048252.190911351703107 ], [ 329376.790123015933204, 2048222.186233277432621 ], [ 329316.78262384282425, 2048162.176877128891647 ], [ 329286.778874256415293, 2048132.17219905462116 ], [ 329256.775124669831712, 2048102.167520980350673 ], [ 329231.165226333017927, 2048076.556830126559362 ], [ 329231.165226333017927, 2048037.763985312078148 ], [ 329192.373581953987014, 2048037.763985312078148 ], [ 329171.15772715996718, 2048016.547473978018388 ], [ 329171.15772715996718, 2047986.542795903980732 ], [ 329141.153977573500015, 2047956.538117829710245 ], [ 329141.153977573500015, 2047926.533439755439758 ], [ 329081.146478400449269, 2047866.524083606898785 ], [ 329081.146478400449269, 2047788.937929734122008 ], [ 329106.756376737321261, 2047763.327238880330697 ], [ 329141.153977573500015, 2047728.928573585813865 ], [ 329141.153977573500015, 2047416.453912493307143 ], [ 329111.150227986974642, 2047386.449234419036657 ], [ 329111.150227986974642, 2047176.416487899143249 ], [ 329081.146478400449269, 2047146.411809825105593 ], [ 329081.146478400449269, 2047086.402453676564619 ], [ 329046.74887756438693, 2047052.003788381814957 ], [ 329021.13897922745673, 2047026.393097528023645 ], [ 329021.13897922745673, 2046996.388419453753158 ], [ 328991.135229640931357, 2046966.383741379482672 ], [ 328991.135229640931357, 2046876.369707156671211 ], [ 328956.737628804810811, 2046841.971041862154379 ], [ 328931.127730467938818, 2046816.360351008363068 ], [ 328931.127730467938818, 2046636.332282562740147 ], [ 328901.123980881471653, 2046606.32760448846966 ], [ 328901.123980881471653, 2046576.322926414432004 ], [ 328871.120231294946279, 2046546.318248340161517 ], [ 328871.120231294946279, 2046516.31357026589103 ], [ 328841.116481708420906, 2046486.308892191620544 ], [ 328841.116481708420906, 2046456.304214117350057 ], [ 328811.112732121953741, 2046426.29953604307957 ], [ 328811.112732121953741, 2046366.290179894538596 ], [ 328772.321087742922828, 2046327.497335080057383 ], [ 328682.309838983463123, 2046327.497335080057383 ], [ 328652.306089396995958, 2046297.492657005786896 ], [ 328562.294840637361631, 2046297.492657005786896 ], [ 328532.291091050836258, 2046267.48797893174924 ], [ 328412.276092704909388, 2046267.48797893174924 ], [ 328361.056488324364182, 2046216.266789523418993 ], [ 328361.056488324364182, 2046186.262111449148506 ], [ 328331.052738737897016, 2046156.257433374878019 ], [ 328331.052738737897016, 2046006.234043003758416 ], [ 328292.261094358866103, 2045967.441198189277202 ], [ 328232.253595185873564, 2045967.441198189277202 ], [ 328202.249845599348191, 2045937.436520115006715 ], [ 328112.238596839888487, 2045937.436520115006715 ], [ 328082.234847253421322, 2045907.431842040736228 ], [ 328052.231097666837741, 2045907.431842040736228 ], [ 328022.227348080312368, 2045877.427163966465741 ], [ 327992.223598493845202, 2045877.427163966465741 ], [ 327966.613892450171988, 2045851.816665411926806 ], [ 327936.610142863763031, 2045821.811987337656319 ], [ 327880.996494940307457, 2045766.196618409594521 ], [ 327880.996494940307457, 2045736.191940335324034 ], [ 327850.992745353840292, 2045706.187262261286378 ], [ 327850.992745353840292, 2045646.177906112745404 ], [ 327820.988995767314918, 2045616.173228038474917 ], [ 327820.988995767314918, 2045376.135803444543853 ], [ 327790.985246180847753, 2045346.131125370273367 ], [ 327790.985246180847753, 2045148.526259200647473 ], [ 327820.988995767314918, 2045118.521581126376987 ], [ 327820.988995767314918, 2044866.056276182411239 ], [ 327790.985246180847753, 2044836.051598108140752 ], [ 327790.985246180847753, 2044806.046920033870265 ], [ 327760.98149659432238, 2044776.042241959599778 ], [ 327760.98149659432238, 2044668.451410012552515 ], [ 327790.985246180847753, 2044638.446731938282028 ], [ 327790.985246180847753, 2044548.432697715703398 ], [ 327820.988995767314918, 2044518.428019641432911 ], [ 327820.988995767314918, 2044458.418663492891937 ], [ 327846.598894104186911, 2044432.807972639100626 ], [ 327876.602643690712284, 2044402.803294564830139 ], [ 327936.610142863704823, 2044342.793938416289166 ], [ 327962.219848907261621, 2044317.183439861983061 ], [ 328052.231097666837741, 2044317.183439861983061 ], [ 328091.022742045868654, 2044278.390595047501847 ], [ 328091.022742045868654, 2044205.95335854892619 ], [ 328022.227348080312368, 2044137.155835660174489 ], [ 327992.223598493845202, 2044137.155835660174489 ], [ 327971.007743699825369, 2044115.939324326114729 ], [ 327971.007743699825369, 2044085.934646251844242 ], [ 327941.003994113358203, 2044055.929968177573755 ], [ 327941.003994113358203, 2044025.925290103303269 ], [ 327911.00024452683283, 2043995.920612029265612 ], [ 327911.00024452683283, 2043935.911255880724639 ], [ 327872.208600147801917, 2043897.118411066243425 ], [ 327842.204850561334752, 2043897.118411066243425 ], [ 327816.595144517661538, 2043871.50791251170449 ], [ 327782.197351388400421, 2043837.109054917702451 ], [ 327752.19360180181684, 2043837.109054917702451 ], [ 327730.977747007797007, 2043815.892543583642691 ], [ 327730.977747007797007, 2043785.887865509372205 ], [ 327700.973997421329841, 2043755.883187435101718 ], [ 327700.973997421329841, 2043695.873831286793575 ], [ 327670.970247834804468, 2043665.869153212523088 ], [ 327670.970247834804468, 2043605.859797063982114 ], [ 327640.966498248279095, 2043575.855118989711627 ], [ 327640.966498248279095, 2043545.850440915441141 ], [ 327610.962748661811929, 2043515.845762841170654 ], [ 327610.962748661811929, 2043275.80833824723959 ], [ 327546.561398239107803, 2043211.404994878219441 ], [ 327512.163605109846685, 2043177.006137284217402 ], [ 327242.129858831176534, 2043177.006137284217402 ], [ 327220.914004037273116, 2043155.789625950390473 ], [ 327220.914004037273116, 2043125.784947876119986 ], [ 327190.910254450747743, 2043095.780269801849499 ], [ 327190.910254450747743, 2043065.775591727579013 ], [ 327160.90650486422237, 2043035.770913653308526 ], [ 327160.90650486422237, 2043005.766235579038039 ], [ 327126.508904028160032, 2042971.367570284288377 ], [ 327092.111110898724291, 2042936.968712690286338 ], [ 327062.107361312257126, 2042936.968712690286338 ], [ 327032.10361172578996, 2042906.964034616015851 ], [ 326989.67143789381953, 2042906.964034616015851 ], [ 326959.667688307352364, 2042936.968712690286338 ], [ 326929.663938720885199, 2042936.968712690286338 ], [ 326895.266145591507666, 2042971.367570284288377 ], [ 326865.262396004982293, 2043001.372248358558863 ], [ 326835.258646418515127, 2043031.37692643282935 ], [ 326805.254896831989754, 2043061.381604507099837 ], [ 326779.645190788374748, 2043086.992103061638772 ], [ 326749.641441201791167, 2043086.992103061638772 ], [ 326719.637691615324002, 2043116.996781135909259 ], [ 326689.633942028856836, 2043116.996781135909259 ], [ 326655.236148899479304, 2043151.395638729911298 ], [ 326625.232399313012138, 2043181.400316803948954 ], [ 326569.618943682813551, 2043237.015493432758376 ], [ 326462.032369582157116, 2043237.015493432758376 ], [ 326436.422663538483903, 2043211.404994878219441 ], [ 326402.024870409222785, 2043177.006137284217402 ], [ 326372.021120822580997, 2043177.006137284217402 ], [ 326342.017371236113831, 2043147.001459210179746 ], [ 326312.013621649646666, 2043147.001459210179746 ], [ 326286.403915605973452, 2043121.390960655640811 ], [ 326256.400166019564494, 2043091.386282581370324 ], [ 326196.392666846455541, 2043031.37692643282935 ], [ 326166.388917260046583, 2043001.372248358558863 ], [ 326140.779018923116382, 2042975.761557504767552 ], [ 326140.779018923116382, 2042936.968712690286338 ], [ 326101.987374544143677, 2042936.968712690286338 ], [ 326071.983624957618304, 2042906.964034616015851 ], [ 325981.972376198100392, 2042906.964034616015851 ], [ 325951.968626611575019, 2042876.959356541745365 ], [ 325921.964877025049645, 2042876.959356541745365 ], [ 325896.35517098143464, 2042851.34885798743926 ], [ 325870.745272644620854, 2042825.738167133647949 ], [ 325870.745272644620854, 2042795.733489059377462 ], [ 325840.741523058095481, 2042765.728810985106975 ], [ 325840.741523058095481, 2042615.705420613754541 ], [ 325806.343922221916728, 2042581.306755319237709 ], [ 325780.734023885102943, 2042555.696064465446398 ], [ 325780.734023885102943, 2042525.691386391175911 ], [ 325746.336423048924189, 2042491.292721096426249 ], [ 325716.332673462515231, 2042461.288043022155762 ], [ 325656.325174289406277, 2042401.278686873614788 ], [ 325626.321424702997319, 2042371.274008799344301 ], [ 325570.707776779541746, 2042315.658639871282503 ], [ 325570.707776779541746, 2042285.653961797244847 ], [ 325540.70402719307458, 2042255.64928372297436 ], [ 325540.70402719307458, 2042225.644605648703873 ], [ 325510.700277606549207, 2042195.639927574433386 ], [ 325510.700277606549207, 2041865.588468757690862 ], [ 325476.302676770370454, 2041831.1898034629412 ], [ 325446.298927183961496, 2041801.185125388670713 ], [ 325411.901134054525755, 2041766.786267794668674 ], [ 325381.89738446805859, 2041766.786267794668674 ], [ 325356.287678424385376, 2041741.175769240129739 ], [ 325326.283928837860003, 2041711.171091166092083 ], [ 325296.280179251451045, 2041681.166413091821596 ], [ 325266.276429664867464, 2041651.161735017551109 ], [ 325231.878636535606347, 2041616.762877423549071 ], [ 325201.874886949022766, 2041616.762877423549071 ], [ 325171.871137362497393, 2041586.758199349278584 ], [ 325141.867387776030228, 2041586.758199349278584 ], [ 325111.863638189504854, 2041556.753521275008097 ], [ 325081.859888603037689, 2041556.753521275008097 ], [ 325060.644033809017856, 2041535.537009940948337 ], [ 325060.644033809017856, 2041505.53233186667785 ], [ 325030.640284222492483, 2041475.527653792407364 ], [ 325030.640284222492483, 2041457.950856068404391 ], [ 325060.644033809017856, 2041427.946177994133905 ], [ 325060.644033809017856, 2041286.711418606806546 ], [ 325021.852389429986943, 2041286.711418606806546 ], [ 324996.242683386313729, 2041261.100920052267611 ], [ 324966.238933799904771, 2041231.096241977997124 ], [ 324931.841140670469031, 2041196.697384383995086 ], [ 324901.837391083943658, 2041196.697384383995086 ], [ 324871.833641497418284, 2041166.69270630995743 ], [ 324781.822392738016788, 2041166.69270630995743 ], [ 324751.818643151549622, 2041136.688028235686943 ], [ 324691.811143978498876, 2041136.688028235686943 ], [ 324661.807394392031711, 2041106.683350161416456 ], [ 324571.796145632455591, 2041106.683350161416456 ], [ 324541.792396045930218, 2041076.678672087145969 ], [ 324511.788646459463052, 2041076.678672087145969 ], [ 324481.784896872995887, 2041046.673994012875482 ], [ 324451.781147286470514, 2041046.673994012875482 ], [ 324430.565292492450681, 2041025.457482678815722 ], [ 324430.565292492450681, 2040965.448126530274749 ], [ 324400.561542905925307, 2040935.443448456004262 ], [ 324400.561542905925307, 2040755.415380010614172 ], [ 324366.163942069746554, 2040721.016714715864509 ], [ 324336.160192483337596, 2040691.012036641594023 ], [ 324310.550294146407396, 2040665.401345787802711 ], [ 324310.550294146407396, 2040575.387311565224081 ], [ 324276.152693310345057, 2040540.988646270474419 ], [ 324216.145194137236103, 2040480.979290121933445 ], [ 324190.535295800422318, 2040455.368599268142134 ], [ 324190.535295800422318, 2040425.363921193871647 ], [ 324126.133945377718192, 2040360.960577824851498 ], [ 324096.130195791309234, 2040330.955899750581011 ], [ 324061.732402661815286, 2040296.557042156811804 ], [ 324031.728653075406328, 2040296.557042156811804 ], [ 324001.724903488939162, 2040266.552364082541317 ], [ 323941.717404315888416, 2040266.552364082541317 ], [ 323920.501549521868583, 2040245.335852748481557 ], [ 323920.501549521868583, 2040095.312462377129123 ], [ 323886.103948685689829, 2040060.91379708237946 ], [ 323856.100199099222664, 2040030.909119008341804 ], [ 323826.096449512697291, 2040000.904440934071317 ], [ 323796.092699926288333, 2039970.89976285980083 ], [ 323740.479052002832759, 2039915.284393931739032 ], [ 323740.479052002832759, 2039885.279715857468545 ], [ 323710.475302416365594, 2039855.275037783198059 ], [ 323710.475302416365594, 2039747.684205836383626 ], [ 323740.479052002832759, 2039717.679527762113139 ], [ 323740.479052002832759, 2039687.674849687842652 ], [ 323796.092699926230125, 2039632.059480759780854 ], [ 323830.490300762350671, 2039597.660815465031192 ], [ 323830.490300762350671, 2039537.651459316490218 ], [ 323860.494050348876044, 2039507.646781242219731 ], [ 323860.494050348876044, 2039477.642103168182075 ], [ 323886.103948685748037, 2039452.031412314390764 ], [ 323946.111447858740576, 2039392.02205616584979 ], [ 323980.509048694861121, 2039357.623390871100128 ], [ 323980.509048694861121, 2039147.590644351439551 ], [ 324010.512798281386495, 2039117.585966277169064 ], [ 324010.512798281386495, 2039087.581288202898577 ], [ 324036.122696618258487, 2039061.970597349107265 ], [ 324070.520297454379033, 2039027.571932054357603 ], [ 324070.520297454379033, 2038997.567253980087116 ], [ 324100.524047040904406, 2038967.56257590581663 ], [ 324100.524047040904406, 2038907.553219757508487 ], [ 324130.527796627371572, 2038877.548541683238 ], [ 324130.527796627371572, 2038757.529829386156052 ], [ 324160.531546213896945, 2038727.525151311885566 ], [ 324160.531546213896945, 2038697.520473237615079 ], [ 324181.747401007916778, 2038676.303961903555319 ], [ 324301.762399353901856, 2038676.303961903555319 ], [ 324331.766148940427229, 2038646.299283829284832 ], [ 324391.77364811336156, 2038646.299283829284832 ], [ 324426.1714412427973, 2038611.900426235515624 ], [ 324460.569042078917846, 2038577.501760940765962 ], [ 324460.569042078917846, 2038547.497082866495475 ], [ 324490.572791665443219, 2038517.492404792224988 ], [ 324490.572791665443219, 2038457.483048643684015 ], [ 324520.576541251910385, 2038427.478370569413528 ], [ 324520.576541251910385, 2038337.464336346834898 ], [ 324550.580290838435758, 2038307.459658272564411 ], [ 324550.580290838435758, 2038175.01306562544778 ], [ 324516.182690002257004, 2038140.614400330698118 ], [ 324490.572791665443219, 2038115.003709476906806 ], [ 324490.572791665443219, 2038084.999031402636319 ], [ 324460.569042078917846, 2038054.994353328598663 ], [ 324460.569042078917846, 2038024.989675254328176 ], [ 324430.565292492450681, 2037994.98499718005769 ], [ 324430.565292492450681, 2037964.980319105787203 ], [ 324400.561542905925307, 2037934.975641031516716 ], [ 324400.561542905925307, 2037917.398843307280913 ], [ 324430.565292492450681, 2037887.394165233010426 ], [ 324430.565292492450681, 2037857.389487158739939 ], [ 324456.175190829322673, 2037831.778796304948628 ], [ 324486.178940415789839, 2037801.774118230678141 ], [ 324516.182690002257004, 2037771.769440156640485 ], [ 324576.190189175307751, 2037711.760084008099511 ], [ 324610.587790011428297, 2037677.361418713349849 ], [ 324610.587790011428297, 2037647.356740639079362 ], [ 324670.595289184479043, 2037587.347384490538388 ], [ 324670.595289184479043, 2037557.342706416267902 ], [ 324700.599038770946208, 2037527.338028341997415 ], [ 324700.599038770946208, 2037497.333350267959759 ], [ 324751.818643151491415, 2037446.112160859629512 ], [ 324811.826142324542161, 2037446.112160859629512 ], [ 324846.223935453861486, 2037411.713303265627474 ], [ 324910.625285876507405, 2037347.309959896607324 ], [ 324910.625285876507405, 2037317.305281822336838 ], [ 324936.235184213379398, 2037291.694590968545526 ], [ 324966.238933799846563, 2037261.689912894275039 ], [ 324991.848639843519777, 2037236.079414339736104 ], [ 325021.852389429928735, 2037236.079414339736104 ], [ 325056.250182559364475, 2037201.680556745966896 ], [ 325090.647783395485021, 2037167.281891451217234 ], [ 325090.647783395485021, 2037004.830620729830116 ], [ 325056.250182559422683, 2036970.431955435080454 ], [ 325026.246432972839102, 2036940.427277360809967 ], [ 324991.848639843403362, 2036906.028419767040759 ], [ 324961.844890256994404, 2036906.028419767040759 ], [ 324936.23518421332119, 2036880.417921212501824 ], [ 324901.837391084060073, 2036846.019063618499786 ], [ 324871.833641497476492, 2036846.019063618499786 ], [ 324841.829891910951119, 2036816.014385544229299 ], [ 324811.826142324483953, 2036816.014385544229299 ], [ 324786.21643628081074, 2036790.403886989690363 ], [ 324751.818643151549622, 2036756.005029395688325 ], [ 324721.814893564966042, 2036756.005029395688325 ], [ 324691.811143978440668, 2036726.000351321417838 ], [ 324661.807394391973503, 2036726.000351321417838 ], [ 324610.587790011428297, 2036674.779161913087592 ], [ 324610.587790011428297, 2036644.774483838817105 ], [ 324586.797788311028853, 2036620.98374593979679 ], [ 324606.193938761833124, 2036601.586995261022821 ], [ 324661.807394391973503, 2036545.971818632213399 ], [ 324691.811143978440668, 2036545.971818632213399 ], [ 324756.212686694343574, 2036481.568282963940874 ], [ 324781.822392738016788, 2036455.957784409401938 ], [ 324811.826142324542161, 2036455.957784409401938 ], [ 324850.617786703456659, 2036417.164939594920725 ], [ 324850.617786703456659, 2036254.713668873766437 ], [ 324820.614037116989493, 2036224.70899079949595 ], [ 324820.614037116989493, 2036194.704312725225464 ], [ 324790.61028753046412, 2036164.699634650954977 ], [ 324790.61028753046412, 2036134.69495657668449 ], [ 324760.606537943996955, 2036104.690278502414003 ], [ 324760.606537943996955, 2036074.685600428143516 ], [ 324730.602788357471582, 2036044.68092235410586 ], [ 324730.602788357471582, 2035744.634141611633822 ], [ 324700.599038770946208, 2035714.629463537363335 ], [ 324700.599038770946208, 2035577.033953516045585 ], [ 324721.814893564966042, 2035555.817442181985825 ], [ 324781.82239273795858, 2035555.817442181985825 ], [ 324820.614037116989493, 2035517.024597367504612 ], [ 324820.614037116989493, 2035414.582682794891298 ], [ 324790.61028753046412, 2035384.578004720620811 ], [ 324790.61028753046412, 2035294.56397049780935 ], [ 324766.820285830064677, 2035270.773232598556206 ], [ 324790.61028753046412, 2035246.982494699303061 ], [ 324790.61028753046412, 2035216.977816625265405 ], [ 324811.826142324483953, 2035195.761305291205645 ], [ 324871.833641497476492, 2035195.761305291205645 ], [ 324901.837391084001865, 2035165.756627216935158 ], [ 325000.636534635967109, 2035165.756627216935158 ], [ 325000.636534635967109, 2035024.5218678296078 ], [ 324970.632785049499944, 2034994.517189755337313 ], [ 324970.632785049499944, 2034886.92635780852288 ], [ 325000.636534635967109, 2034856.921679734252393 ], [ 325000.636534635967109, 2034586.879577066050842 ], [ 325030.640284222492483, 2034556.874898991780356 ], [ 325030.640284222492483, 2034274.404915973544121 ], [ 325000.636534635967109, 2034244.400237899273634 ], [ 325000.636534635967109, 2033956.78133750683628 ], [ 325030.640284222492483, 2033926.776659432565793 ], [ 325030.640284222492483, 2033734.320710637141019 ], [ 325000.636534635967109, 2033704.316032562870532 ], [ 325000.636534635967109, 2033626.729878690093756 ], [ 325030.640284222492483, 2033596.725200615823269 ], [ 325030.640284222492483, 2033536.715844467282295 ], [ 325060.644033809017856, 2033506.711166393244639 ], [ 325060.644033809017856, 2033374.264573746128008 ], [ 324996.242683386313729, 2033309.861230377107859 ], [ 324966.238933799904771, 2033279.856552302837372 ], [ 324931.841140670469031, 2033245.457694708835334 ], [ 324901.837391084001865, 2033245.457694708835334 ], [ 324871.833641497476492, 2033215.453016634564847 ], [ 324841.829891910892911, 2033215.453016634564847 ], [ 324816.220185867336113, 2033189.842518080258742 ], [ 324786.21643628081074, 2033159.837840005988255 ], [ 324751.818643151549622, 2033125.438982411986217 ], [ 324589.371470973535907, 2033125.438982411986217 ], [ 324559.367721387068741, 2033155.443660486256704 ], [ 324019.30022882996127, 2033155.443660486256704 ], [ 323989.296479243494105, 2033185.448338560527191 ], [ 323821.702405969903339, 2033185.448338560527191 ], [ 323791.698656383436173, 2033155.443660486256704 ], [ 323641.679908450867515, 2033155.443660486256704 ], [ 323611.67615886440035, 2033125.438982411986217 ], [ 323581.672409277816769, 2033125.438982411986217 ], [ 323551.668659691291396, 2033095.43430433771573 ], [ 323491.661160518357065, 2033095.43430433771573 ], [ 323461.657410931889899, 2033065.429626263445243 ], [ 323431.653661345306318, 2033065.429626263445243 ], [ 323401.649911758780945, 2033035.424948189174756 ], [ 323371.64616217231378, 2033035.424948189174756 ], [ 323341.642412585788406, 2033005.42027011490427 ], [ 323281.634913412795868, 2033005.42027011490427 ], [ 323251.631163826270495, 2032975.415592040633783 ], [ 323221.627414239803329, 2032975.415592040633783 ], [ 323191.623664653277956, 2032945.410913966363296 ], [ 323161.619915066694375, 2032945.410913966363296 ], [ 323131.61616548022721, 2032915.40623589232564 ], [ 322999.172742888971698, 2032915.40623589232564 ], [ 322969.168993302504532, 2032945.410913966363296 ], [ 322909.16149412933737, 2032945.410913966363296 ], [ 322874.763701000018045, 2032979.809771560365334 ], [ 322844.75995141355088, 2033009.814449634635821 ], [ 322819.150245369877666, 2033035.424948189174756 ], [ 322729.138996610417962, 2033035.424948189174756 ], [ 322699.135247023892589, 2033065.429626263445243 ], [ 322591.548672923236154, 2033065.429626263445243 ], [ 322561.544923336710781, 2033035.424948189174756 ], [ 322381.522425817733165, 2033035.424948189174756 ], [ 322351.518676231265999, 2033005.42027011490427 ], [ 322099.060255293850787, 2033005.42027011490427 ], [ 322039.052756120800041, 2033065.429626263445243 ], [ 321931.466182020143606, 2033065.429626263445243 ], [ 321905.856475976470392, 2033039.819127708906308 ], [ 321871.458682847209275, 2033005.42027011490427 ], [ 321841.454933260625694, 2033005.42027011490427 ], [ 321811.451183674100321, 2032975.415592040633783 ], [ 321751.44368450116599, 2032975.415592040633783 ], [ 321721.439934914698824, 2032945.410913966363296 ], [ 321691.436185328057036, 2032945.410913966363296 ], [ 321665.82647928444203, 2032919.800415412057191 ], [ 321640.216580947628245, 2032894.18972455826588 ], [ 321640.216580947628245, 2032876.612926834030077 ], [ 321670.22033053409541, 2032846.60824875975959 ], [ 321670.22033053409541, 2032816.603570685489103 ], [ 321700.224080120620783, 2032786.598892611218616 ], [ 321700.224080120620783, 2032654.152299964101985 ], [ 321670.22033053409541, 2032624.147621890064329 ], [ 321670.22033053409541, 2032594.142943815793842 ], [ 321640.216580947628245, 2032564.138265741523355 ], [ 321640.216580947628245, 2032534.133587667252868 ], [ 321575.815230524924118, 2032469.730244298232719 ], [ 321550.205332188110333, 2032444.119553444441408 ], [ 321550.205332188110333, 2032174.077450776239857 ], [ 321511.41368780907942, 2032135.284605961758643 ], [ 321481.409938222612254, 2032135.284605961758643 ], [ 321455.800232178997248, 2032109.674107407219708 ], [ 321425.796482592413668, 2032079.669429332949221 ], [ 321391.398689463036135, 2032045.270571739180014 ], [ 321331.391190290101804, 2032045.270571739180014 ], [ 321310.175335496081971, 2032024.054060405120254 ], [ 321310.175335496081971, 2031874.030670033767819 ], [ 321280.171585909556597, 2031844.025991959497333 ], [ 321280.171585909556597, 2031814.021313885226846 ], [ 321245.773985073436052, 2031779.622648590710014 ], [ 321220.164086736564059, 2031754.011957736918703 ], [ 321220.164086736564059, 2031573.983889291295782 ], [ 321190.160337150038686, 2031543.979211217025295 ], [ 321190.160337150038686, 2031513.974533142987639 ], [ 321160.15658756357152, 2031483.969855068717152 ], [ 321160.15658756357152, 2031423.960498920176178 ], [ 321130.152837977046147, 2031393.955820845905691 ], [ 321130.152837977046147, 2031355.162976031424478 ], [ 320928.914021420117933, 2031355.162976031424478 ], [ 320898.910271833650768, 2031385.167654105694965 ], [ 320761.319948146527167, 2031385.167654105694965 ], [ 320710.100343765981961, 2031333.946464697364718 ], [ 320710.100343765981961, 2031243.932430474553257 ], [ 320680.096594179514796, 2031213.927752400515601 ], [ 320680.096594179514796, 2031175.134907586034387 ], [ 320641.304949800483882, 2031175.134907586034387 ], [ 320611.301200213958509, 2031145.130229511763901 ], [ 320448.854028036061209, 2031145.130229511763901 ], [ 320418.850278449594043, 2031175.134907586034387 ], [ 320388.846528863126878, 2031175.134907586034387 ], [ 320350.054884484095965, 2031213.927752400515601 ], [ 320350.054884484095965, 2031243.932430474553257 ], [ 320328.839029690076131, 2031265.148941808613017 ], [ 320058.805283411580604, 2031265.148941808613017 ], [ 320024.407490282203071, 2031299.547799402615055 ], [ 319998.797784238529857, 2031325.158297957153991 ], [ 319968.794034652004484, 2031325.158297957153991 ], [ 319934.396241522685159, 2031359.557155551156029 ], [ 319908.786535479070153, 2031385.167654105694965 ], [ 319878.782785892486572, 2031385.167654105694965 ], [ 319848.779036306019407, 2031415.172332179965451 ], [ 319578.745290027523879, 2031415.172332179965451 ], [ 319548.741540440998506, 2031445.177010254235938 ], [ 319359.93114812951535, 2031445.177010254235938 ], [ 319359.93114812951535, 2031483.969855068717152 ], [ 319329.927398542989977, 2031513.974533142987639 ], [ 319329.927398542989977, 2031543.979211217025295 ], [ 319304.317500206117984, 2031569.589902070816606 ], [ 319278.707794162502978, 2031595.200400625355542 ], [ 319248.704044575919397, 2031595.200400625355542 ], [ 319218.700294989452232, 2031625.205078699626029 ], [ 319188.696545402926859, 2031625.205078699626029 ], [ 319158.692795816459693, 2031655.209756773896515 ], [ 319008.674047883891035, 2031655.209756773896515 ], [ 318969.882403504976537, 2031694.002601588377729 ], [ 318969.882403504976537, 2031724.007279662648216 ], [ 318948.666548710956704, 2031745.223790996707976 ], [ 318811.076225023774896, 2031745.223790996707976 ], [ 318785.466518980101682, 2031719.61329244216904 ], [ 318759.856620643287897, 2031694.002601588377729 ], [ 318759.856620643287897, 2031663.997923514107242 ], [ 318729.852871056762524, 2031633.993245439836755 ], [ 318729.852871056762524, 2031453.965176994446665 ], [ 318699.849121470295358, 2031423.960498920176178 ], [ 318699.849121470295358, 2031393.955820845905691 ], [ 318669.845371883769985, 2031363.951142771635205 ], [ 318669.845371883769985, 2031303.941786623094231 ], [ 318639.841622297244612, 2031273.937108548823744 ], [ 318639.841622297244612, 2031243.932430474553257 ], [ 318605.444021461124066, 2031209.533765180036426 ], [ 318579.834123124252073, 2031183.923074326245114 ], [ 318579.834123124252073, 2031145.130229511763901 ], [ 318541.042478745279368, 2031145.130229511763901 ], [ 318511.038729158812203, 2031115.125551437493414 ], [ 318421.027480399236083, 2031115.125551437493414 ], [ 318395.417774355562869, 2031089.515052882954478 ], [ 318361.019981226301752, 2031055.11619528895244 ], [ 318211.001233293733094, 2031055.11619528895244 ], [ 318180.997483707207721, 2031025.111517214681953 ], [ 318048.554061115777586, 2031025.111517214681953 ], [ 318014.156267986458261, 2031059.510374808683991 ], [ 317988.546561942843255, 2031085.120873363222927 ], [ 317958.542812356259674, 2031085.120873363222927 ], [ 317928.539062769792508, 2031115.125551437493414 ], [ 317808.524064423749223, 2031115.125551437493414 ], [ 317778.520314837282058, 2031145.130229511763901 ], [ 317718.512815664347727, 2031145.130229511763901 ], [ 317688.509066077822354, 2031175.134907586034387 ], [ 317508.48656855878653, 2031175.134907586034387 ], [ 317478.482818972261157, 2031205.139585660304874 ], [ 317430.903744044655468, 2031205.139585660304874 ], [ 317405.294038001040462, 2031179.529087105765939 ], [ 317379.684139664110262, 2031153.918396251974627 ], [ 317379.684139664110262, 2031093.909040103433654 ], [ 317340.892495285079349, 2031055.11619528895244 ], [ 317220.877496939094272, 2031055.11619528895244 ], [ 317184.659535229846369, 2031018.897112788632512 ], [ 317148.441573520714883, 2031055.11619528895244 ], [ 317010.851249833591282, 2031055.11619528895244 ], [ 316985.241543789976276, 2031029.505696734413505 ], [ 316955.237794203392696, 2030999.501018660143018 ], [ 316929.62789586657891, 2030973.890327806351706 ], [ 316929.62789586657891, 2030943.88564973231405 ], [ 316869.620396693528164, 2030883.876293583773077 ], [ 316869.620396693528164, 2030853.87161550950259 ], [ 316830.828752314613666, 2030815.078770695021376 ], [ 316650.806254795519635, 2030815.078770695021376 ], [ 316620.802505208994262, 2030785.074092620750889 ], [ 316500.787506863009185, 2030785.074092620750889 ], [ 316475.177800819335971, 2030759.463594066211954 ], [ 316440.780007690074854, 2030725.064736472209916 ], [ 316188.321586752659641, 2030725.064736472209916 ], [ 316149.529942373628728, 2030763.857581286691129 ], [ 316149.529942373628728, 2030806.2901397109963 ], [ 316179.533691960154101, 2030836.294817785266787 ], [ 316179.533691960154101, 2030956.313530082348734 ], [ 316213.931292796274647, 2030990.712195376865566 ], [ 316239.54119113314664, 2031016.322886230656877 ], [ 316239.54119113314664, 2031166.346276602009311 ], [ 316269.544940719672013, 2031196.350954676279798 ], [ 316269.544940719672013, 2031513.974533142987639 ], [ 316239.54119113314664, 2031543.979211217025295 ], [ 316239.54119113314664, 2031844.025991959497333 ], [ 316209.537441546621267, 2031874.030670033767819 ], [ 316209.537441546621267, 2031916.46322845807299 ], [ 316239.54119113314664, 2031946.467906532343477 ], [ 316239.54119113314664, 2031976.472584606613964 ], [ 316273.938791969325393, 2032010.871249901363626 ], [ 316303.942541555734351, 2032040.875927975634113 ], [ 316338.340334685170092, 2032075.274785569636151 ], [ 316368.344084271695465, 2032075.274785569636151 ], [ 316393.953790315310471, 2032100.885284123942256 ], [ 316423.957539901835844, 2032130.889962198212743 ], [ 316449.567438238649629, 2032156.500653052004054 ], [ 316449.567438238649629, 2032234.086806924780831 ], [ 316423.957539901777636, 2032259.697497778572142 ], [ 316359.556189479131717, 2032324.100841147592291 ], [ 316359.556189479131717, 2032384.110197295900434 ], [ 316329.552439892664552, 2032414.114875370170921 ], [ 316329.552439892664552, 2032576.566146091558039 ], [ 316359.556189479131717, 2032606.570824165828526 ], [ 316359.556189479131717, 2032726.589536462677643 ], [ 316389.55993906565709, 2032756.59421453694813 ], [ 316389.55993906565709, 2032795.387059351429343 ], [ 316428.351583444629796, 2032795.387059351429343 ], [ 316453.961289488244802, 2032820.997557905968279 ], [ 316483.965039074828383, 2032851.002235980238765 ], [ 316509.574937411642168, 2032876.612926834030077 ], [ 316509.574937411642168, 2032906.617604908300564 ], [ 316543.972538247820921, 2032941.016270203050226 ], [ 316569.582436584692914, 2032966.626961056608707 ], [ 316569.582436584692914, 2033014.208436855114996 ], [ 316509.574937411642168, 2033074.21779300365597 ], [ 316509.574937411642168, 2033104.222471077926457 ], [ 316479.571187825175002, 2033134.227149152196944 ], [ 316479.571187825175002, 2033164.231827226467431 ], [ 316453.961289488303009, 2033189.842518080258742 ], [ 316419.563688652182464, 2033224.241183374775574 ], [ 316419.563688652182464, 2033254.24586144904606 ], [ 316389.55993906565709, 2033284.250539523316547 ], [ 316389.55993906565709, 2033554.292642191518098 ], [ 316359.556189479131717, 2033584.297320265788585 ], [ 316359.556189479131717, 2033614.301998340059072 ], [ 316323.33869200659683, 2033650.520616589346901 ], [ 316359.556189479131717, 2033686.739234838634729 ], [ 316359.556189479131717, 2033794.330066785449162 ], [ 316333.946291142259724, 2033819.940757639240474 ], [ 316303.942541555792559, 2033849.94543571351096 ], [ 316278.332835512119345, 2033875.555934268049896 ], [ 316239.54119113314664, 2033875.555934268049896 ], [ 316239.54119113314664, 2033974.358135231072083 ], [ 316209.537441546621267, 2034004.36281330534257 ], [ 316209.537441546621267, 2034106.804727877955884 ], [ 316239.54119113314664, 2034136.809405952226371 ], [ 316239.54119113314664, 2034256.828118249308318 ], [ 316269.544940719672013, 2034286.832796323578805 ], [ 316269.544940719672013, 2034364.418950196122751 ], [ 316239.54119113314664, 2034394.423628270393237 ], [ 316239.54119113314664, 2034424.428306344663724 ], [ 316213.931292796274647, 2034450.038997198455036 ], [ 316179.533691960154101, 2034484.437662493204698 ], [ 316179.533691960154101, 2034514.442340567475185 ], [ 316149.529942373628728, 2034544.447018641745672 ], [ 316149.529942373628728, 2034784.484443235676736 ], [ 316119.526192787103355, 2034814.489121309947222 ], [ 316119.526192787103355, 2034916.931035882793367 ], [ 316149.529942373628728, 2034946.935713956831023 ], [ 316149.529942373628728, 2034976.94039203110151 ], [ 316183.927543209807482, 2035011.339057325851172 ], [ 316213.931292796216439, 2035041.343735400121659 ], [ 316273.938791969325393, 2035101.353091548662633 ], [ 316299.548690306139179, 2035126.963782402453944 ], [ 316299.548690306139179, 2035294.56397049780935 ], [ 316273.938791969267186, 2035320.174661351600662 ], [ 316248.32908592565218, 2035345.785159906139597 ], [ 316209.537441546621267, 2035345.785159906139597 ], [ 316209.537441546621267, 2035384.578004720620811 ], [ 316179.533691960154101, 2035414.582682794891298 ], [ 316179.533691960154101, 2035637.043309664586559 ], [ 316209.537441546621267, 2035667.047987738857046 ], [ 316209.537441546621267, 2035787.066700035938993 ], [ 316239.54119113314664, 2035817.071378109976649 ], [ 316239.54119113314664, 2035855.864222924457863 ], [ 316488.359082617622335, 2035855.864222924457863 ], [ 316513.96878866123734, 2035881.474721478996798 ], [ 316539.578686998167541, 2035907.08541233278811 ], [ 316539.578686998167541, 2035937.090090407058597 ], [ 316569.582436584692914, 2035967.094768481329083 ], [ 316569.582436584692914, 2035997.09944655559957 ], [ 316603.980037420755252, 2036031.498111850349233 ], [ 316638.377830550190993, 2036065.896969444351271 ], [ 316668.381580136774573, 2036065.896969444351271 ], [ 316698.385329723241739, 2036095.901647518388927 ], [ 316950.843750660482328, 2036095.901647518388927 ], [ 316980.847500247007702, 2036065.896969444351271 ], [ 317088.434074347780552, 2036065.896969444351271 ], [ 317109.649929141742177, 2036087.1134807781782 ], [ 317109.649929141742177, 2036267.141549223801121 ], [ 317139.65367872826755, 2036297.146227298071608 ], [ 317139.65367872826755, 2036387.160261520650238 ], [ 317169.657428314734716, 2036417.164939594920725 ], [ 317169.657428314734716, 2036584.765127690508962 ], [ 317144.047529977862723, 2036610.375818544300273 ], [ 317114.043780391395558, 2036640.380496618337929 ], [ 317084.040030804870185, 2036670.385174692608416 ], [ 317058.430324761196971, 2036695.995673247147352 ], [ 317028.426575174729805, 2036695.995673247147352 ], [ 316994.028782045352273, 2036730.39453084114939 ], [ 316959.631181209231727, 2036764.793196135899052 ], [ 316959.631181209231727, 2036794.797874210169539 ], [ 316929.627431622706354, 2036824.802552284440026 ], [ 316929.627431622706354, 2037004.830620729830116 ], [ 316904.017533285834361, 2037030.441311583621427 ], [ 316869.619932449713815, 2037064.83997687837109 ], [ 316869.619932449713815, 2037094.844654952641577 ], [ 316839.616182863188442, 2037124.849333026912063 ], [ 316839.616182863188442, 2037154.85401110118255 ], [ 316814.006284526316449, 2037180.464701954973862 ], [ 316784.002534939849284, 2037210.469380029011518 ], [ 316758.39282889617607, 2037236.079878583550453 ], [ 316158.317837166134268, 2037236.079878583550453 ], [ 316128.314087579608895, 2037266.08455665782094 ], [ 316098.310337993141729, 2037266.08455665782094 ], [ 316059.518693614110816, 2037304.877401472302154 ], [ 316059.518693614110816, 2037394.891435695113614 ], [ 316029.514944027643651, 2037424.896113769384101 ], [ 316029.514944027643651, 2037454.900791843654588 ], [ 315999.511194441118278, 2037484.905469917925075 ], [ 315999.511194441118278, 2037514.910147991962731 ], [ 315969.507444854592904, 2037544.914826066233218 ], [ 315969.507444854592904, 2037604.924182214774191 ], [ 315939.503695268125739, 2037634.928860289044678 ], [ 315939.503695268125739, 2037694.938216437585652 ], [ 315909.499945681600366, 2037724.942894511856139 ], [ 315909.499945681600366, 2037934.975641031516716 ], [ 315879.496196095074993, 2037964.980319105787203 ], [ 315879.496196095074993, 2038145.008387551177293 ], [ 315849.492446508607827, 2038175.01306562544778 ], [ 315849.492446508607827, 2038235.022421773988754 ], [ 315819.488696922082454, 2038265.02709984825924 ], [ 315819.488696922082454, 2038307.459658272564411 ], [ 315849.492446508607827, 2038337.464336346834898 ], [ 315849.492446508607827, 2038427.478370569413528 ], [ 315883.890047344670165, 2038461.87703586416319 ], [ 315939.503695268125739, 2038517.492404792224988 ], [ 315939.503695268125739, 2038595.078558665001765 ], [ 315909.499945681600366, 2038625.083236739039421 ], [ 315909.499945681600366, 2038685.092592887580395 ], [ 315879.496196095074993, 2038715.097270961850882 ], [ 315879.496196095074993, 2038805.111305184662342 ], [ 315858.280341301055159, 2038826.327816518722102 ], [ 315660.68251844093902, 2038826.327816518722102 ], [ 315630.678768854471855, 2038796.323138444451615 ], [ 315600.675019267946482, 2038796.323138444451615 ], [ 315575.065313224331476, 2038770.71263988991268 ], [ 315519.451665300875902, 2038715.097270961850882 ], [ 315519.451665300875902, 2038685.092592887580395 ], [ 315485.054064464813564, 2038650.693927592830732 ], [ 315450.656271335377824, 2038616.295069998828694 ], [ 315390.648772162327077, 2038616.295069998828694 ], [ 315360.645022575801704, 2038586.290391924791038 ], [ 315330.641272989392746, 2038586.290391924791038 ], [ 315300.637523402867373, 2038556.285713850520551 ], [ 315180.622525056882296, 2038556.285713850520551 ], [ 315144.404563347750809, 2038520.066631350200623 ], [ 315108.186601638502907, 2038556.285713850520551 ], [ 315078.182852052035742, 2038556.285713850520551 ], [ 315048.179102465510368, 2038586.290391924791038 ], [ 314988.171603292576037, 2038586.290391924791038 ], [ 314953.773810163140297, 2038620.689249518560246 ], [ 314928.164104119467083, 2038646.299748073099181 ], [ 314898.160354532999918, 2038646.299748073099181 ], [ 314863.762561403622385, 2038680.698605667101219 ], [ 314838.152855359949172, 2038706.309104221640155 ], [ 314778.145356186898425, 2038706.309104221640155 ], [ 314748.14160660043126, 2038736.313782295910642 ], [ 314718.137857013905887, 2038736.313782295910642 ], [ 314688.134107427438721, 2038766.318460370181128 ], [ 314649.342463048466016, 2038766.318460370181128 ], [ 314649.342463048466016, 2038805.111305184662342 ], [ 314619.338713461940642, 2038835.115983258932829 ], [ 314619.338713461940642, 2038877.548541683238 ], [ 314649.342463048466016, 2038907.553219757508487 ], [ 314649.342463048466016, 2038937.557897831546143 ], [ 314679.346212634991389, 2038967.56257590581663 ], [ 314679.346212634991389, 2039225.176798223983496 ], [ 314649.342463048466016, 2039255.181476298253983 ], [ 314649.342463048466016, 2039405.204866669606417 ], [ 314623.732564711594023, 2039430.815557523397729 ], [ 314593.72881512506865, 2039460.820235597668216 ], [ 314559.331214288948104, 2039495.218900892185047 ], [ 314559.331214288948104, 2039525.223578966455534 ], [ 314529.327464702422731, 2039555.228257040726021 ], [ 314529.327464702422731, 2039615.237613189266995 ], [ 314503.717566365550738, 2039640.848304043058306 ], [ 314469.319965529430192, 2039675.246969337807968 ], [ 314469.319965529430192, 2039705.251647412078455 ], [ 314439.316215942904819, 2039735.256325486348942 ], [ 314439.316215942904819, 2039825.270359708927572 ], [ 314409.312466356437653, 2039855.275037783198059 ], [ 314409.312466356437653, 2039915.284393931739032 ], [ 314379.30871676991228, 2039945.289072006009519 ], [ 314379.30871676991228, 2039987.72163043031469 ], [ 314409.312466356437653, 2040017.726308504585177 ], [ 314409.312466356437653, 2040056.51915331906639 ], [ 314478.10786032199394, 2040056.51915331906639 ], [ 314503.717566365608945, 2040082.129651873372495 ], [ 314538.115359494870063, 2040116.528509467374533 ], [ 314568.119109081453644, 2040116.528509467374533 ], [ 314593.728815125126857, 2040142.139008021913469 ], [ 314628.126608254387975, 2040176.537865615915507 ], [ 314658.130357840971556, 2040176.537865615915507 ], [ 314683.740063884644769, 2040202.148364170454443 ], [ 314709.349962221458554, 2040227.759055024245754 ], [ 314709.349962221458554, 2040257.763733098516241 ], [ 314743.747563057637308, 2040292.162398393265903 ], [ 314773.751312644046266, 2040322.16707646753639 ], [ 314799.361210980976466, 2040347.777767321094871 ], [ 314799.361210980976466, 2040377.782445395365357 ], [ 314833.75881181715522, 2040412.18111069011502 ], [ 314859.368710153969005, 2040437.791801543906331 ], [ 314859.368710153969005, 2040497.801157692447305 ], [ 314893.766310990147758, 2040532.199822987196967 ], [ 314928.164104119408876, 2040566.598680581199005 ], [ 314970.596277951321099, 2040566.598680581199005 ], [ 315000.600027537846472, 2040536.594002506928518 ], [ 315030.603777124313638, 2040536.594002506928518 ], [ 315060.607526710839011, 2040506.589324432658032 ], [ 315198.197850398020819, 2040506.589324432658032 ], [ 315223.807556441694032, 2040532.199822987196967 ], [ 315258.20534957095515, 2040566.598680581199005 ], [ 315288.209099157538731, 2040566.598680581199005 ], [ 315313.818805201211944, 2040592.209179135737941 ], [ 315348.216598330473062, 2040626.608036729739979 ], [ 315408.224097503582016, 2040626.608036729739979 ], [ 315438.227847090107389, 2040656.612714803777635 ], [ 315570.671269681362901, 2040656.612714803777635 ], [ 315600.675019267830066, 2040626.608036729739979 ], [ 315858.280341301171575, 2040626.608036729739979 ], [ 315879.496196095074993, 2040647.824548063566908 ], [ 315879.496196095074993, 2040677.829226137837395 ], [ 315918.287840474105906, 2040716.622070952318609 ], [ 316359.556653723004274, 2040716.622070952318609 ], [ 316359.556653723004274, 2040647.824548063566908 ], [ 316380.772508516907692, 2040626.608036729739979 ], [ 316638.3778305502492, 2040626.608036729739979 ], [ 316663.987536593864206, 2040652.218535284046084 ], [ 316698.385329723125324, 2040686.617392878048122 ], [ 316728.389079309708904, 2040686.617392878048122 ], [ 316758.392828896234278, 2040716.622070952318609 ], [ 316788.396578482701443, 2040716.622070952318609 ], [ 316818.400328069226816, 2040746.626749026589096 ], [ 316908.41157682868652, 2040746.626749026589096 ], [ 316938.415326415153686, 2040776.631427100859582 ], [ 316968.419076001679059, 2040776.631427100859582 ], [ 316989.634930795698892, 2040797.847938434919342 ], [ 316989.634930795698892, 2040827.852616509189829 ], [ 317019.638680382224265, 2040857.857294583460316 ], [ 317019.638680382224265, 2040917.866650731768459 ], [ 317054.036281218403019, 2040952.265316026518121 ], [ 317088.434074347664136, 2040986.66417362052016 ], [ 317178.445323107240256, 2040986.66417362052016 ], [ 317199.661177901260089, 2041007.88068495457992 ], [ 317199.661177901260089, 2041067.890041103120893 ], [ 317229.664927487785462, 2041097.89471917739138 ], [ 317229.664927487785462, 2041136.687563991872594 ], [ 317268.456571866758168, 2041136.687563991872594 ], [ 317298.460321453283541, 2041166.692242066143081 ], [ 317508.48656855878653, 2041166.692242066143081 ], [ 317538.490318145311903, 2041196.696920140413567 ], [ 317838.527814010391012, 2041196.696920140413567 ], [ 317864.137520054006018, 2041222.307418694719672 ], [ 317894.141269640414976, 2041252.312096768990159 ], [ 317924.145019226998556, 2041282.316774843260646 ], [ 317954.148768813407514, 2041312.321452917531133 ], [ 317988.546561942843255, 2041346.720310511533171 ], [ 318018.55031152931042, 2041346.720310511533171 ], [ 318048.554061115777586, 2041376.724988585803658 ], [ 318078.557810702361166, 2041376.724988585803658 ], [ 318104.16751674603438, 2041402.335487140342593 ], [ 318134.171266332443338, 2041432.34016521461308 ], [ 318159.781164669373538, 2041457.950856068404391 ], [ 318159.781164669373538, 2041697.988280662335455 ], [ 318189.784914255898912, 2041727.992958736605942 ], [ 318189.784914255898912, 2041757.997636810643598 ], [ 318224.18251509196125, 2041792.396302105393261 ], [ 318249.79241342889145, 2041818.006992959184572 ], [ 318249.79241342889145, 2041848.011671033455059 ], [ 318279.796163015358616, 2041878.016349107725546 ], [ 318279.796163015358616, 2041908.021027181996033 ], [ 318339.803662188409362, 2041968.030383330537006 ], [ 318339.803662188409362, 2042028.03973947907798 ], [ 318378.595306567440275, 2042066.832584293326363 ], [ 318498.610304913367145, 2042066.832584293326363 ], [ 318519.826159707386978, 2042088.049095627386123 ], [ 318519.826159707386978, 2042178.063129850197583 ], [ 318549.829909293912351, 2042208.06780792446807 ], [ 318549.829909293912351, 2042238.072485998738557 ], [ 318584.227510130091105, 2042272.471151293488219 ], [ 318614.231259716500062, 2042302.475829367758706 ], [ 318639.841158053430263, 2042328.086520221317187 ], [ 318639.841158053430263, 2042388.095876369858161 ], [ 318669.844907639955636, 2042418.100554444128647 ], [ 318669.844907639955636, 2042508.114588666940108 ], [ 318699.848657226422802, 2042538.119266741210595 ], [ 318699.848657226422802, 2042675.714776762295514 ], [ 318674.238758889550809, 2042701.325467616086826 ], [ 318609.83740846690489, 2042765.728810985106975 ], [ 318609.83740846690489, 2042795.733489059377462 ], [ 318588.621553672885057, 2042816.950000393437222 ], [ 318549.829909293912351, 2042816.950000393437222 ], [ 318549.829909293912351, 2042855.742845207918435 ], [ 318519.826159707386978, 2042885.747523281956092 ], [ 318519.826159707386978, 2042915.752201356226578 ], [ 318494.216261370514985, 2042941.36289221001789 ], [ 318434.208762197522447, 2043001.372248358558863 ], [ 318404.205012610997073, 2043031.37692643282935 ], [ 318369.807411774876527, 2043065.775591727579013 ], [ 318369.807411774876527, 2043215.798982098698616 ], [ 318339.803662188409362, 2043245.803660172969103 ], [ 318339.803662188409362, 2043305.813016321510077 ], [ 318279.796163015358616, 2043365.82237247005105 ], [ 318279.796163015358616, 2043395.827050544321537 ], [ 318249.79241342889145, 2043425.831728618592024 ], [ 318249.79241342889145, 2043618.287677414016798 ], [ 318279.796163015358616, 2043648.292355488287285 ], [ 318279.796163015358616, 2043858.325102007947862 ], [ 318309.799912601883989, 2043888.329780082218349 ], [ 318309.799912601883989, 2043948.339136230759323 ], [ 318339.803662188409362, 2043978.343814305029809 ], [ 318339.803662188409362, 2044008.348492379300296 ], [ 318374.201263024529908, 2044042.747157673817128 ], [ 318404.205012611055281, 2044072.751835748087615 ], [ 318429.814910947869066, 2044098.362526601878926 ], [ 318429.814910947869066, 2044128.367204676149413 ], [ 318459.818660534394439, 2044158.3718827504199 ], [ 318459.818660534394439, 2044347.188117936020717 ], [ 318498.610304913367145, 2044347.188117936020717 ], [ 318519.826159707386978, 2044368.404629270080477 ], [ 318519.826159707386978, 2044398.409307344350964 ], [ 318584.227510130091105, 2044462.812650713371113 ], [ 318609.83740846690489, 2044488.423341567162424 ], [ 318609.83740846690489, 2044518.428019641432911 ], [ 318639.841158053430263, 2044548.432697715703398 ], [ 318639.841158053430263, 2044578.437375789973885 ], [ 318669.844907639955636, 2044608.442053864011541 ], [ 318669.844907639955636, 2044638.446731938282028 ], [ 318704.242508476017974, 2044672.84539723303169 ], [ 318729.852406812948175, 2044698.456088086823002 ], [ 318729.852406812948175, 2044737.248932901304215 ], [ 318768.64405119192088, 2044737.248932901304215 ], [ 318789.859905985940713, 2044758.465444235363975 ], [ 318789.859905985940713, 2044797.258289049845189 ], [ 318858.655299951438792, 2044797.258289049845189 ], [ 318884.265005995112006, 2044822.868787604384124 ], [ 318918.662799124373123, 2044857.267645198386163 ], [ 319038.677797470474616, 2044857.267645198386163 ], [ 319064.287503514147829, 2044882.878143752925098 ], [ 319094.291253100614995, 2044912.882821826962754 ], [ 319128.689046229992528, 2044947.281679420964792 ], [ 319248.704044575977605, 2044947.281679420964792 ], [ 319278.707794162502978, 2044977.286357495235279 ], [ 319308.711543748970143, 2044977.286357495235279 ], [ 319329.927398542989977, 2044998.502868829295039 ], [ 319329.927398542989977, 2045037.295713643776253 ], [ 319398.722792508488055, 2045037.295713643776253 ], [ 319428.726542095013428, 2045067.30039171804674 ], [ 319458.730291681480594, 2045067.30039171804674 ], [ 319484.3399977250956, 2045092.910890272585675 ], [ 319514.343747311679181, 2045122.915568346856162 ], [ 319548.741540440940298, 2045157.3144259408582 ], [ 319608.74903961410746, 2045157.3144259408582 ], [ 319634.358745657664258, 2045182.924924495164305 ], [ 319694.366244830715004, 2045242.934280643705279 ], [ 319724.369994417123962, 2045272.938958717975765 ], [ 319788.771537133085076, 2045337.342494386248291 ], [ 319818.775286719552241, 2045337.342494386248291 ], [ 319839.991141513572074, 2045358.559005720308051 ], [ 319839.991141513572074, 2045478.577718017157167 ], [ 319874.388742349634413, 2045512.976383311906829 ], [ 319938.790285065595526, 2045577.379918980179355 ], [ 319968.794034652062692, 2045577.379918980179355 ], [ 319994.403740695735905, 2045602.99041753471829 ], [ 320024.407490282144863, 2045632.995095608988777 ], [ 320080.021138205600437, 2045688.610464537050575 ], [ 320080.021138205600437, 2045718.615142611321062 ], [ 320110.024887792067602, 2045748.619820685358718 ], [ 320110.024887792067602, 2045787.412665499839932 ], [ 320208.824031344091054, 2045787.412665499839932 ], [ 320264.437486974289641, 2045843.027842128649354 ], [ 320290.047385311103426, 2045868.638532982440665 ], [ 320290.047385311103426, 2045898.643211056711152 ], [ 320320.051134897628799, 2045928.647889130981639 ], [ 320320.051134897628799, 2045958.652567205252126 ], [ 320350.054884484095965, 2045988.657245279522613 ], [ 320350.054884484095965, 2046018.6619233537931 ], [ 320384.452485320274718, 2046053.060588648309931 ], [ 320410.062383657146711, 2046078.671279502101243 ], [ 320410.062383657146711, 2046108.675957576371729 ], [ 320448.854028036061209, 2046147.468802390852943 ], [ 320508.861527209111955, 2046147.468802390852943 ], [ 320564.474982839310542, 2046203.083979019662365 ], [ 320590.084881176124327, 2046228.694669873453677 ], [ 320590.084881176124327, 2046267.48751468793489 ], [ 320658.880275141622405, 2046267.48751468793489 ], [ 320680.096129935642239, 2046288.70402602199465 ], [ 320680.096129935642239, 2046348.713382170302793 ], [ 320710.099879522167612, 2046378.71806024457328 ], [ 320710.099879522167612, 2046408.722738318843767 ], [ 320744.497480358346365, 2046443.121403613593429 ], [ 320778.895273487607483, 2046477.520261207595468 ], [ 320808.899023074132856, 2046477.520261207595468 ], [ 320834.508729117747862, 2046503.130759762134403 ], [ 320890.122377041203436, 2046558.746128690196201 ], [ 320890.122377041203436, 2046738.774197135586292 ], [ 320920.126126627670601, 2046768.778875209856778 ], [ 320920.126126627670601, 2046807.571720024337992 ], [ 320958.917771006643306, 2046807.571720024337992 ], [ 320984.527477050258312, 2046833.182218578876927 ], [ 321018.925270179694053, 2046867.581076172878966 ], [ 321048.929019766277634, 2046867.581076172878966 ], [ 321074.538725809834432, 2046893.191574727185071 ], [ 321138.940268525737338, 2046957.595110395457596 ], [ 321198.947767698729876, 2046957.595110395457596 ], [ 321228.95151728525525, 2046987.599788469728082 ], [ 321258.955266871722415, 2046987.599788469728082 ], [ 321284.564972915395629, 2047013.210287024267018 ], [ 321314.568722501804586, 2047043.214965098537505 ], [ 321348.966515631240327, 2047077.613822692539543 ], [ 321378.970265217707492, 2047077.613822692539543 ], [ 321408.974014804174658, 2047107.61850076681003 ], [ 321438.977764390700031, 2047107.61850076681003 ], [ 321460.193619184719864, 2047128.83501210086979 ], [ 321460.193619184719864, 2047158.839690175140277 ], [ 321490.197368771245237, 2047188.844368249177933 ], [ 321490.197368771245237, 2047218.84904632344842 ], [ 321528.989013150276151, 2047257.641891137929633 ], [ 321649.004011496261228, 2047257.641891137929633 ], [ 321670.219866290281061, 2047278.858402471989393 ], [ 321670.219866290281061, 2047308.86308054625988 ], [ 321700.223615876806434, 2047338.867758620530367 ], [ 321700.223615876806434, 2047368.872436694800854 ], [ 321734.621216712868772, 2047403.271101989550516 ], [ 321769.019009842304513, 2047437.669959583552554 ], [ 321799.022759428829886, 2047437.669959583552554 ], [ 321820.238614222791512, 2047458.886470917379484 ], [ 321820.238614222791512, 2047488.89114899164997 ], [ 321850.242363809316885, 2047518.895827065920457 ], [ 321850.242363809316885, 2047548.900505140190944 ], [ 321884.639964645379223, 2047583.299170434940606 ], [ 321919.037757774814963, 2047617.698028028942645 ], [ 322039.052756120800041, 2047617.698028028942645 ], [ 322090.272360501345247, 2047668.919217437272891 ], [ 322090.272360501345247, 2047698.923895511543378 ], [ 322120.276110087812413, 2047728.928573585813865 ], [ 322120.276110087812413, 2047758.933251659851521 ], [ 322159.067754466843326, 2047797.726096474332735 ], [ 322249.07900322630303, 2047797.726096474332735 ], [ 322279.082752812770195, 2047827.730774548603222 ], [ 322309.086502399353776, 2047827.730774548603222 ], [ 322334.69620844302699, 2047853.341273103142157 ], [ 322364.699958029435948, 2047883.345951177412644 ], [ 322399.097751158871688, 2047917.744808771414682 ], [ 322459.105250331864227, 2047917.744808771414682 ], [ 322489.1089999183896, 2047947.749486845685169 ], [ 322579.120248677849304, 2047947.749486845685169 ], [ 322609.123998264316469, 2047977.754164919955656 ], [ 322639.12774785090005, 2047977.754164919955656 ], [ 322669.131497437425423, 2048007.758842994226143 ], [ 322699.135247023950797, 2048007.758842994226143 ], [ 322729.13899661047617, 2048037.763521068263799 ], [ 322789.146495783410501, 2048037.763521068263799 ], [ 322819.150245369935874, 2048067.768199142534286 ], [ 322849.153994956403039, 2048067.768199142534286 ], [ 322879.157744542928413, 2048097.772877216804773 ], [ 322909.161494129395578, 2048097.772877216804773 ], [ 322939.165243715920951, 2048127.777555291075259 ], [ 322969.168993302388117, 2048127.777555291075259 ], [ 322990.38484809640795, 2048148.994066625135019 ], [ 322990.38484809640795, 2048187.786911439616233 ], [ 323149.19149082142394, 2048187.786911439616233 ], [ 323170.407345615443774, 2048209.003422773675993 ], [ 323170.407345615443774, 2048239.00810084794648 ], [ 323200.411095201969147, 2048269.012778922216967 ], [ 323200.411095201969147, 2048329.02213507052511 ], [ 323230.414844788436312, 2048359.026813144795597 ], [ 323230.414844788436312, 2048389.031491219066083 ], [ 323260.418594374961685, 2048419.03616929333657 ], [ 323260.418594374961685, 2048449.040847367607057 ], [ 323299.210238753992599, 2048487.833692182088271 ], [ 323329.213988340459764, 2048487.833692182088271 ], [ 323359.217737926985137, 2048517.838370256358758 ], [ 323389.221487513452303, 2048517.838370256358758 ], [ 323410.437342307472136, 2048539.054881590418518 ], [ 323410.437342307472136, 2048569.059559664689004 ], [ 323440.441091893997509, 2048599.064237738726661 ], [ 323440.441091893997509, 2048629.068915812997147 ], [ 323470.444841480464675, 2048659.073593887267634 ], [ 323470.444841480464675, 2048697.866438701748848 ], [ 323599.247734618955292, 2048697.866438701748848 ], [ 323624.857440662570298, 2048723.476937256287783 ], [ 323680.471088586025871, 2048779.092306184349582 ], [ 323680.471088586025871, 2048809.096984258620068 ], [ 323710.474838172493037, 2048839.101662332890555 ], [ 323710.474838172493037, 2048899.111018481198698 ], [ 323740.47858775901841, 2048929.115696555469185 ], [ 323740.47858775901841, 2048959.120374629739672 ], [ 323770.482337345543783, 2048989.125052704010159 ], [ 323770.482337345543783, 2049019.129730778280646 ], [ 323809.273981724458281, 2049057.922575592761859 ], [ 323839.277731310983654, 2049057.922575592761859 ], [ 323860.493586105003487, 2049079.139086926821619 ], [ 323860.493586105003487, 2049109.143765001092106 ], [ 323890.49733569152886, 2049139.148443075362593 ], [ 323890.49733569152886, 2049207.945965963881463 ], [ 323929.288980070501566, 2049207.945965963881463 ], [ 323950.504834864521399, 2049229.162477297941223 ], [ 323950.504834864521399, 2049349.18118959502317 ], [ 323989.296479243552312, 2049387.974034409504384 ], [ 324019.300228830019478, 2049387.974034409504384 ], [ 324040.516083624039311, 2049409.190545743564144 ], [ 324040.516083624039311, 2049439.1952238176018 ], [ 324074.913684460218064, 2049473.593889112351462 ], [ 324100.52358279703185, 2049499.204579966142774 ], [ 324100.52358279703185, 2049619.223292263224721 ], [ 324164.924933219735976, 2049683.62663563224487 ], [ 324190.534831556549761, 2049709.237326486036181 ], [ 324190.534831556549761, 2049739.242004560073838 ], [ 324250.542330729600508, 2049799.251360708614811 ], [ 324250.542330729600508, 2049838.044205523096025 ], [ 324319.337724695040379, 2049838.044205523096025 ], [ 324349.341474281507544, 2049868.048883597366512 ], [ 324379.345223868091125, 2049868.048883597366512 ], [ 324400.561078662110958, 2049889.265394931426272 ], [ 324400.561078662110958, 2049928.058239745907485 ], [ 324439.352723041083664, 2049928.058239745907485 ], [ 324464.962429084756877, 2049953.668738300446421 ], [ 324490.572327421570662, 2049979.279429154237732 ], [ 324490.572327421570662, 2050018.072273968486115 ], [ 324529.363971800601576, 2050018.072273968486115 ], [ 324554.973677844274789, 2050043.682772523025051 ], [ 324589.371470973535907, 2050078.081630117027089 ], [ 324619.375220560119487, 2050078.081630117027089 ], [ 324644.984926603792701, 2050103.692128671566024 ], [ 324674.988676190201659, 2050133.696806745836511 ], [ 324700.598574527131859, 2050159.307497599627823 ], [ 324700.598574527131859, 2050198.100342414109036 ], [ 325231.878636535606347, 2050198.100342414109036 ], [ 325261.882386122073513, 2050168.095664339838549 ], [ 325321.889885295007844, 2050168.095664339838549 ], [ 325351.893634881533217, 2050138.090986265568063 ], [ 325381.897384468116798, 2050138.090986265568063 ], [ 325411.901134054583963, 2050108.086308191297576 ], [ 325471.908633227518294, 2050108.086308191297576 ], [ 325531.91613240056904, 2050048.076952042756602 ], [ 325600.711526366067119, 2050048.076952042756602 ], [ 325600.711526366067119, 2050009.284107228275388 ], [ 325626.321424702939112, 2049983.673416374716908 ], [ 325651.931130746612325, 2049958.062917820177972 ], [ 325681.934880333079491, 2049958.062917820177972 ], [ 325711.938629919604864, 2049928.058239745907485 ], [ 325741.942379506072029, 2049928.058239745907485 ], [ 325771.946129092597403, 2049898.053561671636999 ], [ 326059.555200712289661, 2049898.053561671636999 ], [ 326089.558950298815034, 2049928.058239745907485 ], [ 326209.573948644800112, 2049928.058239745907485 ], [ 326235.183654688473325, 2049953.668738300446421 ], [ 326269.581447817734443, 2049988.067595894448459 ], [ 326359.59269657736877, 2049988.067595894448459 ], [ 326385.202402620983776, 2050013.678094448754564 ], [ 326410.812300957797561, 2050039.288785302545875 ], [ 326410.812300957797561, 2050069.293463376816362 ], [ 326440.816050544322934, 2050099.298141451086849 ], [ 326440.816050544322934, 2050138.090986265568063 ], [ 326479.607694923295639, 2050138.090986265568063 ], [ 326505.217400966910645, 2050163.701484820106998 ], [ 326530.827299303840846, 2050189.312175673898309 ], [ 326530.827299303840846, 2050219.316853748168796 ], [ 326560.831048890308011, 2050249.321531822439283 ], [ 326560.831048890308011, 2050279.32620989670977 ], [ 326590.834798476833384, 2050309.330887970747426 ], [ 326590.834798476833384, 2050339.335566045017913 ], [ 326625.232399313012138, 2050373.734231339767575 ], [ 326655.236148899421096, 2050403.738909414038062 ], [ 326680.846047236351296, 2050429.349600267829373 ], [ 326680.846047236351296, 2050489.358956416370347 ], [ 326715.24364807253005, 2050523.757621711120009 ], [ 326740.853546409343835, 2050549.368312564911321 ], [ 326740.853546409343835, 2050579.372990638948977 ], [ 326770.857295995869208, 2050609.377668713219464 ], [ 326770.857295995869208, 2050669.387024861760437 ], [ 326800.861045582394581, 2050699.391702936030924 ], [ 326800.861045582394581, 2050819.410415233112872 ], [ 326830.864795168861747, 2050849.415093307383358 ], [ 326830.864795168861747, 2050939.429127529961988 ], [ 326865.2623960050405, 2050973.827792824711651 ], [ 326890.872294341854285, 2050999.438483678502962 ], [ 326890.872294341854285, 2051209.471230198163539 ], [ 326920.876043928379659, 2051239.475908272434026 ], [ 326920.876043928379659, 2051269.480586346704513 ], [ 326955.273644764558412, 2051303.879251641454175 ], [ 326989.67143789381953, 2051338.278109235456213 ], [ 327019.675187480344903, 2051338.278109235456213 ], [ 327040.891042274364736, 2051359.494620569515973 ], [ 327040.891042274364736, 2051419.503976718056947 ], [ 327070.894791860890109, 2051449.508654792094603 ], [ 327070.894791860890109, 2051488.301499606575817 ], [ 327109.686436239862815, 2051488.301499606575817 ], [ 327130.902291033882648, 2051509.518010940635577 ], [ 327130.902291033882648, 2051569.527367089176551 ], [ 327195.303641456586774, 2051633.9307104581967 ], [ 327220.91353979340056, 2051659.541401311988011 ], [ 327220.91353979340056, 2051689.546079386258498 ], [ 327255.311140629579313, 2051723.944744680775329 ], [ 327280.921038966451306, 2051749.555435534566641 ], [ 327280.921038966451306, 2051788.348280349047855 ], [ 327319.712683345424011, 2051788.348280349047855 ], [ 327345.322389389097225, 2051813.95877890358679 ], [ 327379.720182518358342, 2051848.357636497588828 ], [ 327409.723932104941923, 2051848.357636497588828 ], [ 327435.333638148615137, 2051873.968135052127764 ], [ 327465.337387735024095, 2051903.97281312639825 ], [ 327495.341137321607675, 2051933.977491200668737 ], [ 327525.344886908016633, 2051963.982169274939224 ], [ 327550.954785244946834, 2051989.592860128730536 ], [ 327550.954785244946834, 2052019.597538202768192 ], [ 327585.352386081125587, 2052053.996203497517854 ], [ 327615.356135667534545, 2052084.000881571788341 ], [ 327649.753928796970285, 2052118.399739165790379 ], [ 327679.757678383437451, 2052118.399739165790379 ], [ 327705.367384427052457, 2052144.010237720329314 ], [ 327769.76892714301357, 2052208.41377338860184 ], [ 327859.780175902473275, 2052208.41377338860184 ], [ 327880.996030696493108, 2052229.6302847226616 ], [ 327880.996030696493108, 2052268.423129537142813 ], [ 327919.787675075582229, 2052268.423129537142813 ], [ 327949.791424662049394, 2052298.427807611180469 ], [ 327979.795174248458352, 2052298.427807611180469 ], [ 328009.798923834925517, 2052328.432485685450956 ] ] ] } },
{ "type": "Feature", "properties": { "OBJECTID": 6, "乡镇名": "高峰乡", "面积km2": 361.374 }, "geometry": { "type": "Polygon", "coordinates": [ [ [ 332660.380109742982313, 2054878.830121996346861 ], [ 332822.827281920879614, 2054878.830121996346861 ], [ 332861.618926299910527, 2054840.037277181865647 ], [ 332861.618926299910527, 2054810.032599107827991 ], [ 332887.22882463678252, 2054784.42190825403668 ], [ 332912.838530680455733, 2054758.811409699497744 ], [ 332942.842280266981106, 2054758.811409699497744 ], [ 332977.240073396300431, 2054724.412552105495706 ], [ 333032.85352902644081, 2054668.797375476686284 ], [ 333251.66767092444934, 2054668.797375476686284 ], [ 333251.66767092444934, 2054527.562616089591756 ], [ 333221.663921337923966, 2054497.55793801532127 ], [ 333221.663921337923966, 2054407.543903792509809 ], [ 333191.660171751456801, 2054377.539225718239322 ], [ 333191.660171751456801, 2054227.515835347119719 ], [ 333161.656422164931428, 2054197.511157272849232 ], [ 333161.656422164931428, 2054167.506479198578745 ], [ 333127.258821328752674, 2054133.107813903829083 ], [ 333101.648922991938889, 2054107.497123050037771 ], [ 333101.648922991938889, 2054077.492444975767285 ], [ 333062.857278612907976, 2054038.699600161286071 ], [ 333032.85352902644081, 2054038.699600161286071 ], [ 333011.637674232420977, 2054017.483088827226311 ], [ 333011.637674232420977, 2053987.478410752955824 ], [ 332977.240073396242224, 2053953.079745458438993 ], [ 332951.630175059428439, 2053927.469054604647681 ], [ 332951.630175059428439, 2053867.459698456106707 ], [ 332921.626425472903065, 2053837.455020381836221 ], [ 332921.626425472903065, 2053819.878222657600418 ], [ 332942.842280266922899, 2053798.661711323540658 ], [ 332981.633924645895604, 2053798.661711323540658 ], [ 332981.633924645895604, 2053759.868866509059444 ], [ 333041.64142381894635, 2053699.85951036051847 ], [ 333041.64142381894635, 2053669.854832286480814 ], [ 333071.645173405413516, 2053639.850154212210327 ], [ 333071.645173405413516, 2053579.840798063669354 ], [ 333097.255071742285509, 2053554.230107209878042 ], [ 333127.258821328810882, 2053524.225429135607556 ], [ 333182.872276958951261, 2053468.610252506798133 ], [ 333260.455101473082323, 2053468.610252506798133 ], [ 333290.458851059549488, 2053498.61493058106862 ], [ 333500.485098165110685, 2053498.61493058106862 ], [ 333526.094804208725691, 2053524.225429135607556 ], [ 333560.492597338161431, 2053558.624286729609594 ], [ 333590.496346924628597, 2053558.624286729609594 ], [ 333620.50009651115397, 2053588.628964803880081 ], [ 333680.507595684146509, 2053588.628964803880081 ], [ 333710.511345270671882, 2053618.633642878150567 ], [ 333740.515094857139047, 2053618.633642878150567 ], [ 333761.73094965115888, 2053639.850154212210327 ], [ 333761.73094965115888, 2053669.854832286480814 ], [ 333796.128550487337634, 2053704.253497580997646 ], [ 333821.738448824209627, 2053729.864188434788957 ], [ 333821.738448824209627, 2053939.896934954682365 ], [ 333856.136049660271965, 2053974.295600249432027 ], [ 333890.533842789765913, 2054008.694457843201235 ], [ 334130.56383948167786, 2054008.694457843201235 ], [ 334156.173545525292866, 2054034.30495639774017 ], [ 334190.571338654728606, 2054068.703813991742209 ], [ 334220.575088241195772, 2054068.703813991742209 ], [ 334250.578837827662937, 2054098.708492066012695 ], [ 334653.0560066975886, 2054098.708492066012695 ], [ 334683.059756284113973, 2054068.703813991742209 ], [ 334713.063505870697554, 2054068.703813991742209 ], [ 334751.855150249612052, 2054029.910969177260995 ], [ 334751.855150249612052, 2053999.906291102990508 ], [ 334777.465048586484045, 2053974.295600249432027 ], [ 334803.074754630157258, 2053948.685101694893092 ], [ 334833.078504216624424, 2053948.685101694893092 ], [ 334863.082253803149797, 2053918.680423620622605 ], [ 334923.089752976142336, 2053918.680423620622605 ], [ 334953.093502562667709, 2053888.675745546352118 ], [ 335043.104751322127413, 2053888.675745546352118 ], [ 335107.506294038030319, 2053824.272209878079593 ], [ 335141.903894874150865, 2053789.873544583329931 ], [ 335141.903894874150865, 2053759.868866509059444 ], [ 335197.517542797548231, 2053704.253497580997646 ], [ 335227.521292384015396, 2053674.24881950695999 ], [ 335261.91889322019415, 2053639.850154212210327 ], [ 335261.91889322019415, 2053609.845476137939841 ], [ 335283.134748014213983, 2053588.628964803880081 ], [ 335313.138497600681148, 2053588.628964803880081 ], [ 335347.536290730058681, 2053554.230107209878042 ], [ 335377.540040316584054, 2053524.225429135607556 ], [ 335437.547539489576593, 2053464.216072987066582 ], [ 335463.157245533249807, 2053438.605574432527646 ], [ 335493.160995119658764, 2053438.605574432527646 ], [ 335527.558788249036297, 2053404.206716838758439 ], [ 335553.168494292709511, 2053378.596218284219503 ], [ 335583.172243879293092, 2053378.596218284219503 ], [ 335613.175993465760257, 2053348.591540209949017 ], [ 335673.183492638811003, 2053348.591540209949017 ], [ 335703.187242225278169, 2053318.58686213567853 ], [ 335823.202240571321454, 2053318.58686213567853 ], [ 335853.205990157788619, 2053288.582184061408043 ], [ 335883.209739744255785, 2053288.582184061408043 ], [ 335917.607532873633318, 2053254.183326467406005 ], [ 335943.217238917306531, 2053228.572827912867069 ], [ 335973.220988503831904, 2053228.572827912867069 ], [ 336007.618781633151229, 2053194.173970318865031 ], [ 336063.232237263291609, 2053138.558793690055609 ], [ 336093.235986849700566, 2053138.558793690055609 ], [ 336127.633779979136307, 2053104.159936096286401 ], [ 336157.63752956566168, 2053074.155258022015914 ], [ 336183.247235609334894, 2053048.544759467476979 ], [ 336213.250985195802059, 2053048.544759467476979 ], [ 336247.648778325179592, 2053014.145901873474941 ], [ 336277.652527911704965, 2052984.141223799204454 ], [ 336307.65627749817213, 2052954.136545724933967 ], [ 336342.053878334292676, 2052919.737880430184305 ], [ 336342.053878334292676, 2052889.733202355913818 ], [ 336367.663776671164669, 2052864.122511502122506 ], [ 336397.667526257690042, 2052834.11783342808485 ], [ 336423.277232301363256, 2052808.507334873545915 ], [ 336453.280981887888629, 2052808.507334873545915 ], [ 336483.284731474355794, 2052778.502656799275428 ], [ 336543.292230647406541, 2052778.502656799275428 ], [ 336573.295980233873706, 2052748.497978725004941 ], [ 337130.938798132061493, 2052748.497978725004941 ], [ 337160.942547718586866, 2052778.502656799275428 ], [ 337280.957546064571943, 2052778.502656799275428 ], [ 337310.961295651097316, 2052808.507334873545915 ], [ 337400.97254441055702, 2052808.507334873545915 ], [ 337430.976293997024186, 2052838.512012947816402 ], [ 337520.987542756658513, 2052838.512012947816402 ], [ 337550.991292343183886, 2052868.516691021854058 ], [ 337641.002541102585383, 2052868.516691021854058 ], [ 337671.006290689052548, 2052898.521369096124545 ], [ 337791.021289035154041, 2052898.521369096124545 ], [ 337821.025038621679414, 2052928.526047170395032 ], [ 337881.032537794613745, 2052928.526047170395032 ], [ 337911.036287381080911, 2052958.530725244665518 ], [ 337941.040036967664491, 2052958.530725244665518 ], [ 337971.043786554189865, 2052988.535403318936005 ], [ 338091.058784900174942, 2052988.535403318936005 ], [ 338116.668490943848155, 2053014.145901873474941 ], [ 338151.066284073109273, 2053048.544759467476979 ], [ 338361.09253117867047, 2053048.544759467476979 ], [ 338391.096280765137635, 2053078.549437541747466 ], [ 338451.103779938188381, 2053078.549437541747466 ], [ 338481.107529524655547, 2053108.554115616017953 ], [ 338583.547202529560309, 2053108.554115616017953 ], [ 338617.944995658937842, 2053074.155258022015914 ], [ 338647.948745245463215, 2053044.150579947745427 ], [ 338707.956244418455753, 2052984.141223799204454 ], [ 338737.959994004981127, 2052954.136545724933967 ], [ 338793.573449635121506, 2052898.521369096124545 ], [ 338853.580948808172252, 2052898.521369096124545 ], [ 338883.584698394639418, 2052868.516691021854058 ], [ 338943.592197567573749, 2052868.516691021854058 ], [ 338973.595947154040914, 2052838.512012947816402 ], [ 339003.599696740682703, 2052838.512012947816402 ], [ 339037.997489870002028, 2052804.113155353814363 ], [ 339063.607195913617034, 2052778.502656799275428 ], [ 339183.622194259718526, 2052778.502656799275428 ], [ 339213.625943846185692, 2052748.497978725004941 ], [ 339273.633443019236438, 2052748.497978725004941 ], [ 339303.637192605703603, 2052718.493300650734454 ], [ 339333.640942192228977, 2052718.493300650734454 ], [ 339363.644691778696142, 2052688.488622576463968 ], [ 339393.648441365163308, 2052688.488622576463968 ], [ 339423.652190951688681, 2052658.483944502193481 ], [ 339453.655940538155846, 2052658.483944502193481 ], [ 339488.053733667533379, 2052624.085086908191442 ], [ 339513.663439711206593, 2052598.474588353652507 ], [ 339552.455084090179298, 2052598.474588353652507 ], [ 339552.455084090179298, 2052559.681743539171293 ], [ 339578.064982427051291, 2052534.071052685612813 ], [ 339608.068732013576664, 2052504.066374611342326 ], [ 339633.67843805719167, 2052478.45587605680339 ], [ 339663.682187643775251, 2052478.45587605680339 ], [ 339693.685937230242416, 2052448.451197982532904 ], [ 339723.689686816709582, 2052448.451197982532904 ], [ 339753.693436403234955, 2052418.446519908262417 ], [ 339783.69718598970212, 2052418.446519908262417 ], [ 339813.700935576227494, 2052388.44184183399193 ], [ 339843.704685162694659, 2052388.44184183399193 ], [ 339873.708434749220032, 2052358.437163759721443 ], [ 339903.712184335803613, 2052358.437163759721443 ], [ 339938.109977465122938, 2052324.038306165719405 ], [ 339963.719683508737944, 2052298.427807611180469 ], [ 340041.302508022869006, 2052298.427807611180469 ], [ 340071.306257609336171, 2052328.432485685450956 ], [ 340191.321255955379456, 2052328.432485685450956 ], [ 340221.325005541846622, 2052358.437163759721443 ], [ 340311.336254301422741, 2052358.437163759721443 ], [ 340341.340003887948114, 2052388.44184183399193 ], [ 340623.802174411772285, 2052388.44184183399193 ], [ 340653.805923998297658, 2052358.437163759721443 ], [ 340683.809673584881239, 2052358.437163759721443 ], [ 340713.813423171348404, 2052328.432485685450956 ], [ 340731.388748512486927, 2052328.432485685450956 ], [ 340761.3924980990123, 2052358.437163759721443 ], [ 340791.396247685479466, 2052358.437163759721443 ], [ 340821.399997272004839, 2052388.44184183399193 ], [ 341103.862167795829009, 2052388.44184183399193 ], [ 341133.865917382354382, 2052358.437163759721443 ], [ 341241.452491483010817, 2052358.437163759721443 ], [ 341271.456241069477983, 2052388.44184183399193 ], [ 341331.463740242528729, 2052388.44184183399193 ], [ 341361.467489828995895, 2052418.446519908262417 ], [ 341391.471239415521268, 2052418.446519908262417 ], [ 341417.080945459136274, 2052444.057018462801352 ], [ 341481.482488175097387, 2052508.460554131073877 ], [ 341511.486237761564553, 2052508.460554131073877 ], [ 341541.489987348089926, 2052538.465232205344364 ], [ 341703.937159525929019, 2052538.465232205344364 ], [ 341742.728803904959932, 2052499.67238739086315 ], [ 341742.728803904959932, 2052469.667709316592664 ], [ 341772.732553491427097, 2052439.663031242322177 ], [ 341772.732553491427097, 2052409.65835316805169 ], [ 341802.736303077952471, 2052379.653675093781203 ], [ 341802.736303077952471, 2052349.648997019510716 ], [ 341832.740052664477844, 2052319.644318945240229 ], [ 341832.740052664477844, 2052289.639640870969743 ], [ 341862.743802250945009, 2052259.634962796932086 ], [ 341862.743802250945009, 2052199.625606648391113 ], [ 341892.747551837470382, 2052169.620928574120626 ], [ 341892.747551837470382, 2052019.597538202768192 ], [ 341918.357450174284168, 2051993.986847349209711 ], [ 341952.755051010462921, 2051959.588182054460049 ], [ 341952.755051010462921, 2051929.583503980189562 ], [ 341982.758800596988294, 2051899.578825905919075 ], [ 341982.758800596988294, 2051839.569469757378101 ], [ 342012.76255018345546, 2051809.564791683107615 ], [ 342012.76255018345546, 2051719.550757460296154 ], [ 342042.766299769980833, 2051689.546079386258498 ], [ 342042.766299769980833, 2051539.522689014906064 ], [ 342072.770049356447998, 2051509.518010940635577 ], [ 342072.770049356447998, 2051359.494620569515973 ], [ 342102.773798942973372, 2051329.489942495245486 ], [ 342102.773798942973372, 2051197.043349848128855 ], [ 342072.770049356447998, 2051167.038671773858368 ], [ 342072.770049356447998, 2051059.447839827043936 ], [ 342128.383697279845364, 2051003.832470898982137 ], [ 342158.387446866370738, 2050973.827792824711651 ], [ 342214.000902496511117, 2050918.212616195902228 ], [ 342244.004652082978282, 2050918.212616195902228 ], [ 342274.008401669503655, 2050888.207938121631742 ], [ 342304.012151255970821, 2050888.207938121631742 ], [ 342334.015900842437986, 2050858.203260047594085 ], [ 342364.019650429079775, 2050858.203260047594085 ], [ 342394.02340001554694, 2050828.198581973323599 ], [ 342424.027149602014106, 2050828.198581973323599 ], [ 342454.030899188539479, 2050798.193903899053112 ], [ 342484.034648775006644, 2050798.193903899053112 ], [ 342514.038398361532018, 2050768.189225824782625 ], [ 342544.042147947999183, 2050768.189225824782625 ], [ 342574.045897534524556, 2050738.184547750512138 ], [ 342604.049647121108137, 2050738.184547750512138 ], [ 342638.447440250427462, 2050703.7856901565101 ], [ 342664.057146294042468, 2050678.175191601971164 ], [ 342694.060895880626049, 2050678.175191601971164 ], [ 342724.064645467093214, 2050648.170513527700678 ], [ 342951.666217913734727, 2050648.170513527700678 ], [ 342981.6699675002601, 2050678.175191601971164 ], [ 343152.905034470604733, 2050678.175191601971164 ], [ 343152.905034470604733, 2050639.382346787489951 ], [ 343174.120889264624566, 2050618.165835453430191 ], [ 343204.124638851091731, 2050618.165835453430191 ], [ 343234.128388437617105, 2050588.161157379159704 ], [ 343264.132138024026062, 2050588.161157379159704 ], [ 343298.529931153461803, 2050553.762299785390496 ], [ 343328.533680739987176, 2050523.757621711120009 ], [ 343354.143386783660389, 2050498.147123156581074 ], [ 343564.169633889221586, 2050498.147123156581074 ], [ 343594.173383475688752, 2050468.142445082310587 ], [ 343714.188381821732037, 2050468.142445082310587 ], [ 343744.192131408199202, 2050438.1377670080401 ], [ 344001.797453441366088, 2050438.1377670080401 ], [ 344031.801203027891461, 2050468.142445082310587 ], [ 344134.240876032679807, 2050468.142445082310587 ], [ 344164.244625619205181, 2050438.1377670080401 ], [ 344203.036269998236094, 2050438.1377670080401 ], [ 344203.036269998236094, 2050399.344922193558887 ], [ 344228.646168335108086, 2050373.734231339767575 ], [ 344254.255874378723092, 2050348.12373278522864 ], [ 344353.055017930746544, 2050348.12373278522864 ], [ 344353.055017930746544, 2050309.330887970747426 ], [ 344378.664916267618537, 2050283.720197117188945 ], [ 344404.274622311291751, 2050258.10969856265001 ], [ 344614.300869416736532, 2050258.10969856265001 ], [ 344644.304619003261905, 2050228.105020488379523 ], [ 344674.308368589845486, 2050228.105020488379523 ], [ 344708.706161719164811, 2050193.706162894377485 ], [ 344743.103762555285357, 2050159.307497599627823 ], [ 344743.103762555285357, 2050129.302819525357336 ], [ 344768.71366089215735, 2050103.692128671566024 ], [ 344803.111261728277896, 2050069.293463376816362 ], [ 344803.111261728277896, 2050009.284107228275388 ], [ 344824.327116522239521, 2049988.067595894448459 ], [ 344884.334615695290267, 2049988.067595894448459 ], [ 344914.338365281815641, 2049958.062917820177972 ], [ 344974.345864454808179, 2049958.062917820177972 ], [ 345008.743657584185712, 2049923.664060226175934 ], [ 345043.141258420306258, 2049889.265394931426272 ], [ 345043.141258420306258, 2049829.256038782885298 ], [ 345068.751156757178251, 2049803.645347929093987 ], [ 345098.754906343703624, 2049773.6406698548235 ], [ 345133.15250717982417, 2049739.242004560073838 ], [ 345133.15250717982417, 2049357.969820579048246 ], [ 345094.360862800851464, 2049357.969820579048246 ], [ 345068.751156757236458, 2049332.359322024509311 ], [ 345043.141258420306258, 2049306.748631170717999 ], [ 345043.141258420306258, 2049276.743953096447513 ], [ 345013.137508833839092, 2049246.739275022177026 ], [ 345013.137508833839092, 2048826.673781982855871 ], [ 344983.133759247313719, 2048796.669103908585384 ], [ 344983.133759247313719, 2048706.655069685773924 ], [ 344953.130009660788346, 2048676.650391611503437 ], [ 344953.130009660788346, 2048629.068915812997147 ], [ 344978.739907997660339, 2048603.458224959205836 ], [ 345008.743657584185712, 2048573.45354688516818 ], [ 345043.141258420306258, 2048539.054881590418518 ], [ 345043.141258420306258, 2048406.608288943301886 ], [ 345013.137508833839092, 2048376.603610869031399 ], [ 345013.137508833839092, 2048346.598932794760913 ], [ 344953.130009660788346, 2048286.589576646219939 ], [ 344953.130009660788346, 2048269.012778922216967 ], [ 345013.137508833839092, 2048209.003422773675993 ], [ 345013.137508833839092, 2048178.998744699405506 ], [ 345038.747407170711085, 2048153.388053845614195 ], [ 345068.751156757178251, 2048123.383375771343708 ], [ 345103.148757593298797, 2048088.984710476594046 ], [ 345103.148757593298797, 2047998.970676254015416 ], [ 345133.15250717982417, 2047968.965998179744929 ], [ 345133.15250717982417, 2047776.510049384087324 ], [ 345098.754906343645416, 2047742.111384089337662 ], [ 345068.751156757178251, 2047712.106706015300006 ], [ 345038.747407170652878, 2047682.102027941029519 ], [ 345019.351256719906814, 2047662.705277262255549 ], [ 345043.141258420306258, 2047638.914539363002405 ], [ 345043.141258420306258, 2047416.453912493307143 ], [ 345019.351256719906814, 2047392.663174594053999 ], [ 345038.747407170711085, 2047373.266423915280029 ], [ 345068.751156757178251, 2047343.261745841009542 ], [ 345103.148757593298797, 2047308.86308054625988 ], [ 345103.148757593298797, 2047218.84904632344842 ], [ 345128.758655930170789, 2047193.238355469657108 ], [ 345163.156256766349543, 2047158.839690175140277 ], [ 345163.156256766349543, 2047056.397775602294132 ], [ 345133.15250717982417, 2047026.393097528023645 ], [ 345133.15250717982417, 2046876.369707156671211 ], [ 345109.362505479366519, 2046852.578969257650897 ], [ 345133.15250717982417, 2046828.788231358397752 ], [ 345133.15250717982417, 2046666.336960637010634 ], [ 345103.148757593298797, 2046636.332282562740147 ], [ 345103.148757593298797, 2046216.266789523418993 ], [ 345068.751156757236458, 2046181.86812422866933 ], [ 345043.141258420306258, 2046156.257433374878019 ], [ 345043.141258420306258, 2046126.252755300607532 ], [ 345013.137508833839092, 2046096.248077226337045 ], [ 345013.137508833839092, 2046078.671279502101243 ], [ 345043.141258420306258, 2046048.666601427830756 ], [ 345043.141258420306258, 2045928.647889130981639 ], [ 345073.145008006831631, 2045898.643211056711152 ], [ 345073.145008006831631, 2045748.619820685358718 ], [ 345103.148757593298797, 2045718.615142611321062 ], [ 345103.148757593298797, 2045688.610464537050575 ], [ 345133.15250717982417, 2045658.605786462780088 ], [ 345133.15250717982417, 2045508.582396091427654 ], [ 345163.156256766349543, 2045478.577718017157167 ], [ 345163.156256766349543, 2045418.568361868849024 ], [ 345193.160006352816708, 2045388.563683794578537 ], [ 345193.160006352816708, 2045217.324246332980692 ], [ 345154.368361973844003, 2045217.324246332980692 ], [ 345103.148757593298797, 2045166.103056924650446 ], [ 345103.148757593298797, 2045136.098378850612789 ], [ 345068.751156757236458, 2045101.699713555863127 ], [ 345034.353363627800718, 2045067.300855961861089 ], [ 345004.349614041333552, 2045067.300855961861089 ], [ 344974.345864454808179, 2045037.296177887590602 ], [ 344944.342114868341014, 2045037.296177887590602 ], [ 344914.338365281873848, 2045007.291499813320115 ], [ 344884.334615695348475, 2045007.291499813320115 ], [ 344858.724909651733469, 2044981.68100125878118 ], [ 344803.111261728277896, 2044926.065632330719382 ], [ 344803.111261728277896, 2044896.060954256448895 ], [ 344773.10751214181073, 2044866.056276182411239 ], [ 344773.10751214181073, 2044806.046920033870265 ], [ 344743.103762555285357, 2044776.042241959599778 ], [ 344743.103762555285357, 2044746.037563885329291 ], [ 344708.706161719106603, 2044711.638898590579629 ], [ 344683.096263382292818, 2044686.028207736788318 ], [ 344683.096263382292818, 2044656.023529662517831 ], [ 344644.304619003261905, 2044617.230684848036617 ], [ 344614.30086941679474, 2044617.230684848036617 ], [ 344588.691163373179734, 2044591.620186293497682 ], [ 344554.293370243685786, 2044557.221328699728474 ], [ 344524.289620657276828, 2044557.221328699728474 ], [ 344494.285871070751455, 2044527.216650625457987 ], [ 344434.278371897758916, 2044527.216650625457987 ], [ 344408.668665854085702, 2044501.606152070919052 ], [ 344378.664916267676745, 2044471.601473996648565 ], [ 344353.055017930746544, 2044445.990783142857254 ], [ 344353.055017930746544, 2044385.98142699431628 ], [ 344323.051268344221171, 2044355.976748920045793 ], [ 344323.051268344221171, 2044325.972070845775306 ], [ 344288.653667508100625, 2044291.573405551258475 ], [ 344228.646168335049879, 2044231.564049402717501 ], [ 344203.036269998236094, 2044205.95335854892619 ], [ 344203.036269998236094, 2044175.948680474655703 ], [ 344138.634919575531967, 2044111.545337105635554 ], [ 344108.631169989123009, 2044081.540659031365067 ], [ 344078.627420402539428, 2044051.53598095709458 ], [ 344048.62367081613047, 2044021.531302882824093 ], [ 344023.01377247920027, 2043995.920612029265612 ], [ 344023.01377247920027, 2043888.329780082218349 ], [ 344048.623670816072263, 2043862.719089228427038 ], [ 344078.627420402597636, 2043832.714411154156551 ], [ 344108.631169989064801, 2043802.709733079886064 ], [ 344143.028770825185347, 2043768.311067785136402 ], [ 344143.028770825185347, 2043738.306389711098745 ], [ 344173.032520411710721, 2043708.301711636828259 ], [ 344173.032520411710721, 2043425.831728618592024 ], [ 344138.634919575531967, 2043391.433063323842362 ], [ 344108.631169989123009, 2043361.428385249571875 ], [ 344078.627420402539428, 2043331.423707175301388 ], [ 344044.229627273278311, 2043297.02484958129935 ], [ 344014.22587768669473, 2043297.02484958129935 ], [ 343988.616171643021517, 2043271.414351026760414 ], [ 343954.218378513760399, 2043237.015493432758376 ], [ 343924.214628927235026, 2043237.015493432758376 ], [ 343898.60492288362002, 2043211.404994878219441 ], [ 343864.20712975418428, 2043177.006137284217402 ], [ 343834.203380167600699, 2043177.006137284217402 ], [ 343812.987525373697281, 2043155.789625950390473 ], [ 343812.987525373697281, 2042945.756879430497065 ], [ 343789.197523673181422, 2042921.96614153124392 ], [ 343812.987525373697281, 2042898.175403631990775 ], [ 343812.987525373697281, 2042868.170725557953119 ], [ 343842.991274960164446, 2042838.166047483682632 ], [ 343842.991274960164446, 2042525.691386391175911 ], [ 343812.987525373697281, 2042495.686708316905424 ], [ 343812.987525373697281, 2042465.682030242634937 ], [ 343774.195880994666368, 2042426.889185428153723 ], [ 343744.192131408199202, 2042426.889185428153723 ], [ 343722.976276614179369, 2042405.672674094093964 ], [ 343722.976276614179369, 2042165.635249500162899 ], [ 343658.574926191475242, 2042101.23190613114275 ], [ 343628.571176605066285, 2042071.227228056872264 ], [ 343594.173383475630544, 2042036.828370462870225 ], [ 343564.169633889105171, 2042036.828370462870225 ], [ 343538.559927845490165, 2042011.217871908564121 ], [ 343508.556178258964792, 2041981.213193834293634 ], [ 343482.946279922151007, 2041955.602502980502322 ], [ 343482.946279922151007, 2041925.597824906231835 ], [ 343452.942530335625634, 2041895.593146831961349 ], [ 343452.942530335625634, 2041865.588468757690862 ], [ 343422.938780749158468, 2041835.583790683420375 ], [ 343422.938780749158468, 2041805.579112609149888 ], [ 343392.935031162633095, 2041775.574434534879401 ], [ 343392.935031162633095, 2041715.565078386571258 ], [ 343362.931281576107722, 2041685.560400312300771 ], [ 343362.931281576107722, 2041667.983602588064969 ], [ 343392.935031162633095, 2041637.978924513794482 ], [ 343392.935031162633095, 2041487.955534142442048 ], [ 343422.938780749158468, 2041457.950856068404391 ], [ 343422.938780749158468, 2041397.941499919863418 ], [ 343448.548679086030461, 2041372.330809066072106 ], [ 343474.158385129645467, 2041346.720310511533171 ], [ 343504.162134716112632, 2041346.720310511533171 ], [ 343542.953779095143545, 2041307.927465697051957 ], [ 343542.953779095143545, 2041277.92278762278147 ], [ 343572.957528681668919, 2041247.918109548510984 ], [ 343572.957528681668919, 2041217.913431474240497 ], [ 343594.173383475572336, 2041196.696920140413567 ], [ 343654.180882648623083, 2041196.696920140413567 ], [ 343692.972527027653996, 2041157.904075325932354 ], [ 343692.972527027653996, 2041127.899397251661867 ], [ 343718.582425364525989, 2041102.288706397870556 ], [ 343748.586174951051362, 2041072.284028323600069 ], [ 343774.195880994666368, 2041046.673529769061133 ], [ 343804.199630581249949, 2041046.673529769061133 ], [ 343838.597423710569274, 2041012.274672175059095 ], [ 343898.604922883561812, 2040952.265316026518121 ], [ 343928.608672470087186, 2040922.260637952247635 ], [ 343954.218378513643984, 2040896.65013939794153 ], [ 344023.01377247920027, 2040896.65013939794153 ], [ 344023.01377247920027, 2040797.847938434919342 ], [ 344053.017522065725643, 2040767.843260360648856 ], [ 344053.017522065725643, 2040707.833904212107882 ], [ 344078.627420402597636, 2040682.223213358316571 ], [ 344113.025021238718182, 2040647.824548063566908 ], [ 344113.025021238718182, 2040485.373277342412621 ], [ 344083.021271652192809, 2040455.368599268142134 ], [ 344083.021271652192809, 2040347.777767321094871 ], [ 344113.025021238718182, 2040317.773089247057214 ], [ 344113.025021238718182, 2040155.321818525670096 ], [ 344078.627420402539428, 2040120.923153230920434 ], [ 344053.017522065725643, 2040095.312462377129123 ], [ 344053.017522065725643, 2040035.30310622882098 ], [ 344023.01377247920027, 2040005.298428154550493 ], [ 344023.01377247920027, 2039975.293750080280006 ], [ 343984.222128100169357, 2039936.500905265798792 ], [ 343924.214628927235026, 2039936.500905265798792 ], [ 343898.60492288362002, 2039910.890406711259857 ], [ 343842.991274960164446, 2039855.275037783198059 ], [ 343842.991274960164446, 2039825.270359708927572 ], [ 343812.987525373697281, 2039795.265681634657085 ], [ 343812.987525373697281, 2039747.684205836383626 ], [ 343842.991274960164446, 2039717.679527762113139 ], [ 343842.991274960164446, 2039465.214222818147391 ], [ 343812.987525373697281, 2039435.209544743876904 ], [ 343812.987525373697281, 2039375.200188595335931 ], [ 343748.586174950993154, 2039310.796845226315781 ], [ 343722.976276614179369, 2039285.18615437252447 ], [ 343722.976276614179369, 2039255.181476298253983 ], [ 343658.574926191475242, 2039190.778132929233834 ], [ 343624.17713306209771, 2039156.379275335464627 ], [ 343594.173383475688752, 2039156.379275335464627 ], [ 343568.563677432073746, 2039130.768776780925691 ], [ 343534.165884302638005, 2039096.369919186923653 ], [ 343504.16213471617084, 2039096.369919186923653 ], [ 343478.552428672555834, 2039070.759420632384717 ], [ 343448.548679085972253, 2039040.754742558114231 ], [ 343418.544929499563295, 2039010.750064483843744 ], [ 343384.147136370127555, 2038976.351206889841706 ], [ 343324.139637197135016, 2038976.351206889841706 ], [ 343264.13213802408427, 2038916.341850741300732 ], [ 343161.692465019295923, 2038916.341850741300732 ], [ 343131.68871543277055, 2038946.346528815571219 ], [ 343101.684965846186969, 2038946.346528815571219 ], [ 343071.681216259719804, 2038976.351206889841706 ], [ 343041.677466673252638, 2038976.351206889841706 ], [ 343011.673717086727265, 2039006.355884964112192 ], [ 342921.662468327267561, 2039006.355884964112192 ], [ 342891.658718740742188, 2039036.360563038382679 ], [ 342861.654969154158607, 2039036.360563038382679 ], [ 342822.863324775244109, 2039075.153407852863893 ], [ 342822.863324775244109, 2039105.15808592713438 ], [ 342807.861682103946805, 2039120.160192835144699 ], [ 342792.860039432591293, 2039105.15808592713438 ], [ 342792.860039432591293, 2039057.57661012862809 ], [ 342818.469937769463286, 2039031.965919274836779 ], [ 342848.473687355930451, 2039001.961241200566292 ], [ 342882.871288192050997, 2038967.56257590581663 ], [ 342882.871288192050997, 2038625.083236739039421 ], [ 342852.867538605583832, 2038595.078558665001765 ], [ 342852.867538605583832, 2038577.501760940765962 ], [ 342882.871288192050997, 2038547.497082866495475 ], [ 342882.871288192050997, 2038517.492404792224988 ], [ 342904.08714298607083, 2038496.275893458165228 ], [ 342934.090892572654411, 2038496.275893458165228 ], [ 342964.094642159121577, 2038466.271215383894742 ], [ 342994.09839174564695, 2038466.271215383894742 ], [ 343024.102141332114115, 2038436.266537309624255 ], [ 343054.105890918581281, 2038436.266537309624255 ], [ 343092.897535297612194, 2038397.473692495143041 ], [ 343092.897535297612194, 2038367.469014420872554 ], [ 343122.901284884079359, 2038337.464336346834898 ], [ 343122.901284884079359, 2038307.459658272564411 ], [ 343182.908784057130106, 2038247.450302124023438 ], [ 343182.908784057130106, 2038217.445624049752951 ], [ 343212.912533643597271, 2038187.440945975482464 ], [ 343212.912533643597271, 2038157.436267901211977 ], [ 343238.522431980469264, 2038131.825577047420666 ], [ 343264.132138024142478, 2038106.21507849288173 ], [ 343354.143386783543974, 2038106.21507849288173 ], [ 343384.147136370069347, 2038076.210400418844074 ], [ 343444.154635543120094, 2038076.210400418844074 ], [ 343478.552428672497626, 2038041.811542824842036 ], [ 343512.950029508618172, 2038007.412877530092373 ], [ 343512.950029508618172, 2037947.4035213815514 ], [ 343542.953779095143545, 2037917.398843307280913 ], [ 343542.953779095143545, 2037827.384809084469453 ], [ 343568.563677432015538, 2037801.774118230678141 ], [ 343594.173383475572336, 2037776.163619676372036 ], [ 343654.180882648623083, 2037776.163619676372036 ], [ 343684.184632235148456, 2037746.15894160210155 ], [ 343744.192131408140995, 2037746.15894160210155 ], [ 343774.195880994666368, 2037716.154263527831063 ], [ 343804.199630581249949, 2037716.154263527831063 ], [ 343834.203380167717114, 2037686.149585453560576 ], [ 343924.214628927176818, 2037686.149585453560576 ], [ 343954.218378513702191, 2037656.144907379290089 ], [ 344134.240876032679807, 2037656.144907379290089 ], [ 344198.642418748582713, 2037591.741371711017564 ], [ 344224.252124792255927, 2037566.130873156478629 ], [ 344254.255874378723092, 2037566.130873156478629 ], [ 344288.653667508100625, 2037531.73201556247659 ], [ 344323.051268344221171, 2037497.333350267959759 ], [ 344323.051268344221171, 2037377.314637970877811 ], [ 344378.664916267618537, 2037321.699269042816013 ], [ 344404.274622311291751, 2037296.088770488277078 ], [ 344434.278371897817124, 2037296.088770488277078 ], [ 344464.282121484284289, 2037266.084092414006591 ], [ 344494.285871070751455, 2037266.084092414006591 ], [ 344528.683664200128987, 2037231.685234820004553 ], [ 344558.687413786596153, 2037201.680556745966896 ], [ 344593.085014622774906, 2037167.281891451217234 ], [ 344593.085014622774906, 2037107.27253530267626 ], [ 344623.088764209242072, 2037077.267857228405774 ], [ 344623.088764209242072, 2036944.821264581289142 ], [ 344593.085014622774906, 2036914.816586507251486 ], [ 344593.085014622774906, 2036897.239788783015683 ], [ 344623.088764209242072, 2036867.235110708745196 ], [ 344623.088764209242072, 2036657.202364188851789 ], [ 344648.698662546114065, 2036631.591673335293308 ], [ 344678.702412132639438, 2036601.586995261022821 ], [ 344708.706161719164811, 2036571.582317186752334 ], [ 344734.315867762779817, 2036545.971818632213399 ], [ 344764.319617349363398, 2036545.971818632213399 ], [ 344794.323366935830563, 2036515.967140557942912 ], [ 344824.327116522297729, 2036515.967140557942912 ], [ 344858.724909651675262, 2036481.568282963940874 ], [ 344884.334615695348475, 2036455.957784409401938 ], [ 345004.34961404139176, 2036455.957784409401938 ], [ 345034.353363627858926, 2036425.953106335131451 ], [ 345064.357113214384299, 2036425.953106335131451 ], [ 345094.360862800851464, 2036395.948428260860965 ], [ 345124.364612387260422, 2036395.948428260860965 ], [ 345154.368361973785795, 2036365.943750186823308 ], [ 345193.160006352816708, 2036365.943750186823308 ], [ 345193.160006352816708, 2036297.146227298071608 ], [ 345223.163755939342082, 2036267.141549223801121 ], [ 345223.163755939342082, 2036117.118158852448687 ], [ 345253.167505525867455, 2036087.1134807781782 ], [ 345253.167505525867455, 2036057.108802704140544 ], [ 345283.17125511233462, 2036027.104124629870057 ], [ 345283.17125511233462, 2035834.648175834212452 ], [ 345253.167505525867455, 2035804.643497759941965 ], [ 345253.167505525867455, 2035774.638819685904309 ], [ 345223.163755939342082, 2035744.634141611633822 ], [ 345223.163755939342082, 2035397.005885070655495 ], [ 345248.773654276214074, 2035371.395194216864184 ], [ 345283.17125511233462, 2035336.996528922114521 ], [ 345283.17125511233462, 2035246.982494699303061 ], [ 345313.175004698859993, 2035216.977816625265405 ], [ 345313.175004698859993, 2035114.53590205241926 ], [ 345274.38336031982908, 2035075.743057237938046 ], [ 345184.372111560369376, 2035075.743057237938046 ], [ 345154.368361973902211, 2035045.73837916366756 ], [ 345124.36461238731863, 2035045.73837916366756 ], [ 345103.148757593298797, 2035024.5218678296078 ], [ 345103.148757593298797, 2034994.517189755337313 ], [ 345073.145008006831631, 2034964.512511681066826 ], [ 345073.145008006831631, 2034934.507833606796339 ], [ 345043.141258420306258, 2034904.503155532758683 ], [ 345043.141258420306258, 2034874.498477458488196 ], [ 345013.137508833839092, 2034844.493799384217709 ], [ 345013.137508833839092, 2034784.484443235676736 ], [ 344983.133759247313719, 2034754.479765161406249 ], [ 344983.133759247313719, 2034724.475087087135762 ], [ 344953.130009660788346, 2034694.470409012865275 ], [ 344953.130009660788346, 2034664.465730938594788 ], [ 344923.126260074321181, 2034634.461052864557132 ], [ 344923.126260074321181, 2034604.456374790286645 ], [ 344888.728659238142427, 2034570.057709495536983 ], [ 344854.33086610888131, 2034535.658851901534945 ], [ 344824.327116522297729, 2034535.658851901534945 ], [ 344798.717410478624515, 2034510.048353346996009 ], [ 344768.713660892215557, 2034480.043675272725523 ], [ 344734.315867762779817, 2034445.644817678723484 ], [ 344704.312118176312651, 2034445.644817678723484 ], [ 344678.702412132697646, 2034420.034319124184549 ], [ 344653.092513795767445, 2034394.423628270393237 ], [ 344653.092513795767445, 2034274.404915973544121 ], [ 344623.088764209242072, 2034244.400237899273634 ], [ 344623.088764209242072, 2034064.372169453883544 ], [ 344593.085014622774906, 2034034.367491379613057 ], [ 344593.085014622774906, 2034004.36281330534257 ], [ 344558.687413786596153, 2033969.964148010592908 ], [ 344528.683664200187195, 2033939.959469936322421 ], [ 344503.073765863256995, 2033914.348779082531109 ], [ 344503.073765863256995, 2033824.334744859719649 ], [ 344473.070016276731621, 2033794.330066785449162 ], [ 344473.070016276731621, 2033764.325388711411506 ], [ 344438.672415440669283, 2033729.926723416661844 ], [ 344408.668665854085702, 2033699.922045342391357 ], [ 344378.664916267676745, 2033669.91736726812087 ], [ 344314.263373551715631, 2033605.513831599848345 ], [ 344224.252124792255927, 2033605.513831599848345 ], [ 344194.248375205788761, 2033575.509153525577858 ], [ 344164.244625619205181, 2033575.509153525577858 ], [ 344134.240876032679807, 2033545.504475451307371 ], [ 344104.237126446212642, 2033545.504475451307371 ], [ 344074.233376859687269, 2033515.499797377036884 ], [ 344044.229627273161896, 2033515.499797377036884 ], [ 344014.225877686636522, 2033485.495119302999228 ], [ 343864.20712975418428, 2033485.495119302999228 ], [ 343838.597423710511066, 2033459.884620748460293 ], [ 343804.199630581249949, 2033425.485763154458255 ], [ 343714.188381821673829, 2033425.485763154458255 ], [ 343684.184632235148456, 2033395.481085080187768 ], [ 343624.177133062155917, 2033395.481085080187768 ], [ 343594.173383475630544, 2033365.476407005917281 ], [ 343564.169633889163379, 2033365.476407005917281 ], [ 343504.162134716112632, 2033305.467050857376307 ], [ 343474.158385129645467, 2033305.467050857376307 ], [ 343448.548679085972253, 2033279.856552302837372 ], [ 343418.544929499563295, 2033249.851874228566885 ], [ 343384.147136370127555, 2033215.453016634564847 ], [ 343354.143386783543974, 2033215.453016634564847 ], [ 343328.533680739987176, 2033189.842518080258742 ], [ 343294.135887610609643, 2033155.443660486256704 ], [ 343264.132138024142478, 2033155.443660486256704 ], [ 343242.916283230122644, 2033134.227149152196944 ], [ 343242.916283230122644, 2032996.631639130879194 ], [ 343272.92003281658981, 2032966.626961056608707 ], [ 343272.92003281658981, 2032936.622282982571051 ], [ 343309.137530289124697, 2032900.403664733283222 ], [ 343272.92003281658981, 2032864.185046483995393 ], [ 343272.92003281658981, 2032834.180368409724906 ], [ 343238.522431980527472, 2032799.781703114975244 ], [ 343208.518682393943891, 2032769.777025040704757 ], [ 343178.514932807534933, 2032739.77234696643427 ], [ 343144.117139678099193, 2032705.373489372432232 ], [ 343114.113390091632027, 2032705.373489372432232 ], [ 343088.503684048017021, 2032679.762990817893296 ], [ 343054.105890918581281, 2032645.364133223891258 ], [ 342814.075894226494711, 2032645.364133223891258 ], [ 342784.072144640027545, 2032615.359455149853602 ], [ 342754.06839505356038, 2032615.359455149853602 ], [ 342724.064645467035007, 2032585.354777075583115 ], [ 342694.060895880567841, 2032585.354777075583115 ], [ 342638.447440250369254, 2032529.739600446773693 ], [ 342608.443690663960297, 2032499.734922372503206 ], [ 342552.830042740504723, 2032444.119553444441408 ], [ 342552.830042740504723, 2032384.110197295900434 ], [ 342522.826293154037558, 2032354.105519221862778 ], [ 342522.826293154037558, 2032204.082128850510344 ], [ 342492.822543567512184, 2032174.077450776239857 ], [ 342492.822543567512184, 2032075.27524981321767 ], [ 342454.030899188481271, 2032075.27524981321767 ], [ 342424.027149601955898, 2032045.270571739180014 ], [ 342394.02340001554694, 2032045.270571739180014 ], [ 342368.413693971931934, 2032019.660073184641078 ], [ 342342.803795635001734, 2031994.049382330849767 ], [ 342342.803795635001734, 2031844.025991959497333 ], [ 342312.800046048534568, 2031814.021313885226846 ], [ 342312.800046048534568, 2031775.228469070978463 ], [ 342274.008401669503655, 2031775.228469070978463 ], [ 342244.004652082978282, 2031745.223790996707976 ], [ 342214.000902496511117, 2031745.223790996707976 ], [ 342158.38744686631253, 2031689.608614367898554 ], [ 342123.989653737051412, 2031655.209756773896515 ], [ 342093.985904150467832, 2031655.209756773896515 ], [ 342068.376198106794618, 2031629.59925821935758 ], [ 342038.37244852038566, 2031599.594580145087093 ], [ 342008.368698933802079, 2031569.589902070816606 ], [ 341978.364949347393122, 2031539.585223996546119 ], [ 341943.967156217899173, 2031505.186366402776912 ], [ 341913.963406631490216, 2031505.186366402776912 ], [ 341883.95965704502305, 2031475.181688328506425 ], [ 341853.955907458497677, 2031475.181688328506425 ], [ 341817.73794574936619, 2031438.962605828186497 ], [ 341781.519984040118288, 2031475.181688328506425 ], [ 341673.933409939461853, 2031475.181688328506425 ], [ 341648.323703895846847, 2031449.57118977396749 ], [ 341588.316204722737893, 2031389.561833625426516 ], [ 341558.312455136328936, 2031359.557155551156029 ], [ 341532.702556799398735, 2031333.946464697364718 ], [ 341532.702556799398735, 2031273.937108548823744 ], [ 341502.69880721293157, 2031243.932430474553257 ], [ 341502.69880721293157, 2031213.927752400515601 ], [ 341472.695057626406197, 2031183.923074326245114 ], [ 341472.695057626406197, 2031153.918396251974627 ], [ 341442.691308039880823, 2031123.913718177704141 ], [ 341442.691308039880823, 2030986.31820815638639 ], [ 341472.695057626406197, 2030956.313530082348734 ], [ 341472.695057626406197, 2030926.308852008078247 ], [ 341493.91091242042603, 2030905.092340674018487 ], [ 341613.925910766411107, 2030905.092340674018487 ], [ 341652.71755514544202, 2030866.299495859537274 ], [ 341652.71755514544202, 2030763.857581286691129 ], [ 341622.713805558916647, 2030733.852903212420642 ], [ 341622.713805558916647, 2030703.848225138150156 ], [ 341588.316204722737893, 2030669.449559843400493 ], [ 341562.706306385924108, 2030643.838868989842013 ], [ 341562.706306385924108, 2030596.257393191335723 ], [ 341588.316204722796101, 2030570.646702337544411 ], [ 341613.925910766411107, 2030545.036203783005476 ], [ 341652.71755514544202, 2030545.036203783005476 ], [ 341652.71755514544202, 2030506.243358968524262 ], [ 341682.721304731909186, 2030476.238680894253775 ], [ 341682.721304731909186, 2030433.806122469948605 ], [ 341652.71755514544202, 2030403.801444395678118 ], [ 341652.71755514544202, 2030283.782732098829001 ], [ 341622.713805558916647, 2030253.778054024558514 ], [ 341622.713805558916647, 2030223.773375950288028 ], [ 341583.922161179885734, 2030184.980531135806814 ], [ 341553.918411593418568, 2030184.980531135806814 ], [ 341528.308705549745355, 2030159.370032581267878 ], [ 341498.304955963336397, 2030129.365354506997392 ], [ 341463.907162833900657, 2030094.966496912995353 ], [ 341403.89966366084991, 2030094.966496912995353 ], [ 341373.895914074324537, 2030064.961818838957697 ], [ 341343.892164487915579, 2030064.961818838957697 ], [ 341313.888414901390206, 2030034.95714076468721 ], [ 341271.456241069477983, 2030034.95714076468721 ], [ 341237.058447940158658, 2030069.355998358689249 ], [ 341211.448741896601859, 2030094.966496912995353 ], [ 341181.444992309960071, 2030094.966496912995353 ], [ 341142.653347931045573, 2030133.759341727476567 ], [ 341142.653347931045573, 2030163.764019801747054 ], [ 341112.6495983445202, 2030193.768697876017541 ], [ 341112.6495983445202, 2030313.787410173099488 ], [ 341082.645848757994827, 2030343.792088247369975 ], [ 341082.645848757994827, 2030403.801444395678118 ], [ 341057.035950421122834, 2030429.412135249469429 ], [ 341022.638349585002288, 2030463.810800544219092 ], [ 341022.638349585002288, 2030523.820156692760065 ], [ 340997.028451248130295, 2030549.430847546551377 ], [ 340932.627100825484376, 2030613.834190915571526 ], [ 340932.627100825484376, 2030643.838868989842013 ], [ 340907.017202488670591, 2030669.449559843400493 ], [ 340881.407496444997378, 2030695.060058397939429 ], [ 340791.396247685421258, 2030695.060058397939429 ], [ 340752.60460330650676, 2030733.852903212420642 ], [ 340752.60460330650676, 2030763.857581286691129 ], [ 340722.600853719981387, 2030793.862259360961616 ], [ 340722.600853719981387, 2030823.866937435232103 ], [ 340696.990955383109394, 2030849.477628289023414 ], [ 340666.987205796584021, 2030879.482306363293901 ], [ 340641.377499752969015, 2030905.092804917832837 ], [ 340602.585855373938102, 2030905.092804917832837 ], [ 340602.585855373938102, 2031153.918396251974627 ], [ 340581.370000579918269, 2031175.134907586034387 ], [ 340551.366250993392896, 2031175.134907586034387 ], [ 340516.968457864073571, 2031209.533765180036426 ], [ 340486.964708277606405, 2031239.538443254074082 ], [ 340461.355002233933192, 2031265.148941808613017 ], [ 340371.343753474473488, 2031265.148941808613017 ], [ 340341.340003887948114, 2031295.153619882883504 ], [ 340281.332504714955576, 2031295.153619882883504 ], [ 340251.328755128430203, 2031325.158297957153991 ], [ 340221.325005541846622, 2031325.158297957153991 ], [ 340191.321255955379456, 2031355.162976031424478 ], [ 340161.317506368912291, 2031355.162976031424478 ], [ 340126.919713239534758, 2031389.561833625426516 ], [ 340101.310007195861544, 2031415.172332179965451 ], [ 340062.518362816888839, 2031415.172332179965451 ], [ 340062.518362816888839, 2031483.969855068717152 ], [ 340032.514613230421674, 2031513.974533142987639 ], [ 340032.514613230421674, 2031856.453872309532017 ], [ 340062.518362816888839, 2031886.458550383802503 ], [ 340062.518362816888839, 2031916.46322845807299 ], [ 340096.915963653067593, 2031950.861893752822652 ], [ 340122.525861989881378, 2031976.472584606613964 ], [ 340122.525861989881378, 2032006.477262680884451 ], [ 340152.529611576406751, 2032036.481940755154938 ], [ 340152.529611576406751, 2032096.491296903463081 ], [ 340182.533361162932124, 2032126.495974977733567 ], [ 340182.533361162932124, 2032294.096163073321804 ], [ 340152.529611576406751, 2032324.100841147592291 ], [ 340152.529611576406751, 2032354.105519221862778 ], [ 340126.919713239534758, 2032379.716210075421259 ], [ 340092.522112403414212, 2032414.114875370170921 ], [ 340092.522112403414212, 2032444.119553444441408 ], [ 340066.912214066542219, 2032469.730244298232719 ], [ 340036.908464480016846, 2032499.734922372503206 ], [ 339976.900965307024308, 2032559.74427852104418 ], [ 339951.291259263351094, 2032585.354777075583115 ], [ 339861.28001050389139, 2032585.354777075583115 ], [ 339831.276260917366017, 2032615.359455149853602 ], [ 339801.272511330957059, 2032615.359455149853602 ], [ 339762.480866951867938, 2032654.152299964101985 ], [ 339762.480866951867938, 2032744.166334186913446 ], [ 339741.265012157848105, 2032765.382845520973206 ], [ 339711.261262571380939, 2032765.382845520973206 ], [ 339681.257512984855566, 2032795.387523595243692 ], [ 339612.462119019357488, 2032795.387523595243692 ], [ 339612.462119019357488, 2032864.185046483995393 ], [ 339582.458369432832114, 2032894.18972455826588 ], [ 339582.458369432832114, 2032924.194402632536367 ], [ 339561.242514638928697, 2032945.410913966363296 ], [ 339531.238765052345116, 2032945.410913966363296 ], [ 339501.235015465819743, 2032975.415592040633783 ], [ 339471.231265879352577, 2032975.415592040633783 ], [ 339441.227516292827204, 2033005.42027011490427 ], [ 339381.220017119834665, 2033005.42027011490427 ], [ 339346.822223990457132, 2033039.819127708906308 ], [ 339316.818474403931759, 2033069.823805783176795 ], [ 339286.814724817464594, 2033099.828483857447281 ], [ 339261.20501877379138, 2033125.438982411986217 ], [ 339081.182521254813764, 2033125.438982411986217 ], [ 339016.780978538910858, 2033189.842518080258742 ], [ 338986.777228952443693, 2033219.847196154296398 ], [ 338961.167522908770479, 2033245.457694708835334 ], [ 338763.569700048596133, 2033245.457694708835334 ], [ 338737.959994004922919, 2033219.847196154296398 ], [ 338712.350095668109134, 2033194.236505300737917 ], [ 338712.350095668109134, 2033164.231827226467431 ], [ 338682.346346081583761, 2033134.227149152196944 ], [ 338682.346346081583761, 2033104.222471077926457 ], [ 338652.342596495058388, 2033074.21779300365597 ], [ 338652.342596495058388, 2033035.424948189174756 ], [ 338613.550952116085682, 2033035.424948189174756 ], [ 338583.547202529560309, 2033005.42027011490427 ], [ 338553.543452943093143, 2033005.42027011490427 ], [ 338532.32759814907331, 2032984.20375878084451 ], [ 338532.32759814907331, 2032954.199080706574023 ], [ 338502.323848562547937, 2032924.194402632536367 ], [ 338502.323848562547937, 2032864.185046483995393 ], [ 338472.320098976080772, 2032834.180368409724906 ], [ 338472.320098976080772, 2032804.175690335454419 ], [ 338442.316349389555398, 2032774.171012261183932 ], [ 338442.316349389555398, 2032744.166334186913446 ], [ 338403.524705010524485, 2032705.373489372432232 ], [ 338283.509706664539408, 2032705.373489372432232 ], [ 338257.900000620866194, 2032679.762990817893296 ], [ 338223.502207491605077, 2032645.364133223891258 ], [ 338193.498457904963288, 2032645.364133223891258 ], [ 338157.280496195831802, 2032609.145050724036992 ], [ 338121.062534486758523, 2032645.364133223891258 ], [ 338061.055035313591361, 2032645.364133223891258 ], [ 338031.051285727124196, 2032675.368811298161745 ], [ 337743.442214107490145, 2032675.368811298161745 ], [ 337713.438464520964772, 2032645.364133223891258 ], [ 337683.434714934381191, 2032645.364133223891258 ], [ 337662.218860140477773, 2032624.147621890064329 ], [ 337662.218860140477773, 2032594.142943815793842 ], [ 337632.2151105539524, 2032564.138265741523355 ], [ 337632.2151105539524, 2032534.133587667252868 ], [ 337602.211360967427026, 2032504.128909592982382 ], [ 337602.211360967427026, 2032444.119553444441408 ], [ 337572.207611380959861, 2032414.114875370170921 ], [ 337572.207611380959861, 2032324.100841147592291 ], [ 337533.415967001928948, 2032285.307996333111078 ], [ 337413.400968655943871, 2032285.307996333111078 ], [ 337387.791262612270657, 2032259.697497778572142 ], [ 337362.181364275456872, 2032234.086806924780831 ], [ 337362.181364275456872, 2032195.293962110299617 ], [ 337323.389719896425959, 2032195.293962110299617 ], [ 337302.173865102406126, 2032174.077450776239857 ], [ 337302.173865102406126, 2032135.284605961758643 ], [ 337263.38222072343342, 2032135.284605961758643 ], [ 337242.166365929413587, 2032114.068094627698883 ], [ 337242.166365929413587, 2032075.27524981321767 ], [ 336980.920050199551042, 2032075.27524981321767 ], [ 336946.522257070173509, 2032109.674107407219708 ], [ 336920.912551026500296, 2032135.284605961758643 ], [ 336890.908801439974923, 2032135.284605961758643 ], [ 336856.511008310655598, 2032169.683463555760682 ], [ 336822.113407474535052, 2032204.082128850510344 ], [ 336822.113407474535052, 2032354.105519221862778 ], [ 336792.109657888009679, 2032384.110197295900434 ], [ 336792.109657888009679, 2032444.119553444441408 ], [ 336766.499759551137686, 2032469.730244298232719 ], [ 336732.10215871501714, 2032504.128909592982382 ], [ 336732.10215871501714, 2032564.138265741523355 ], [ 336706.492260378145147, 2032589.748956595314667 ], [ 336680.882554334471934, 2032615.359455149853602 ], [ 336590.871305575070437, 2032615.359455149853602 ], [ 336560.867555988545064, 2032645.364133223891258 ], [ 336522.075911609514151, 2032645.364133223891258 ], [ 336522.075911609514151, 2032714.161656112642959 ], [ 336500.860056815494318, 2032735.378167446702719 ], [ 336470.856307228910737, 2032735.378167446702719 ], [ 336436.458514099591412, 2032769.777025040704757 ], [ 336410.848808055976406, 2032795.387523595243692 ], [ 336282.045914917485788, 2032795.387523595243692 ], [ 336282.045914917485788, 2032834.180368409724906 ], [ 336260.830060123465955, 2032855.396879743784666 ], [ 335870.781315498927142, 2032855.396879743784666 ], [ 335831.989671119896229, 2032894.18972455826588 ], [ 335831.989671119896229, 2032924.194402632536367 ], [ 335810.773816325992811, 2032945.410913966363296 ], [ 335553.168494292651303, 2032945.410913966363296 ], [ 335531.952639498689678, 2032924.194402632536367 ], [ 335531.952639498689678, 2032885.401557818055153 ], [ 335493.160995119716972, 2032885.401557818055153 ], [ 335463.157245533191599, 2032855.396879743784666 ], [ 335433.153495946724433, 2032855.396879743784666 ], [ 335396.935534237534739, 2032819.177797243464738 ], [ 335360.717572528345045, 2032855.396879743784666 ], [ 335240.702574182359967, 2032855.396879743784666 ], [ 335210.698824595834594, 2032885.401557818055153 ], [ 335073.108500908652786, 2032885.401557818055153 ], [ 335047.498794864979573, 2032859.791059263516217 ], [ 335013.101001735718455, 2032825.392201669514179 ], [ 334983.097252149193082, 2032825.392201669514179 ], [ 334957.487546105578076, 2032799.781703114975244 ], [ 334923.089752976142336, 2032765.382845520973206 ], [ 334863.082253803149797, 2032765.382845520973206 ], [ 334833.078504216624424, 2032735.378167446702719 ], [ 334743.06725545716472, 2032735.378167446702719 ], [ 334713.063505870697554, 2032705.373489372432232 ], [ 334623.052257111121435, 2032705.373489372432232 ], [ 334593.048507524596062, 2032675.368811298161745 ], [ 334533.041008351603523, 2032675.368811298161745 ], [ 334507.431302307930309, 2032649.75831274362281 ], [ 334477.427552721463144, 2032619.753634669585153 ], [ 334417.420053548412398, 2032559.74427852104418 ], [ 334387.41630396200344, 2032529.739600446773693 ], [ 334353.018510832567699, 2032495.340742852771655 ], [ 334323.014761246100534, 2032495.340742852771655 ], [ 334293.011011659575161, 2032465.336064778501168 ], [ 334160.567589068145026, 2032465.336064778501168 ], [ 334126.1697959388257, 2032499.734922372503206 ], [ 334070.556340308685321, 2032555.350099001312628 ], [ 334010.548841135634575, 2032555.350099001312628 ], [ 333980.54509154916741, 2032585.354777075583115 ], [ 332852.831031507404987, 2032585.354777075583115 ], [ 332822.827281920879614, 2032555.350099001312628 ], [ 332792.823532334412448, 2032555.350099001312628 ], [ 332762.819782747887075, 2032525.345420927042142 ], [ 332732.816033161419909, 2032525.345420927042142 ], [ 332702.812283574894536, 2032495.340742852771655 ], [ 332450.353862637537532, 2032495.340742852771655 ], [ 332420.350113051012158, 2032525.345420927042142 ], [ 332030.301368426473346, 2032525.345420927042142 ], [ 331995.903575297095813, 2032559.74427852104418 ], [ 331965.89982571057044, 2032589.748956595314667 ], [ 331935.896076124103274, 2032619.753634669585153 ], [ 331910.286370080546476, 2032645.364133223891258 ], [ 331880.282620493962895, 2032645.364133223891258 ], [ 331850.278870907437522, 2032675.368811298161745 ], [ 331622.67729846079601, 2032675.368811298161745 ], [ 331592.673548874328844, 2032645.364133223891258 ], [ 331562.669799287687056, 2032645.364133223891258 ], [ 331537.06009324407205, 2032619.753634669585153 ], [ 331502.662300114810932, 2032585.354777075583115 ], [ 331340.215127936913632, 2032585.354777075583115 ], [ 331310.211378350388259, 2032615.359455149853602 ], [ 331280.207628763979301, 2032615.359455149853602 ], [ 331250.203879177453928, 2032645.364133223891258 ], [ 331142.61730507662287, 2032645.364133223891258 ], [ 331112.613555490155704, 2032615.359455149853602 ], [ 331052.606056317221373, 2032615.359455149853602 ], [ 331022.602306730754208, 2032585.354777075583115 ], [ 330992.598557144228835, 2032585.354777075583115 ], [ 330971.382702350209001, 2032564.138265741523355 ], [ 330971.382702350209001, 2032534.133587667252868 ], [ 330932.591057971178088, 2032495.340742852771655 ], [ 330842.579809211718384, 2032495.340742852771655 ], [ 330812.576059625251219, 2032465.336064778501168 ], [ 330620.125137860828545, 2032465.336064778501168 ], [ 330555.723595144925639, 2032529.739600446773693 ], [ 330530.113889101252425, 2032555.350099001312628 ], [ 330500.110139514727052, 2032555.350099001312628 ], [ 330470.106389928259887, 2032585.354777075583115 ], [ 330260.08014282269869, 2032585.354777075583115 ], [ 330230.076393236231524, 2032615.359455149853602 ], [ 330170.068894063297193, 2032615.359455149853602 ], [ 330135.671100933919661, 2032649.75831274362281 ], [ 330110.061394890246447, 2032675.368811298161745 ], [ 329972.471071203064639, 2032675.368811298161745 ], [ 329942.467321616539266, 2032645.364133223891258 ], [ 329732.441074510978069, 2032645.364133223891258 ], [ 329702.437324924452696, 2032615.359455149853602 ], [ 329569.993902333255392, 2032615.359455149853602 ], [ 329535.596109203819651, 2032649.75831274362281 ], [ 329505.592359617294278, 2032679.762990817893296 ], [ 329441.191009194648359, 2032744.166334186913446 ], [ 329441.191009194648359, 2032774.171012261183932 ], [ 329415.581110857776366, 2032799.781703114975244 ], [ 329385.577361271309201, 2032829.786381189245731 ], [ 329359.967655227635987, 2032855.396879743784666 ], [ 329329.963905641168822, 2032855.396879743784666 ], [ 329295.566112511791289, 2032889.795737337786704 ], [ 329269.956406468118075, 2032915.40623589232564 ], [ 329089.933908949198667, 2032915.40623589232564 ], [ 329059.930159362673294, 2032945.410913966363296 ], [ 329029.926409776147921, 2032945.410913966363296 ], [ 328999.922660189622547, 2032975.415592040633783 ], [ 328601.086020772578195, 2032975.415592040633783 ], [ 328601.086020772578195, 2033014.208436855114996 ], [ 328571.082271186052822, 2033044.213114929385483 ], [ 328571.082271186052822, 2033074.21779300365597 ], [ 328545.472372849180829, 2033099.828483857447281 ], [ 328485.46487367618829, 2033159.837840005988255 ], [ 328455.461124089662917, 2033189.842518080258742 ], [ 328429.851418046106119, 2033215.453016634564847 ], [ 328369.843918873055372, 2033215.453016634564847 ], [ 328339.840169286529999, 2033245.457694708835334 ], [ 328309.836419700062834, 2033245.457694708835334 ], [ 328275.438626570685301, 2033279.856552302837372 ], [ 328245.434876984159928, 2033309.861230377107859 ], [ 328219.825170940544922, 2033335.471728931646794 ], [ 327992.223598493845202, 2033335.471728931646794 ], [ 327962.219848907319829, 2033305.467050857376307 ], [ 327902.21234973432729, 2033305.467050857376307 ], [ 327880.996494940307457, 2033284.250539523316547 ], [ 327880.996494940307457, 2033254.24586144904606 ], [ 327846.598894104245119, 2033219.847196154296398 ], [ 327812.201100974751171, 2033185.448338560527191 ], [ 327752.19360180181684, 2033185.448338560527191 ], [ 327722.189852215291467, 2033155.443660486256704 ], [ 327662.182353042298928, 2033155.443660486256704 ], [ 327625.964391333051026, 2033119.224577985936776 ], [ 327589.746429623919539, 2033155.443660486256704 ], [ 327559.742680037452374, 2033155.443660486256704 ], [ 327520.951035658421461, 2033194.236505300737917 ], [ 327520.951035658421461, 2033224.241183374775574 ], [ 327495.341137321549468, 2033249.851874228566885 ], [ 327465.337387735082302, 2033279.856552302837372 ], [ 327439.727681691409089, 2033305.467050857376307 ], [ 327409.723932104941923, 2033305.467050857376307 ], [ 327379.72018251841655, 2033335.471728931646794 ], [ 327199.697684999438934, 2033335.471728931646794 ], [ 327135.296142283536028, 2033399.875264599919319 ], [ 327105.292392697010655, 2033429.879942674189806 ], [ 327079.682686653395649, 2033455.490441228728741 ], [ 327049.678937066812068, 2033455.490441228728741 ], [ 327015.281143937492743, 2033489.88929882273078 ], [ 326985.277394351025578, 2033519.893976896768436 ], [ 326959.667688307352364, 2033545.504475451307371 ], [ 326929.663938720885199, 2033545.504475451307371 ], [ 326899.660189134359825, 2033575.509153525577858 ], [ 326869.65643954789266, 2033575.509153525577858 ], [ 326839.652689961367287, 2033605.513831599848345 ], [ 326809.648940374900121, 2033605.513831599848345 ], [ 326779.645190788374748, 2033635.518509674118832 ], [ 326749.641441201791167, 2033635.518509674118832 ], [ 326715.243648072471842, 2033669.91736726812087 ], [ 326689.633942028856836, 2033695.527865822659805 ], [ 326552.043618341675028, 2033695.527865822659805 ], [ 326522.039868755149655, 2033665.523187748389319 ], [ 326492.03611916868249, 2033665.523187748389319 ], [ 326462.032369582157116, 2033635.518509674118832 ], [ 326131.99112413066905, 2033635.518509674118832 ], [ 326101.987374544201884, 2033605.513831599848345 ], [ 326071.983624957618304, 2033605.513831599848345 ], [ 326041.97987537109293, 2033575.509153525577858 ], [ 326011.976125784625765, 2033575.509153525577858 ], [ 325981.972376198100392, 2033545.504475451307371 ], [ 325741.942379506130237, 2033545.504475451307371 ], [ 325716.332673462515231, 2033519.893976896768436 ], [ 325686.32892387593165, 2033489.88929882273078 ], [ 325656.325174289406277, 2033459.884620748460293 ], [ 325621.92738116014516, 2033425.485763154458255 ], [ 325561.919881987094413, 2033425.485763154458255 ], [ 325536.310175943479408, 2033399.875264599919319 ], [ 325501.912382814043667, 2033365.476407005917281 ], [ 325381.89738446805859, 2033365.476407005917281 ], [ 325351.893634881533217, 2033335.471728931646794 ], [ 325291.886135708540678, 2033335.471728931646794 ], [ 325261.882386122015305, 2033305.467050857376307 ], [ 325219.450212290219497, 2033305.467050857376307 ], [ 325189.446462703694124, 2033335.471728931646794 ], [ 325129.438963530701585, 2033335.471728931646794 ], [ 325060.643569565145299, 2033404.269251820398495 ], [ 325060.643569565145299, 2033494.283286043209955 ], [ 325030.639819978678133, 2033524.287964117247611 ], [ 325030.639819978678133, 2033584.297320265788585 ], [ 325000.63607039215276, 2033614.301998340059072 ], [ 325000.63607039215276, 2033716.743912912905216 ], [ 325030.639819978678133, 2033746.748590987175703 ], [ 325030.639819978678133, 2033914.348779082531109 ], [ 325000.63607039215276, 2033944.353457156801596 ], [ 325000.63607039215276, 2034256.828118249308318 ], [ 325030.639819978678133, 2034286.832796323578805 ], [ 325030.639819978678133, 2034544.447018641745672 ], [ 325000.63607039215276, 2034574.451696716016158 ], [ 325000.63607039215276, 2034844.493799384217709 ], [ 324970.632320805627387, 2034874.498477458488196 ], [ 324970.632320805627387, 2035006.945070105371997 ], [ 325000.63607039215276, 2035036.949748179642484 ], [ 325000.63607039215276, 2035144.540580126689747 ], [ 324979.420215598132927, 2035165.757091460749507 ], [ 324889.408966838673223, 2035165.757091460749507 ], [ 324859.40521725214785, 2035195.761769535019994 ], [ 324790.609823286649771, 2035195.761769535019994 ], [ 324790.609823286649771, 2035234.554614349268377 ], [ 324754.392325814114884, 2035270.773232598556206 ], [ 324790.609823286649771, 2035306.991850847844034 ], [ 324790.609823286649771, 2035397.005885070655495 ], [ 324820.613572873116937, 2035427.010563144925982 ], [ 324820.613572873116937, 2035504.596717017469928 ], [ 324795.003674536244944, 2035530.207407871261239 ], [ 324769.393968492629938, 2035555.817906425800174 ], [ 324700.598574527131859, 2035555.817906425800174 ], [ 324700.598574527131859, 2035727.057343887398019 ], [ 324730.602324113657232, 2035757.062021961668506 ], [ 324730.602324113657232, 2036057.108802704140544 ], [ 324760.606073700124398, 2036087.1134807781782 ], [ 324760.606073700124398, 2036117.118158852448687 ], [ 324790.609823286649771, 2036147.122836926719174 ], [ 324790.609823286649771, 2036177.127515000989661 ], [ 324820.613572873116937, 2036207.132193075260147 ], [ 324820.613572873116937, 2036237.136871149530634 ], [ 324850.61732245964231, 2036267.141549223801121 ], [ 324850.61732245964231, 2036404.737059244886041 ], [ 324825.007424122770317, 2036430.347750098677352 ], [ 324799.397718079097103, 2036455.958248653216287 ], [ 324769.39396849257173, 2036455.958248653216287 ], [ 324734.996175363252405, 2036490.357106247218326 ], [ 324679.382719733112026, 2036545.972282876027748 ], [ 324649.378970146644861, 2036545.972282876027748 ], [ 324574.369828295020852, 2036620.98374593979679 ], [ 324610.587325767613947, 2036657.202364188851789 ], [ 324610.587325767613947, 2036687.207042263122275 ], [ 324649.378970146644861, 2036725.999887077603489 ], [ 324679.382719733112026, 2036725.999887077603489 ], [ 324709.386469319637399, 2036756.004565151873976 ], [ 324739.390218906104565, 2036756.004565151873976 ], [ 324764.999924949719571, 2036781.615063706412911 ], [ 324799.397718079155311, 2036816.01392130041495 ], [ 324829.401467665622476, 2036816.01392130041495 ], [ 324859.40521725214785, 2036846.018599374685436 ], [ 324889.408966838615015, 2036846.018599374685436 ], [ 324915.018672882230021, 2036871.629097929224372 ], [ 324949.416466011665761, 2036906.02795552322641 ], [ 324979.420215598132927, 2036906.02795552322641 ], [ 325005.029921641806141, 2036931.638454077765346 ], [ 325035.033671228331514, 2036961.643132151803002 ], [ 325065.037420814740472, 2036991.647810226073489 ], [ 325090.647319151670672, 2037017.2585010798648 ], [ 325090.647319151670672, 2037154.85401110118255 ], [ 325065.037420814798679, 2037180.464701954973862 ], [ 325035.033671228331514, 2037210.469380029011518 ], [ 325009.4239651846583, 2037236.079878583550453 ], [ 324979.420215598074719, 2037236.079878583550453 ], [ 324945.022422468755394, 2037270.478736177552491 ], [ 324910.624821632634848, 2037304.877401472302154 ], [ 324910.624821632634848, 2037334.882079546572641 ], [ 324885.014923295762856, 2037360.492770400363952 ], [ 324825.007424122770317, 2037420.502126548904926 ], [ 324799.397718079097103, 2037446.112625103443861 ], [ 324739.390218906162772, 2037446.112625103443861 ], [ 324700.598574527131859, 2037484.905469917925075 ], [ 324700.598574527131859, 2037514.910147991962731 ], [ 324670.594824940606486, 2037544.914826066233218 ], [ 324670.594824940606486, 2037574.919504140503705 ], [ 324644.984926603734493, 2037600.530194994295016 ], [ 324610.587325767613947, 2037634.928860289044678 ], [ 324610.587325767613947, 2037664.933538363315165 ], [ 324584.977427430741955, 2037690.544229217106476 ], [ 324554.973677844216581, 2037720.548907291376963 ], [ 324524.969928257749416, 2037750.55358536564745 ], [ 324494.966178671224043, 2037780.558263439685106 ], [ 324464.96242908469867, 2037810.562941513955593 ], [ 324430.564828248578124, 2037844.961606808705255 ], [ 324430.564828248578124, 2037874.966284882975742 ], [ 324400.561078662110958, 2037904.970962957246229 ], [ 324400.561078662110958, 2037947.4035213815514 ], [ 324430.564828248578124, 2037977.408199455821887 ], [ 324430.564828248578124, 2038007.412877530092373 ], [ 324460.568577835103497, 2038037.41755560436286 ], [ 324460.568577835103497, 2038067.422233678633347 ], [ 324490.572327421570662, 2038097.426911752671003 ], [ 324490.572327421570662, 2038127.43158982694149 ], [ 324550.579826594621409, 2038187.440945975482464 ], [ 324550.579826594621409, 2038295.031777922529727 ], [ 324520.576077008096036, 2038325.036455996800214 ], [ 324520.576077008096036, 2038415.050490219378844 ], [ 324490.572327421570662, 2038445.055168293649331 ], [ 324490.572327421570662, 2038505.064524442190304 ], [ 324460.568577835103497, 2038535.069202516460791 ], [ 324460.568577835103497, 2038565.073880590731278 ], [ 324434.958679498231504, 2038590.684571444522589 ], [ 324404.954929911764339, 2038620.689249518560246 ], [ 324379.345223868091125, 2038646.299748073099181 ], [ 324319.337724695098586, 2038646.299748073099181 ], [ 324289.333975108573213, 2038676.304426147369668 ], [ 324160.531081970082596, 2038676.304426147369668 ], [ 324160.531081970082596, 2038715.097270961850882 ], [ 324130.527332383557223, 2038745.101949036121368 ], [ 324130.527332383557223, 2038865.120661333203316 ], [ 324100.52358279703185, 2038895.125339407473803 ], [ 324100.52358279703185, 2038955.134695555781946 ], [ 324070.519833210564684, 2038985.139373630052432 ], [ 324070.519833210564684, 2039015.144051704322919 ], [ 324010.512334037513938, 2039075.153407852863893 ], [ 324010.512334037513938, 2039105.15808592713438 ], [ 323980.508584451046772, 2039135.162764001404867 ], [ 323980.508584451046772, 2039345.195510521065444 ], [ 323954.89868611417478, 2039370.806201374856755 ], [ 323924.894936527649406, 2039400.810879449127242 ], [ 323860.493586105003487, 2039465.214222818147391 ], [ 323860.493586105003487, 2039495.218900892185047 ], [ 323830.489836518536322, 2039525.223578966455534 ], [ 323830.489836518536322, 2039585.232935114996508 ], [ 323804.879938181664329, 2039610.843625968787819 ], [ 323774.876188595138956, 2039640.848304043058306 ], [ 323740.47858775901841, 2039675.246969337807968 ], [ 323740.47858775901841, 2039705.251647412078455 ], [ 323710.474838172493037, 2039735.256325486348942 ], [ 323710.474838172493037, 2039867.702918133232743 ], [ 323740.47858775901841, 2039897.707596207503229 ], [ 323740.47858775901841, 2039927.712274281773716 ], [ 323774.876188595197164, 2039962.110939576523378 ], [ 323804.879938181606121, 2039992.115617650793865 ], [ 323834.883687768189702, 2040022.120295725064352 ], [ 323864.88743735459866, 2040052.124973799334839 ], [ 323894.891186941182241, 2040082.129651873372495 ], [ 323920.501085278054234, 2040107.740342727163807 ], [ 323920.501085278054234, 2040266.551899838726968 ], [ 323989.296479243494105, 2040266.551899838726968 ], [ 324019.30022882996127, 2040296.556577912997454 ], [ 324049.303978416544851, 2040296.556577912997454 ], [ 324074.913684460218064, 2040322.16707646753639 ], [ 324104.91743404668523, 2040352.171754541574046 ], [ 324164.924933219735976, 2040412.18111069011502 ], [ 324190.534831556549761, 2040437.791801543906331 ], [ 324190.534831556549761, 2040467.796479618176818 ], [ 324254.936181979253888, 2040532.199822987196967 ], [ 324284.939931565662846, 2040562.204501061467454 ], [ 324310.549829902593046, 2040587.815191915258765 ], [ 324310.549829902593046, 2040677.829226137837395 ], [ 324344.947430738655385, 2040712.227891432587057 ], [ 324400.561078662110958, 2040767.843260360648856 ], [ 324400.561078662110958, 2040947.871328806038946 ], [ 324430.564828248578124, 2040977.876006880309433 ], [ 324430.564828248578124, 2041046.673529769061133 ], [ 324469.356472627550829, 2041046.673529769061133 ], [ 324499.360222214017995, 2041076.67820784333162 ], [ 324529.363971800601576, 2041076.67820784333162 ], [ 324559.367721387126949, 2041106.682885917602107 ], [ 324649.378970146586653, 2041106.682885917602107 ], [ 324679.382719733053818, 2041136.687563991872594 ], [ 324739.390218906104565, 2041136.687563991872594 ], [ 324769.39396849257173, 2041166.692242066143081 ], [ 324859.40521725214785, 2041166.692242066143081 ], [ 324889.408966838673223, 2041196.696920140413567 ], [ 324919.412716425198596, 2041196.696920140413567 ], [ 324945.022422468813602, 2041222.307418694719672 ], [ 324975.02617205522256, 2041252.312096768990159 ], [ 325009.4239651846583, 2041286.710954362992197 ], [ 325039.427714771125466, 2041286.710954362992197 ], [ 325060.643569565145299, 2041307.927465697051957 ], [ 325060.643569565145299, 2041415.518297644099221 ], [ 325030.639819978678133, 2041445.522975718369707 ], [ 325030.639819978678133, 2041487.955534142442048 ], [ 325060.643569565145299, 2041517.960212216712534 ], [ 325060.643569565145299, 2041556.753057031193748 ], [ 325099.435213944176212, 2041556.753057031193748 ], [ 325129.438963530701585, 2041586.757735105464235 ], [ 325159.442713117168751, 2041586.757735105464235 ], [ 325189.446462703694124, 2041616.762413179734722 ], [ 325219.450212290161289, 2041616.762413179734722 ], [ 325245.059918333776295, 2041642.372911734273657 ], [ 325275.063667920359876, 2041672.377589808544144 ], [ 325305.067417506768834, 2041702.382267882814631 ], [ 325335.071167093352415, 2041732.386945957085118 ], [ 325369.468960222788155, 2041766.785803550854325 ], [ 325399.472709809197113, 2041766.785803550854325 ], [ 325425.082415852870326, 2041792.396302105393261 ], [ 325455.086165439279284, 2041822.400980179663748 ], [ 325510.699813362734858, 2041878.016349107725546 ], [ 325510.699813362734858, 2042208.06780792446807 ], [ 325540.703562949202023, 2042238.072485998738557 ], [ 325540.703562949202023, 2042268.077164073009044 ], [ 325570.707312535727397, 2042298.081842147279531 ], [ 325570.707312535727397, 2042328.086520221317187 ], [ 325605.10491337190615, 2042362.485185516066849 ], [ 325635.108662958315108, 2042392.489863590337336 ], [ 325695.116162131424062, 2042452.49921973887831 ], [ 325725.11991171783302, 2042482.503897813148797 ], [ 325755.123661304416601, 2042512.508575887419283 ], [ 325780.733559641230386, 2042538.119266741210595 ], [ 325780.733559641230386, 2042568.123944815481082 ], [ 325815.131160477409139, 2042602.522610110230744 ], [ 325840.741058814281132, 2042628.133300963789225 ], [ 325840.741058814281132, 2042778.156691335141659 ], [ 325870.744808400748298, 2042808.161369409412146 ], [ 325870.744808400748298, 2042838.166047483682632 ], [ 325909.536452779779211, 2042876.958892298163846 ], [ 325939.540202366304584, 2042876.958892298163846 ], [ 325969.543951952829957, 2042906.963570372201502 ], [ 326059.555200712289661, 2042906.963570372201502 ], [ 326089.558950298815034, 2042936.968248446471989 ], [ 326119.5626998852822, 2042936.968248446471989 ], [ 326140.778554679302033, 2042958.184759780531749 ], [ 326140.778554679302033, 2042988.189437854802236 ], [ 326175.176155515364371, 2043022.588103149551898 ], [ 326235.183654688473325, 2043082.597459298092872 ], [ 326265.187404274882283, 2043112.602137372363359 ], [ 326299.585197404318023, 2043147.000994966365397 ], [ 326329.588946990785189, 2043147.000994966365397 ], [ 326359.592696577252354, 2043177.005673040635884 ], [ 326389.596446163894143, 2043177.005673040635884 ], [ 326415.206152207450941, 2043202.616171594941989 ], [ 326449.603945336828474, 2043237.015029188944027 ], [ 326582.047367928142194, 2043237.015029188944027 ], [ 326616.445161057519726, 2043202.616171594941989 ], [ 326646.4489106440451, 2043172.611493520904332 ], [ 326676.452660230570473, 2043142.606815446633846 ], [ 326702.062366274185479, 2043116.99631689209491 ], [ 326732.06611586076906, 2043116.99631689209491 ], [ 326762.069865447236225, 2043086.991638817824423 ], [ 326792.073615033703391, 2043086.991638817824423 ], [ 326826.471408163080923, 2043052.592781223822385 ], [ 326856.475157749606296, 2043022.588103149551898 ], [ 326886.478907336073462, 2042992.583425075281411 ], [ 326916.482656922598835, 2042962.578747001010925 ], [ 326942.092362966213841, 2042936.968248446471989 ], [ 326972.096112552797422, 2042936.968248446471989 ], [ 327002.099862139264587, 2042906.963570372201502 ], [ 327019.675187480344903, 2042906.963570372201502 ], [ 327049.678937066812068, 2042936.968248446471989 ], [ 327079.682686653395649, 2042936.968248446471989 ], [ 327105.292392697068863, 2042962.578747001010925 ], [ 327135.29614228347782, 2042992.583425075281411 ], [ 327160.906040620408021, 2043018.194115929072723 ], [ 327160.906040620408021, 2043048.19879400334321 ], [ 327190.909790206933394, 2043078.203472077613696 ], [ 327190.909790206933394, 2043108.208150151884183 ], [ 327220.91353979340056, 2043138.21282822615467 ], [ 327220.91353979340056, 2043177.005673040635884 ], [ 327499.735180864518043, 2043177.005673040635884 ], [ 327525.344886908074841, 2043202.616171594941989 ], [ 327585.352386081125587, 2043262.625527743482962 ], [ 327610.962284417939372, 2043288.236218597274274 ], [ 327610.962284417939372, 2043528.273643191205338 ], [ 327640.966034004464746, 2043558.278321265475824 ], [ 327640.966034004464746, 2043588.282999339746311 ], [ 327670.969783590990119, 2043618.287677414016798 ], [ 327670.969783590990119, 2043678.297033562557772 ], [ 327700.973533177457284, 2043708.301711636828259 ], [ 327700.973533177457284, 2043768.311067785136402 ], [ 327730.977282763982657, 2043798.315745859406888 ], [ 327730.977282763982657, 2043837.108590673888102 ], [ 327769.768927142955363, 2043837.108590673888102 ], [ 327795.378633186570369, 2043862.719089228427038 ], [ 327829.776426316006109, 2043897.117946822429076 ], [ 327859.780175902473275, 2043897.117946822429076 ], [ 327910.999780283018481, 2043948.339136230759323 ], [ 327910.999780283018481, 2044008.348492379300296 ], [ 327941.003529869485646, 2044038.353170453337952 ], [ 327941.003529869485646, 2044068.357848527608439 ], [ 327971.00727945601102, 2044098.362526601878926 ], [ 327971.00727945601102, 2044137.15537141636014 ], [ 328009.798923834983725, 2044137.15537141636014 ], [ 328065.412379465182312, 2044192.770548045169562 ], [ 328091.022277801996097, 2044218.381238898960873 ], [ 328091.022277801996097, 2044265.962714697467163 ], [ 328065.412379465124104, 2044291.573405551258475 ], [ 328039.802673421567306, 2044317.183904105564579 ], [ 327949.791424661932979, 2044317.183904105564579 ], [ 327915.393631532613654, 2044351.582761699566618 ], [ 327855.386132359621115, 2044411.592117848107591 ], [ 327820.988531523500569, 2044445.990783142857254 ], [ 327820.988531523500569, 2044506.000139291398227 ], [ 327790.984781936975196, 2044536.004817365668714 ], [ 327790.984781936975196, 2044626.018851588247344 ], [ 327760.981032350508031, 2044656.023529662517831 ], [ 327760.981032350508031, 2044788.470122309634462 ], [ 327790.984781936975196, 2044818.474800383904949 ], [ 327790.984781936975196, 2044848.479478458175436 ], [ 327820.988531523500569, 2044878.484156532445922 ], [ 327820.988531523500569, 2045106.093700776342303 ], [ 327790.984781936975196, 2045136.098378850612789 ], [ 327790.984781936975196, 2045358.559005720308051 ], [ 327820.988531523500569, 2045388.563683794578537 ], [ 327820.988531523500569, 2045628.601108388509601 ], [ 327850.992281109967735, 2045658.605786462780088 ], [ 327850.992281109967735, 2045718.615142611321062 ], [ 327880.996030696493108, 2045748.619820685358718 ], [ 327880.996030696493108, 2045778.624498759629205 ], [ 327915.393631532671861, 2045813.023164054378867 ], [ 327945.397381119080819, 2045843.027842128649354 ], [ 327979.79517424851656, 2045877.426699722651392 ], [ 328009.798923834983725, 2045877.426699722651392 ], [ 328039.802673421509098, 2045907.431377796921879 ], [ 328069.806423007976264, 2045907.431377796921879 ], [ 328099.810172594443429, 2045937.436055871192366 ], [ 328189.821421354019549, 2045937.436055871192366 ], [ 328219.825170940544922, 2045967.440733945462853 ], [ 328279.832670113537461, 2045967.440733945462853 ], [ 328305.442376157210674, 2045993.051232500001788 ], [ 328331.052274494024459, 2046018.6619233537931 ], [ 328331.052274494024459, 2046168.685313724912703 ], [ 328361.056024080549832, 2046198.68999179918319 ], [ 328361.056024080549832, 2046228.694669873453677 ], [ 328399.847668459580746, 2046267.48751468793489 ], [ 328519.862666805565823, 2046267.48751468793489 ], [ 328549.866416392091196, 2046297.492192762205377 ], [ 328639.877665151667316, 2046297.492192762205377 ], [ 328669.881414738134481, 2046327.496870836243033 ], [ 328759.892663497594185, 2046327.496870836243033 ], [ 328785.502369541267399, 2046353.107369390781969 ], [ 328811.112267878081184, 2046378.71806024457328 ], [ 328811.112267878081184, 2046438.727416393114254 ], [ 328841.116017464606557, 2046468.732094467384741 ], [ 328841.116017464606557, 2046498.736772541655228 ], [ 328871.11976705113193, 2046528.741450615925714 ], [ 328871.11976705113193, 2046558.746128690196201 ], [ 328901.123516637599096, 2046588.750806764466688 ], [ 328901.123516637599096, 2046618.755484838504344 ], [ 328931.127266224124469, 2046648.760162912774831 ], [ 328931.127266224124469, 2046828.788231358397752 ], [ 328965.524867060186807, 2046863.186896653147414 ], [ 328991.134765397117008, 2046888.797587506705895 ], [ 328991.134765397117008, 2046978.811621729517356 ], [ 329021.138514983642381, 2047008.816299803787842 ], [ 329021.138514983642381, 2047038.820977878058329 ], [ 329055.536115819704719, 2047073.219643172807992 ], [ 329081.146014156634919, 2047098.830334026599303 ], [ 329081.146014156634919, 2047158.839690175140277 ], [ 329111.149763743160293, 2047188.844368249177933 ], [ 329111.149763743160293, 2047398.877114769071341 ], [ 329141.153513329627458, 2047428.881792843341827 ], [ 329141.153513329627458, 2047716.500693235779181 ], [ 329115.543614992813673, 2047742.111384089337662 ], [ 329081.146014156634919, 2047776.510049384087324 ], [ 329081.146014156634919, 2047878.951963956933469 ], [ 329115.543614992813673, 2047913.350629251683131 ], [ 329141.153513329627458, 2047938.961320105474442 ], [ 329141.153513329627458, 2047968.965998179744929 ], [ 329171.157262916152831, 2047998.970676254015416 ], [ 329171.157262916152831, 2048037.763521068263799 ], [ 329209.948907295125537, 2048037.763521068263799 ], [ 329231.16476208914537, 2048058.980032402323559 ], [ 329231.16476208914537, 2048088.984710476594046 ], [ 329265.562362925324123, 2048123.383375771343708 ], [ 329295.566112511733081, 2048153.388053845614195 ], [ 329355.573611684842035, 2048213.397409994155169 ], [ 329385.577361271250993, 2048243.402088068425655 ], [ 329415.581110857834574, 2048273.406766142696142 ], [ 329441.191009194648359, 2048299.017456996254623 ], [ 329441.191009194648359, 2048329.02213507052511 ], [ 329471.194758781173732, 2048359.026813144795597 ], [ 329471.194758781173732, 2048689.078271961538121 ], [ 329501.198508367699105, 2048719.082950035808608 ], [ 329501.198508367699105, 2048779.092306184349582 ], [ 329535.596109203761443, 2048813.490971479099244 ], [ 329569.993902333197184, 2048847.889829073101282 ], [ 329599.997651919722557, 2048847.889829073101282 ], [ 329621.213506713684183, 2048869.106340406928211 ], [ 329621.213506713684183, 2049036.706528502516448 ], [ 329591.209757127158809, 2049066.711206576786935 ], [ 329591.209757127158809, 2049126.720562725327909 ], [ 329565.599858790345024, 2049152.33125357888639 ], [ 329531.202257954166271, 2049186.729918873636052 ], [ 329531.202257954166271, 2049246.739275022177026 ], [ 329501.198508367699105, 2049276.743953096447513 ], [ 329501.198508367699105, 2049306.748631170717999 ], [ 329471.194758781173732, 2049336.753309244988486 ], [ 329471.194758781173732, 2049379.185867669293657 ], [ 329501.198508367699105, 2049409.190545743564144 ], [ 329501.198508367699105, 2049447.983390557812527 ], [ 329539.990152746671811, 2049447.983390557812527 ], [ 329569.993902333197184, 2049477.988068632083014 ], [ 329780.020149438700173, 2049477.988068632083014 ], [ 329810.023899025225546, 2049507.9927467063535 ], [ 329840.027648611692712, 2049507.9927467063535 ], [ 329870.031398198159877, 2049537.997424780623987 ], [ 329900.03514778468525, 2049537.997424780623987 ], [ 329930.038897371152416, 2049568.002102854894474 ], [ 329990.046396544203162, 2049568.002102854894474 ], [ 330011.262251338222995, 2049589.218614188954234 ], [ 330011.262251338222995, 2049649.227970337495208 ], [ 330041.266000924748369, 2049679.232648411765695 ], [ 330041.266000924748369, 2050189.312175673898309 ], [ 330071.269750511215534, 2050219.316853748168796 ], [ 330071.269750511215534, 2050356.912363769253716 ], [ 330041.266000924748369, 2050386.917041843524203 ], [ 330041.266000924748369, 2050549.368312564911321 ], [ 330071.269750511215534, 2050579.372990638948977 ], [ 330071.269750511215534, 2050609.377668713219464 ], [ 330101.273500097740907, 2050639.382346787489951 ], [ 330101.273500097740907, 2050669.387024861760437 ], [ 330131.27724968426628, 2050699.391702936030924 ], [ 330131.27724968426628, 2050896.996569105656818 ], [ 330101.273500097740907, 2050927.001247179927304 ], [ 330101.273500097740907, 2050957.005925254197791 ], [ 330075.663601760868914, 2050982.616616107989103 ], [ 330045.659852174343541, 2051012.621294182259589 ], [ 330015.656102587876376, 2051042.625972256530076 ], [ 329990.046396544203162, 2051068.236470811069012 ], [ 329960.042646957735997, 2051068.236470811069012 ], [ 329930.038897371210624, 2051098.241148885339499 ], [ 329852.456072857079562, 2051098.241148885339499 ], [ 329816.238111147889867, 2051062.022066385019571 ], [ 329780.020149438700173, 2051098.241148885339499 ], [ 329741.228505059727468, 2051098.241148885339499 ], [ 329741.228505059727468, 2051137.033993699587882 ], [ 329711.224755473202094, 2051167.038671773858368 ], [ 329711.224755473202094, 2051197.043349848128855 ], [ 329685.614857136330102, 2051222.654040701920167 ], [ 329655.611107549804728, 2051252.658718776190653 ], [ 329595.60360837681219, 2051312.668074924731627 ], [ 329565.599858790286817, 2051342.672752999002114 ], [ 329535.596109203819651, 2051372.677431073272601 ], [ 329505.592359617294278, 2051402.682109147543088 ], [ 329479.98265357373748, 2051428.292607701849192 ], [ 329299.960156054585241, 2051428.292607701849192 ], [ 329269.956406468118075, 2051458.297285776119679 ], [ 329042.354834021476563, 2051458.297285776119679 ], [ 329012.35108443495119, 2051428.292607701849192 ], [ 328549.866416392091196, 2051428.292607701849192 ], [ 328519.862666805565823, 2051458.297285776119679 ], [ 328339.840169286471792, 2051458.297285776119679 ], [ 328309.836419700004626, 2051488.301963850390166 ], [ 328279.832670113479253, 2051488.301963850390166 ], [ 328241.041025734564755, 2051527.09480866487138 ], [ 328241.041025734564755, 2051557.099486739141867 ], [ 328211.037276148039382, 2051587.104164813412353 ], [ 328211.037276148039382, 2051767.132233258802444 ], [ 328181.033526561514009, 2051797.136911333072931 ], [ 328181.033526561514009, 2051827.141589407343417 ], [ 328151.029776975046843, 2051857.146267481613904 ], [ 328151.029776975046843, 2051887.150945555884391 ], [ 328121.02602738852147, 2051917.155623630154878 ], [ 328121.02602738852147, 2051947.160301704425365 ], [ 328091.022277801996097, 2051977.164979778695852 ], [ 328091.022277801996097, 2052277.211760520935059 ], [ 328061.018528215528931, 2052307.216438595205545 ], [ 328061.018528215528931, 2052439.663031242322177 ], [ 328091.022277801996097, 2052469.667709316592664 ], [ 328091.022277801996097, 2052649.695777761982754 ], [ 328121.02602738852147, 2052679.700455836253241 ], [ 328121.02602738852147, 2052808.507334873545915 ], [ 328159.817671767494176, 2052808.507334873545915 ], [ 328189.821421353961341, 2052838.512012947816402 ], [ 328219.82517094060313, 2052838.512012947816402 ], [ 328249.828920527128503, 2052868.516691021854058 ], [ 328279.832670113537461, 2052868.516691021854058 ], [ 328309.836419700062834, 2052898.521369096124545 ], [ 328429.851418046047911, 2052898.521369096124545 ], [ 328455.461124089721125, 2052924.13186765066348 ], [ 328485.464873676130082, 2052954.136545724933967 ], [ 328549.866416392091196, 2053018.540081393206492 ], [ 328579.870165978558362, 2053018.540081393206492 ], [ 328631.089770359103568, 2053069.761270801536739 ], [ 328631.089770359103568, 2053099.765948875807226 ], [ 328665.487371195224114, 2053134.164614170324057 ], [ 328725.49487036827486, 2053194.173970318865031 ], [ 328755.498619954683818, 2053224.178648393135518 ], [ 328789.896413084119558, 2053258.577505987137556 ], [ 328819.900162670586724, 2053258.577505987137556 ], [ 328841.116017464606557, 2053279.794017321197316 ], [ 328841.116017464606557, 2053309.798695395467803 ], [ 328875.513618300785311, 2053344.197360690217465 ], [ 328905.517367887194268, 2053374.202038764487952 ], [ 328931.127266224124469, 2053399.812729618279263 ], [ 328931.127266224124469, 2053429.81740769231692 ], [ 328965.524867060186807, 2053464.216072987066582 ], [ 328991.134765397117008, 2053489.826763840857893 ], [ 328991.134765397117008, 2053519.83144191512838 ], [ 329021.138514983642381, 2053549.836119989398867 ], [ 329021.138514983642381, 2053579.840798063669354 ], [ 329051.142264570109546, 2053609.845476137939841 ], [ 329051.142264570109546, 2053669.854832286480814 ], [ 329085.5398654062883, 2053704.253497580997646 ], [ 329115.543614992813673, 2053734.258175655268133 ], [ 329145.547364579222631, 2053764.26285372953862 ], [ 329171.157262916152831, 2053789.873544583329931 ], [ 329171.157262916152831, 2053819.878222657600418 ], [ 329201.161012502678204, 2053849.882900731870905 ], [ 329201.161012502678204, 2053918.680423620622605 ], [ 329299.960156054643448, 2053918.680423620622605 ], [ 329329.963905641168822, 2053948.685101694893092 ], [ 329359.967655227635987, 2053948.685101694893092 ], [ 329385.577361271250993, 2053974.295600249432027 ], [ 329419.975154400744941, 2054008.694457843201235 ], [ 329750.0163998521748, 2054008.694457843201235 ], [ 329775.626105895789806, 2054034.30495639774017 ], [ 329835.63360506889876, 2054094.314312546281144 ], [ 329865.637354655307718, 2054124.318990620551631 ], [ 329895.641104241891298, 2054154.323668694822118 ], [ 329925.644853828300256, 2054184.328346769092605 ], [ 329960.042646957735997, 2054218.727204363094643 ], [ 329990.046396544203162, 2054218.727204363094643 ], [ 330015.656102587818168, 2054244.337702917633578 ], [ 330050.053895717312116, 2054278.736560511402786 ], [ 330080.057645303721074, 2054278.736560511402786 ], [ 330110.061394890246447, 2054308.741238585673273 ], [ 330170.068894063238986, 2054308.741238585673273 ], [ 330225.682349693437573, 2054364.356415214482695 ], [ 330260.08014282269869, 2054398.755272808484733 ], [ 330290.083892409282271, 2054398.755272808484733 ], [ 330315.693598452955484, 2054424.365771363023669 ], [ 330345.697348039364442, 2054454.370449437294155 ], [ 330371.307246376294643, 2054479.981140291085467 ], [ 330371.307246376294643, 2054509.985818365355954 ], [ 330401.310995962761808, 2054539.99049643962644 ], [ 330401.310995962761808, 2054630.00453066220507 ], [ 330470.106389928318094, 2054698.802053550956771 ], [ 330812.576059625251219, 2054698.802053550956771 ], [ 330842.579809211718384, 2054668.797375476686284 ], [ 330872.583558798243757, 2054668.797375476686284 ], [ 330902.587308384710923, 2054638.792697402415797 ], [ 331100.185131244827062, 2054638.792697402415797 ], [ 331130.188880831294227, 2054668.797375476686284 ], [ 331340.215127936855424, 2054668.797375476686284 ], [ 331365.82483398047043, 2054694.407874031225219 ], [ 331421.438481903926004, 2054750.023242959287018 ], [ 331421.438481903926004, 2054788.816087773768231 ], [ 331460.230126282898709, 2054788.816087773768231 ], [ 331485.839832326571923, 2054814.426586328307167 ], [ 331520.237625455949455, 2054848.825443922076374 ], [ 331772.696046393248253, 2054848.825443922076374 ], [ 331802.699795979715418, 2054818.820765848038718 ], [ 332042.729792671801988, 2054818.820765848038718 ], [ 332072.733542258327361, 2054788.816087773768231 ], [ 332450.353862637479324, 2054788.816087773768231 ], [ 332475.96356868109433, 2054814.426586328307167 ], [ 332510.361361810588278, 2054848.825443922076374 ], [ 332630.376360156515148, 2054848.825443922076374 ], [ 332660.380109742982313, 2054878.830121996346861 ] ] ] } },
{ "type": "Feature", "properties": { "OBJECTID": 7, "乡镇名": "天涯镇", "面积km2": 114.17 }, "geometry": { "type": "Polygon", "coordinates": [ [ [ 316710.813289739075117, 2024184.044916286598891 ], [ 316620.80250520905247, 2024184.044916286598891 ], [ 316590.798755622585304, 2024154.040238212328404 ], [ 316530.791256449534558, 2024154.040238212328404 ], [ 316500.787506863067392, 2024124.035560138057917 ], [ 316389.55993906565709, 2024124.035560138057917 ], [ 316389.55993906565709, 2024192.833083026809618 ], [ 316368.344084271637257, 2024214.049594360869378 ], [ 316350.768758930498734, 2024214.049594360869378 ], [ 316320.765009343973361, 2024184.044916286598891 ], [ 316260.757510170980822, 2024184.044916286598891 ], [ 316230.753760584455449, 2024154.040238212328404 ], [ 315978.295339647040237, 2024154.040238212328404 ], [ 315943.897546517720912, 2024188.439095806330442 ], [ 315918.287840474105906, 2024214.049594360869378 ], [ 315900.712515132967383, 2024214.049594360869378 ], [ 315870.708765546500217, 2024184.044916286598891 ], [ 315810.701266373449471, 2024184.044916286598891 ], [ 315780.697516786924098, 2024154.040238212328404 ], [ 315720.690017613931559, 2024154.040238212328404 ], [ 315690.686268027406186, 2024124.035560138057917 ], [ 315660.682518440822605, 2024124.035560138057917 ], [ 315630.67876885435544, 2024094.030882064020261 ], [ 315600.675019267946482, 2024094.030882064020261 ], [ 315570.671269681479316, 2024064.026203989749774 ], [ 315540.667520094895735, 2024064.026203989749774 ], [ 315510.663770508370362, 2024034.021525915479288 ], [ 315480.660020921903197, 2024034.021525915479288 ], [ 315450.656271335377824, 2024004.016847841208801 ], [ 315420.652521748910658, 2024004.016847841208801 ], [ 315390.648772162443493, 2023974.012169766938314 ], [ 315090.611276297364384, 2023974.012169766938314 ], [ 315060.607526710839011, 2023944.007491692667827 ], [ 314898.160354532999918, 2023944.007491692667827 ], [ 314868.156604946474545, 2023974.012169766938314 ], [ 314838.152855360007379, 2023974.012169766938314 ], [ 314808.149105773482006, 2024004.016847841208801 ], [ 314778.145356186898425, 2024004.016847841208801 ], [ 314748.14160660043126, 2024034.021525915479288 ], [ 314700.562531672825571, 2024034.021525915479288 ], [ 314649.342927292280365, 2023982.800336507149041 ], [ 314649.342927292280365, 2023944.007491692667827 ], [ 314610.551282913307659, 2023944.007491692667827 ], [ 314554.937827283109073, 2023888.392315063858405 ], [ 314524.934077696700115, 2023858.387636989587918 ], [ 314490.536284567206167, 2023823.98877939581871 ], [ 314460.532534980797209, 2023823.98877939581871 ], [ 314430.528785394330043, 2023793.984101321548223 ], [ 314268.081613216432743, 2023793.984101321548223 ], [ 314229.28996883740183, 2023832.776946136029437 ], [ 314229.28996883740183, 2023982.800336507149041 ], [ 314203.680070500529837, 2024008.411027360940352 ], [ 314178.070364456914831, 2024034.021525915479288 ], [ 314148.06661487033125, 2024034.021525915479288 ], [ 314118.062865283864085, 2024064.026203989749774 ], [ 314088.059115697396919, 2024064.026203989749774 ], [ 314058.055366110871546, 2024094.030882064020261 ], [ 314028.051616524462588, 2024094.030882064020261 ], [ 313993.653823395026848, 2024128.429739657789469 ], [ 313968.044117351353634, 2024154.040238212328404 ], [ 313938.040367764886469, 2024154.040238212328404 ], [ 313903.642574635508936, 2024188.439095806330442 ], [ 313873.638825048983563, 2024218.443773880600929 ], [ 313818.025369418843184, 2024274.058950509410352 ], [ 313758.017870245792437, 2024274.058950509410352 ], [ 313728.014120659325272, 2024304.063628583680838 ], [ 313590.423796972201671, 2024304.063628583680838 ], [ 313560.420047385734506, 2024274.058950509410352 ], [ 313230.378801934130024, 2024274.058950509410352 ], [ 313200.375052347604651, 2024244.054272435139865 ], [ 313007.924130583298393, 2024244.054272435139865 ], [ 312977.920380996773019, 2024274.058950509410352 ], [ 312900.33755648258375, 2024274.058950509410352 ], [ 312870.333806896058377, 2024244.054272435139865 ], [ 312840.330057309591211, 2024244.054272435139865 ], [ 312814.720351265917998, 2024218.443773880600929 ], [ 312774.108346013992559, 2024177.83051186054945 ], [ 312729.102489512239117, 2024222.837761101080105 ], [ 312729.102489512239117, 2024252.842439175350592 ], [ 312703.492591175367124, 2024278.453130029141903 ], [ 312669.094990339246579, 2024312.851795323891565 ], [ 312669.094990339246579, 2024342.856473398162052 ], [ 312639.091240752721205, 2024372.861151472432539 ], [ 312639.091240752721205, 2024492.879863769281656 ], [ 312609.087491166195832, 2024522.884541843552142 ], [ 312609.087491166195832, 2024612.898576066363603 ], [ 312579.083741579728667, 2024642.90325414063409 ], [ 312579.083741579728667, 2024702.912610288942233 ], [ 312549.079991993203294, 2024732.91728836321272 ], [ 312549.079991993203294, 2024822.93132258602418 ], [ 312519.076242406736128, 2024852.936000660294667 ], [ 312519.076242406736128, 2024912.945356808835641 ], [ 312489.072492820210755, 2024942.950034883106127 ], [ 312489.072492820210755, 2025084.184794270200655 ], [ 312587.871636372175999, 2025084.184794270200655 ], [ 312613.481342415791005, 2025109.79529282473959 ], [ 312639.091240752721205, 2025135.405983678530902 ], [ 312639.091240752721205, 2025165.410661752801389 ], [ 312677.882885131752118, 2025204.203506567282602 ], [ 312767.894133891211823, 2025204.203506567282602 ], [ 312793.503839934826829, 2025229.814005121821538 ], [ 312819.113738271757029, 2025255.424695975612849 ], [ 312819.113738271757029, 2025315.434052123920992 ], [ 312849.117487858224194, 2025345.438730198191479 ], [ 312849.117487858224194, 2025363.015527922427282 ], [ 312819.113738271757029, 2025393.020205996697769 ], [ 312819.113738271757029, 2025483.034240219509229 ], [ 312793.503839934885036, 2025508.64493107330054 ], [ 312763.500090348359663, 2025538.649609147571027 ], [ 312733.496340761892498, 2025568.654287221608683 ], [ 312699.098739925713744, 2025603.052952516358346 ], [ 312699.098739925713744, 2025753.07634288771078 ], [ 312669.094990339246579, 2025783.081020961981267 ], [ 312669.094990339246579, 2025813.085699036251754 ], [ 312639.091240752721205, 2025843.09037711028941 ], [ 312639.091240752721205, 2025963.109089407371357 ], [ 312609.087491166195832, 2025993.113767481641844 ], [ 312609.087491166195832, 2026053.123123630182818 ], [ 312583.477592829323839, 2026078.733814483974129 ], [ 312557.867886785708833, 2026104.344313038513064 ], [ 312519.076242406736128, 2026104.344313038513064 ], [ 312519.076242406736128, 2026623.212007040856406 ], [ 312489.072492820210755, 2026653.216685115126893 ], [ 312489.072492820210755, 2026683.22136318939738 ], [ 312459.068743233685382, 2026713.226041263435036 ], [ 312459.068743233685382, 2027313.319602748379111 ], [ 312429.064993647218216, 2027343.324280822649598 ], [ 312429.064993647218216, 2027535.780229618307203 ], [ 312459.068743233685382, 2027565.784907692344859 ], [ 312459.068743233685382, 2028213.459944975795224 ], [ 312429.064993647218216, 2028243.464623050065711 ], [ 312429.064993647218216, 2028435.920571845490485 ], [ 312459.068743233685382, 2028465.925249919760972 ], [ 312459.068743233685382, 2028555.939284142572433 ], [ 312489.072492820210755, 2028585.94396221684292 ], [ 312489.072492820210755, 2028675.95799643965438 ], [ 312519.076242406736128, 2028705.962674513692036 ], [ 312519.076242406736128, 2028795.976708736503497 ], [ 312549.079991993203294, 2028825.981386810773984 ], [ 312549.079991993203294, 2029053.590931054670364 ], [ 312519.076242406736128, 2029083.59560912894085 ], [ 312519.076242406736128, 2029143.604965277481824 ], [ 312489.072492820210755, 2029173.609643351752311 ], [ 312489.072492820210755, 2029396.070270221447572 ], [ 312519.076242406736128, 2029426.074948295718059 ], [ 312519.076242406736128, 2029546.093660592567176 ], [ 312549.079991993203294, 2029576.098338666837662 ], [ 312549.079991993203294, 2029644.895861555589363 ], [ 312707.886634718219284, 2029644.895861555589363 ], [ 312737.890384304744657, 2029674.90053962985985 ], [ 312767.894133891211823, 2029674.90053962985985 ], [ 312793.503839934826829, 2029700.511038184398785 ], [ 312823.507589521410409, 2029730.515716258669272 ], [ 312857.905382650671527, 2029764.91457385267131 ], [ 313067.931629756232724, 2029764.91457385267131 ], [ 313093.54133579984773, 2029790.525072407210246 ], [ 313123.54508538643131, 2029820.529750481480733 ], [ 313157.942878515867051, 2029854.92860807524994 ], [ 313187.946628102276009, 2029854.92860807524994 ], [ 313239.166232482821215, 2029906.149797483580187 ], [ 313239.166232482821215, 2029936.154475557850674 ], [ 313269.16998206928838, 2029966.159153632121161 ], [ 313269.16998206928838, 2030026.168509780662134 ], [ 313307.961626448319294, 2030064.961354595143348 ], [ 313440.405049039633013, 2030064.961354595143348 ], [ 313470.408798626158386, 2030034.956676520872861 ], [ 313590.423796972143464, 2030034.956676520872861 ], [ 313620.427546558668837, 2030004.951998446602374 ], [ 313680.435045731661376, 2030004.951998446602374 ], [ 313710.438795318186749, 2029974.947320372331887 ], [ 313758.017870245850645, 2029974.947320372331887 ], [ 313788.021619832376018, 2030004.951998446602374 ], [ 313920.465042423689738, 2030004.951998446602374 ], [ 313950.468792010215111, 2029974.947320372331887 ], [ 314130.491289529309142, 2029974.947320372331887 ], [ 314160.495039115776308, 2029944.942642298061401 ], [ 314190.498788702243473, 2029944.942642298061401 ], [ 314220.502538288768847, 2029914.937964223790914 ], [ 314358.092861975892447, 2029914.937964223790914 ], [ 314388.096611562359612, 2029944.942642298061401 ], [ 314418.100361148884986, 2029944.942642298061401 ], [ 314448.104110735352151, 2029974.947320372331887 ], [ 314478.107860321935732, 2029974.947320372331887 ], [ 314508.111609908461105, 2030004.951998446602374 ], [ 314538.115359494928271, 2030004.951998446602374 ], [ 314568.119109081453644, 2030034.956676520872861 ], [ 314598.122858667920809, 2030034.956676520872861 ], [ 314623.732564711535815, 2030060.567175075411797 ], [ 314653.736314298119396, 2030090.571853149682283 ], [ 314679.346212634991389, 2030116.182544003240764 ], [ 314679.346212634991389, 2030146.187222077511251 ], [ 314709.349962221458554, 2030176.191900151781738 ], [ 314709.349962221458554, 2030206.196578226052225 ], [ 314739.353711807983927, 2030236.201256300322711 ], [ 314739.353711807983927, 2030296.210612448863685 ], [ 314769.357461394451093, 2030326.215290523134172 ], [ 314769.357461394451093, 2030386.224646671675146 ], [ 314803.755062230629846, 2030420.623311966191977 ], [ 314829.364960567501839, 2030446.234002819983289 ], [ 314829.364960567501839, 2030476.238680894253775 ], [ 314868.156604946416337, 2030515.031525708734989 ], [ 314898.16035453294171, 2030515.031525708734989 ], [ 314923.770060576556716, 2030540.642024263273925 ], [ 314958.167853705992457, 2030575.040881857275963 ], [ 315018.175352878984995, 2030575.040881857275963 ], [ 315069.394957259530202, 2030626.26207126560621 ], [ 315069.394957259530202, 2030656.266749339876696 ], [ 315099.398706845997367, 2030686.271427413914353 ], [ 315099.398706845997367, 2030746.280783562455326 ], [ 315133.796307682176121, 2030780.679448857204989 ], [ 315159.406206018989906, 2030806.2901397109963 ], [ 315159.406206018989906, 2030905.092340674018487 ], [ 315300.637523402867373, 2030905.092340674018487 ], [ 315330.641272989392746, 2030875.087662599748001 ], [ 315360.645022575859912, 2030875.087662599748001 ], [ 315390.648772162385285, 2030845.082984525477514 ], [ 315450.656271335377824, 2030845.082984525477514 ], [ 315480.660020921903197, 2030815.078306451207027 ], [ 315600.675019267888274, 2030815.078306451207027 ], [ 315630.678768854413647, 2030785.07362837693654 ], [ 315660.682518440880813, 2030785.07362837693654 ], [ 315690.686268027406186, 2030755.068950302666053 ], [ 315708.261593368544709, 2030755.068950302666053 ], [ 315738.265342955011874, 2030785.07362837693654 ], [ 315768.269092541595455, 2030785.07362837693654 ], [ 315798.272842128120828, 2030815.078306451207027 ], [ 316080.735012651944999, 2030815.078306451207027 ], [ 316110.738762238470372, 2030785.07362837693654 ], [ 316140.742511824937537, 2030785.07362837693654 ], [ 316200.750010997988284, 2030725.064272228395566 ], [ 316428.351583444629796, 2030725.064272228395566 ], [ 316453.961289488244802, 2030750.674770782934502 ], [ 316488.359082617680542, 2030785.07362837693654 ], [ 316608.374080963665619, 2030785.07362837693654 ], [ 316638.377830550190993, 2030815.078306451207027 ], [ 316818.400328069168609, 2030815.078306451207027 ], [ 316844.010034112783615, 2030840.688805005745962 ], [ 316869.619932449713815, 2030866.299495859537274 ], [ 316869.619932449713815, 2030896.30417393380776 ], [ 316904.017533285892569, 2030930.702839228557423 ], [ 316929.627431622706354, 2030956.313530082348734 ], [ 316929.627431622706354, 2030986.31820815638639 ], [ 316964.025032458885107, 2031020.716873451136053 ], [ 316998.422825588146225, 2031055.115731045138091 ], [ 317160.869997766159941, 2031055.115731045138091 ], [ 317184.659535229962785, 2031031.325457396917045 ], [ 317208.449072693765629, 2031055.115731045138091 ], [ 317328.464071039750706, 2031055.115731045138091 ], [ 317379.683675420295913, 2031106.336920453468338 ], [ 317379.683675420295913, 2031166.346276602009311 ], [ 317418.475319799210411, 2031205.139121416490525 ], [ 317490.911243217589799, 2031205.139121416490525 ], [ 317520.914992804115172, 2031175.134443342220038 ], [ 317700.937490323150996, 2031175.134443342220038 ], [ 317730.941239909676369, 2031145.129765267949551 ], [ 317790.948739082727116, 2031145.129765267949551 ], [ 317820.952488669194281, 2031115.125087193679065 ], [ 317940.967487015237566, 2031115.125087193679065 ], [ 317970.971236601704732, 2031085.120409119408578 ], [ 318000.974986188171897, 2031085.120409119408578 ], [ 318035.37277931754943, 2031050.721551525406539 ], [ 318060.982485361222643, 2031025.111052970867604 ], [ 318168.569059461879078, 2031025.111052970867604 ], [ 318198.572809048404451, 2031055.115731045138091 ], [ 318348.591556980856694, 2031055.115731045138091 ], [ 318374.2012630244717, 2031080.726229599677026 ], [ 318408.599056153907441, 2031115.125087193679065 ], [ 318498.610304913367145, 2031115.125087193679065 ], [ 318528.61405449983431, 2031145.129765267949551 ], [ 318558.617804086417891, 2031145.129765267949551 ], [ 318579.833658880437724, 2031166.346276602009311 ], [ 318579.833658880437724, 2031196.350954676279798 ], [ 318614.231259716500062, 2031230.74961997102946 ], [ 318639.841158053430263, 2031256.360310824587941 ], [ 318639.841158053430263, 2031286.364988898858428 ], [ 318669.844907639955636, 2031316.369666973128915 ], [ 318669.844907639955636, 2031376.379023121669888 ], [ 318699.848657226422802, 2031406.383701195940375 ], [ 318699.848657226422802, 2031436.388379270210862 ], [ 318729.852406812948175, 2031466.393057344481349 ], [ 318729.852406812948175, 2031646.421125789871439 ], [ 318759.85615639941534, 2031676.425803864141926 ], [ 318759.85615639941534, 2031706.430481938412413 ], [ 318798.647800778446253, 2031745.223326752893627 ], [ 318969.882867748790886, 2031745.223326752893627 ], [ 318969.882867748790886, 2031706.430481938412413 ], [ 318995.492766085662879, 2031680.819791084621102 ], [ 319021.102472129336093, 2031655.209292530082166 ], [ 319171.121220061904751, 2031655.209292530082166 ], [ 319201.124969648371916, 2031625.204614455811679 ], [ 319231.128719234897289, 2031625.204614455811679 ], [ 319261.132468821364455, 2031595.199936381541193 ], [ 319291.13621840783162, 2031595.199936381541193 ], [ 319329.927862786862534, 2031556.407091567059979 ], [ 319329.927862786862534, 2031526.402413493022323 ], [ 319359.931612373329699, 2031496.397735418751836 ], [ 319359.931612373329699, 2031466.393057344481349 ], [ 319381.147467167349532, 2031445.176546010421589 ], [ 319561.169964686327148, 2031445.176546010421589 ], [ 319591.173714272852521, 2031415.171867936151102 ], [ 319861.207460551464465, 2031415.171867936151102 ], [ 319891.21121013793163, 2031385.167189861880615 ], [ 319921.214959724398796, 2031385.167189861880615 ], [ 319955.612752853776328, 2031350.768332267878577 ], [ 319981.222458897449542, 2031325.157833713339642 ], [ 320011.226208483974915, 2031325.157833713339642 ], [ 320045.62400161329424, 2031290.758976119337603 ], [ 320071.233707656909246, 2031265.148477564798668 ], [ 320350.055348727968521, 2031265.148477564798668 ], [ 320350.055348727968521, 2031226.355632750550285 ], [ 320375.665247064840514, 2031200.744941896758974 ], [ 320401.27495310845552, 2031175.134443342220038 ], [ 320431.278702695039101, 2031175.134443342220038 ], [ 320461.282452281506266, 2031145.129765267949551 ], [ 320598.872775968629867, 2031145.129765267949551 ], [ 320628.87652555515524, 2031175.134443342220038 ], [ 320658.880275141622405, 2031175.134443342220038 ], [ 320680.096129935642239, 2031196.350954676279798 ], [ 320680.096129935642239, 2031226.355632750550285 ], [ 320710.099879522167612, 2031256.360310824587941 ], [ 320710.099879522167612, 2031346.374345047399402 ], [ 320748.891523901198525, 2031385.167189861880615 ], [ 320911.338696079095826, 2031385.167189861880615 ], [ 320941.342445665562991, 2031355.162511787610129 ], [ 321108.936518939211965, 2031355.162511787610129 ], [ 321130.152373733231798, 2031376.379023121669888 ], [ 321130.152373733231798, 2031406.383701195940375 ], [ 321160.156123319698963, 2031436.388379270210862 ], [ 321160.156123319698963, 2031496.397735418751836 ], [ 321190.159872906224336, 2031526.402413493022323 ], [ 321190.159872906224336, 2031556.407091567059979 ], [ 321220.16362249274971, 2031586.411769641330466 ], [ 321220.16362249274971, 2031766.439838086953387 ], [ 321254.561223328812048, 2031800.838503381703049 ], [ 321280.171121665742248, 2031826.44919423526153 ], [ 321280.171121665742248, 2031856.453872309532017 ], [ 321310.174871252209414, 2031886.458550383802503 ], [ 321310.174871252209414, 2032045.270107495365664 ], [ 321378.970265217707492, 2032045.270107495365664 ], [ 321404.579971261322498, 2032070.8806060499046 ], [ 321434.583720847906079, 2032100.885284123942256 ], [ 321468.981513977167197, 2032135.284141717944294 ], [ 321498.985263563750777, 2032135.284141717944294 ], [ 321524.594969607423991, 2032160.89464027248323 ], [ 321550.204867944237776, 2032186.505331126274541 ], [ 321550.204867944237776, 2032456.547433794476092 ], [ 321614.606218366941903, 2032520.950777163496241 ], [ 321640.216116703755688, 2032546.561468017287552 ], [ 321640.216116703755688, 2032576.566146091558039 ], [ 321670.219866290281061, 2032606.570824165828526 ], [ 321670.219866290281061, 2032636.575502240099013 ], [ 321700.223615876806434, 2032666.580180314136669 ], [ 321700.223615876806434, 2032774.171012261183932 ], [ 321670.219866290281061, 2032804.175690335454419 ], [ 321670.219866290281061, 2032834.180368409724906 ], [ 321640.216116703755688, 2032864.185046483995393 ], [ 321640.216116703755688, 2032906.617604908300564 ], [ 321679.007761082786601, 2032945.410449722781777 ], [ 321709.011510669370182, 2032945.410449722781777 ], [ 321739.015260255837347, 2032975.415127796819434 ], [ 321799.022759428771678, 2032975.415127796819434 ], [ 321829.026509015297052, 2033005.41980587108992 ], [ 321859.030258601764217, 2033005.41980587108992 ], [ 321884.639964645379223, 2033031.030304425628856 ], [ 321919.037757774814963, 2033065.429162019630894 ], [ 322051.481180366128683, 2033065.429162019630894 ], [ 322111.488679539179429, 2033005.41980587108992 ], [ 322339.090251985820942, 2033005.41980587108992 ], [ 322369.094001572288107, 2033035.424483945360407 ], [ 322549.116499091382138, 2033035.424483945360407 ], [ 322579.120248677907512, 2033065.429162019630894 ], [ 322711.563671269221231, 2033065.429162019630894 ], [ 322741.567420855746605, 2033035.424483945360407 ], [ 322831.578669615322724, 2033035.424483945360407 ], [ 322865.976462744642049, 2033001.025626351358369 ], [ 322895.980212331109215, 2032971.020948277087882 ], [ 322921.589918374666013, 2032945.410449722781777 ], [ 322981.597417547833174, 2032945.410449722781777 ], [ 323011.60116713430034, 2032915.405771648511291 ], [ 323119.187741234898567, 2032915.405771648511291 ], [ 323149.191490821365733, 2032945.410449722781777 ], [ 323179.195240408007521, 2032945.410449722781777 ], [ 323209.198989994532894, 2032975.415127796819434 ], [ 323239.202739580941852, 2032975.415127796819434 ], [ 323269.206489167467225, 2033005.41980587108992 ], [ 323329.213988340459764, 2033005.41980587108992 ], [ 323359.217737926985137, 2033035.424483945360407 ], [ 323389.221487513452303, 2033035.424483945360407 ], [ 323419.225237099977676, 2033065.429162019630894 ], [ 323449.228986686444841, 2033065.429162019630894 ], [ 323479.232736272912007, 2033095.433840093901381 ], [ 323539.240235445962753, 2033095.433840093901381 ], [ 323569.243985032488126, 2033125.438518168171868 ], [ 323599.247734618955292, 2033125.438518168171868 ], [ 323629.251484205422457, 2033155.443196242442355 ], [ 323779.270232137991115, 2033155.443196242442355 ], [ 323809.273981724458281, 2033185.447874316712841 ], [ 324001.724903488939162, 2033185.447874316712841 ], [ 324031.728653075406328, 2033155.443196242442355 ], [ 324571.796145632513799, 2033155.443196242442355 ], [ 324601.799895218980964, 2033125.438518168171868 ], [ 324739.390218906104565, 2033125.438518168171868 ], [ 324764.999924949719571, 2033151.049016722710803 ], [ 324795.003674536303151, 2033181.05369479698129 ], [ 324829.401467665564269, 2033215.452552390983328 ], [ 324859.405217252206057, 2033215.452552390983328 ], [ 324889.40896683873143, 2033245.457230465020984 ], [ 324919.412716425140388, 2033245.457230465020984 ], [ 324945.022422468813602, 2033271.06772901955992 ], [ 324975.02617205522256, 2033301.072407093830407 ], [ 325035.033671228331514, 2033361.08176324237138 ], [ 325075.645676480256952, 2033401.69502526242286 ], [ 325141.867387776030228, 2033335.471264687832445 ], [ 325201.874886949022766, 2033335.471264687832445 ], [ 325231.878636535548139, 2033305.466586613561958 ], [ 325249.453961876686662, 2033305.466586613561958 ], [ 325279.457711463212036, 2033335.471264687832445 ], [ 325339.465210636204574, 2033335.471264687832445 ], [ 325369.468960222729947, 2033365.475942762102932 ], [ 325489.483958568715025, 2033365.475942762102932 ], [ 325515.093664612388238, 2033391.086441316641867 ], [ 325549.491457741649356, 2033425.485298910643905 ], [ 325609.498956914700102, 2033425.485298910643905 ], [ 325635.108662958315108, 2033451.095797465182841 ], [ 325695.116162131424062, 2033511.105153613723814 ], [ 325729.513955260801595, 2033545.504011207493022 ], [ 325969.543951952771749, 2033545.504011207493022 ], [ 325999.547701539297123, 2033575.508689281763509 ], [ 326029.551451125764288, 2033575.508689281763509 ], [ 326059.555200712289661, 2033605.513367356033996 ], [ 326089.558950298756827, 2033605.513367356033996 ], [ 326119.562699885223992, 2033635.518045430304483 ], [ 326449.603945336828474, 2033635.518045430304483 ], [ 326479.607694923353847, 2033665.522723504574969 ], [ 326509.611444509821013, 2033665.522723504574969 ], [ 326539.615194096346386, 2033695.527401578845456 ], [ 326702.062366274185479, 2033695.527401578845456 ], [ 326736.460159403563011, 2033661.128543984843418 ], [ 326762.069865447236225, 2033635.518045430304483 ], [ 326792.073615033703391, 2033635.518045430304483 ], [ 326822.077364620228764, 2033605.513367356033996 ], [ 326852.081114206695929, 2033605.513367356033996 ], [ 326882.084863793221302, 2033575.508689281763509 ], [ 326912.088613379688468, 2033575.508689281763509 ], [ 326942.092362966213841, 2033545.504011207493022 ], [ 326972.096112552681006, 2033545.504011207493022 ], [ 327006.493905682058539, 2033511.105153613723814 ], [ 327036.497655268583912, 2033481.100475539453328 ], [ 327062.107361312257126, 2033455.489976984914392 ], [ 327092.111110898724291, 2033455.489976984914392 ], [ 327126.508904028101824, 2033421.091119390912354 ], [ 327156.512653614627197, 2033391.086441316641867 ], [ 327212.126109244767576, 2033335.471264687832445 ], [ 327392.148606763745192, 2033335.471264687832445 ], [ 327422.152356350270566, 2033305.466586613561958 ], [ 327452.156105936854146, 2033305.466586613561958 ], [ 327486.553899066173472, 2033271.06772901955992 ], [ 327520.951499902294017, 2033236.669063724810258 ], [ 327520.951499902294017, 2033206.664385650772601 ], [ 327546.56139823916601, 2033181.05369479698129 ], [ 327572.171104282781016, 2033155.443196242442355 ], [ 327602.174853869364597, 2033155.443196242442355 ], [ 327625.964391333167441, 2033131.652922594221309 ], [ 327649.753928796970285, 2033155.443196242442355 ], [ 327709.761427969962824, 2033155.443196242442355 ], [ 327739.765177556488197, 2033185.447874316712841 ], [ 327799.772676729480736, 2033185.447874316712841 ], [ 327825.38238277315395, 2033211.058372871251777 ], [ 327855.386132359621115, 2033241.063050945289433 ], [ 327880.996030696493108, 2033266.673741799080744 ], [ 327880.996030696493108, 2033305.466586613561958 ], [ 327949.791424661991186, 2033305.466586613561958 ], [ 327979.79517424851656, 2033335.471264687832445 ], [ 328232.253595185873564, 2033335.471264687832445 ], [ 328266.651388315251097, 2033301.072407093830407 ], [ 328296.65513790177647, 2033271.06772901955992 ], [ 328322.264843945391476, 2033245.457230465020984 ], [ 328352.268593531800434, 2033245.457230465020984 ], [ 328382.272343118325807, 2033215.452552390983328 ], [ 328442.279842291376553, 2033215.452552390983328 ], [ 328476.677635420754086, 2033181.05369479698129 ], [ 328506.681385007279459, 2033151.049016722710803 ], [ 328571.082735429925378, 2033086.645673353690654 ], [ 328571.082735429925378, 2033056.640995279420167 ], [ 328601.086485016392544, 2033026.63631720514968 ], [ 328601.086485016392544, 2032786.598892611218616 ], [ 328631.090234602917917, 2032756.59421453694813 ], [ 328631.090234602917917, 2032474.124231518711895 ], [ 328601.086485016392544, 2032444.119553444441408 ], [ 328601.086485016392544, 2032384.110197295900434 ], [ 328571.082735429925378, 2032354.105519221862778 ], [ 328571.082735429925378, 2032216.510009200545028 ], [ 328601.086485016392544, 2032186.505331126274541 ], [ 328601.086485016392544, 2031916.46322845807299 ], [ 328631.090234602917917, 2031886.458550383802503 ], [ 328631.090234602917917, 2031694.002601588377729 ], [ 328601.086485016392544, 2031663.997923514107242 ], [ 328601.086485016392544, 2031106.336920453468338 ], [ 328631.090234602917917, 2031076.332242379197851 ], [ 328631.090234602917917, 2031046.327564304927364 ], [ 328661.09398418944329, 2031016.322886230656877 ], [ 328661.09398418944329, 2030823.866937435232103 ], [ 328631.090234602917917, 2030793.862259360961616 ], [ 328631.090234602917917, 2030763.857581286691129 ], [ 328596.692633766739164, 2030729.458915991941467 ], [ 328566.688884180330206, 2030699.45423791767098 ], [ 328532.291091050894465, 2030665.055380323668942 ], [ 328502.287341464310884, 2030665.055380323668942 ], [ 328476.677635420754086, 2030639.444881769362837 ], [ 328442.279842291376553, 2030605.046024175360799 ], [ 328382.272343118384015, 2030605.046024175360799 ], [ 328361.056488324364182, 2030583.829512841301039 ], [ 328361.056488324364182, 2030553.824834767030552 ], [ 328326.658887488301843, 2030519.42616947228089 ], [ 328301.048989151371643, 2030493.815478618489578 ], [ 328301.048989151371643, 2030386.224646671675146 ], [ 328331.052738737897016, 2030356.219968597404659 ], [ 328331.052738737897016, 2030326.215290523134172 ], [ 328361.056488324364182, 2030296.210612448863685 ], [ 328361.056488324364182, 2029906.149797483580187 ], [ 328391.060237910889555, 2029876.1451194093097 ], [ 328391.060237910889555, 2029786.13108518673107 ], [ 328421.063987497414928, 2029756.126407112460583 ], [ 328421.063987497414928, 2029726.121729038190097 ], [ 328451.067737083882093, 2029696.11705096391961 ], [ 328451.067737083882093, 2029636.107694815378636 ], [ 328487.285234556416981, 2029599.889076566090807 ], [ 328451.067737083882093, 2029563.670458316802979 ], [ 328451.067737083882093, 2029456.079626369988546 ], [ 328481.071486670407467, 2029426.074948295718059 ], [ 328481.071486670407467, 2029396.070270221447572 ], [ 328511.075236256874632, 2029366.065592147177085 ], [ 328511.075236256874632, 2029323.633033722871915 ], [ 328481.071486670407467, 2029293.628355648601428 ], [ 328481.071486670407467, 2029203.614321426022798 ], [ 328446.673885834228713, 2029169.215656131273136 ], [ 328412.276092704967596, 2029134.816798537271097 ], [ 328352.268593531916849, 2029134.816798537271097 ], [ 328322.264843945449684, 2029104.81212046300061 ], [ 328292.261094358924311, 2029104.81212046300061 ], [ 328266.651388315309305, 2029079.201621908461675 ], [ 328211.037740391853731, 2029023.586252980399877 ], [ 328211.037740391853731, 2028993.58157490612939 ], [ 328181.033990805386566, 2028963.576896831858903 ], [ 328181.033990805386566, 2028843.558184535009786 ], [ 328151.030241218861192, 2028813.5535064607393 ], [ 328151.030241218861192, 2028684.746627423446625 ], [ 328082.234847253304906, 2028684.746627423446625 ], [ 328056.6251412096899, 2028659.136128869140521 ], [ 328031.015242872817907, 2028633.525438015349209 ], [ 328031.015242872817907, 2028594.732593200867996 ], [ 327992.223598493845202, 2028594.732593200867996 ], [ 327966.613892450171988, 2028569.12209464632906 ], [ 327932.216099320910871, 2028534.723237052327022 ], [ 327782.197351388342213, 2028534.723237052327022 ], [ 327760.98149659432238, 2028513.506725718267262 ], [ 327760.98149659432238, 2028483.502047643996775 ], [ 327726.583895758143626, 2028449.103382349247113 ], [ 327700.973997421329841, 2028423.492691495455801 ], [ 327700.973997421329841, 2028303.473979198606685 ], [ 327670.970247834804468, 2028273.469301124336198 ], [ 327670.970247834804468, 2028243.464623050065711 ], [ 327640.966498248279095, 2028213.459944975795224 ], [ 327640.966498248279095, 2028153.450588827254251 ], [ 327610.962748661811929, 2028123.445910752983764 ], [ 327610.962748661811929, 2027745.81297613796778 ], [ 327640.966498248279095, 2027715.808298063697293 ], [ 327640.966498248279095, 2027643.371061565121636 ], [ 327610.962748661811929, 2027613.366383490851149 ], [ 327610.962748661811929, 2027583.361705416580662 ], [ 327572.171104282781016, 2027544.568860602099448 ], [ 327542.167354696197435, 2027544.568860602099448 ], [ 327512.16360510973027, 2027514.564182528061792 ], [ 327482.159855523321312, 2027514.564182528061792 ], [ 327460.944000729301479, 2027493.347671194002032 ], [ 327460.944000729301479, 2027463.342993119731545 ], [ 327430.940251142776106, 2027433.338315045461059 ], [ 327430.940251142776106, 2027403.333636971190572 ], [ 327400.936501556250732, 2027373.328958896920085 ], [ 327400.936501556250732, 2027334.536114082438871 ], [ 327362.144857177278027, 2027334.536114082438871 ], [ 327336.535151133604813, 2027308.925615527899936 ], [ 327310.925252796791028, 2027283.314924674108624 ], [ 327310.925252796791028, 2027244.522079859860241 ], [ 327272.133608417760115, 2027244.522079859860241 ], [ 327242.129858831234742, 2027214.517401785589755 ], [ 327212.126109244767576, 2027214.517401785589755 ], [ 327182.122359658242203, 2027184.512723711319268 ], [ 327152.118610071775038, 2027184.512723711319268 ], [ 327126.508904028160032, 2027158.902225156780332 ], [ 327092.111110898724291, 2027124.503367562778294 ], [ 327062.107361312257126, 2027124.503367562778294 ], [ 327036.49765526864212, 2027098.892869008239359 ], [ 327006.493905682058539, 2027068.888190933968872 ], [ 326980.884007345244754, 2027043.27750008017756 ], [ 326980.884007345244754, 2027013.272822005907074 ], [ 326950.880257758719381, 2026983.268143931636587 ], [ 326950.880257758719381, 2026953.263465857598931 ], [ 326920.876508172194008, 2026923.258787783328444 ], [ 326920.876508172194008, 2026644.428518374916166 ], [ 326882.084863793221302, 2026644.428518374916166 ], [ 326856.475157749548089, 2026618.818019820377231 ], [ 326826.471408163139131, 2026588.813341746106744 ], [ 326770.857760239683557, 2026533.197972818044946 ], [ 326770.857760239683557, 2026494.405128003563732 ], [ 326732.066115860710852, 2026494.405128003563732 ], [ 326702.062366274185479, 2026464.400449929293245 ], [ 326642.05486710119294, 2026464.400449929293245 ], [ 326582.047367928142194, 2026404.391093780752271 ], [ 326552.043618341616821, 2026404.391093780752271 ], [ 326515.825656632485334, 2026368.172011280898005 ], [ 326479.607694923412055, 2026404.391093780752271 ], [ 326372.021120822580997, 2026404.391093780752271 ], [ 326350.805266028677579, 2026383.174582446925342 ], [ 326350.805266028677579, 2026125.560360128758475 ], [ 326376.415164365549572, 2026099.949669274967164 ], [ 326402.024870409164578, 2026074.339170720428228 ], [ 326432.028619995631743, 2026074.339170720428228 ], [ 326462.032369582157116, 2026044.334492646157742 ], [ 326560.831513134180568, 2026044.334492646157742 ], [ 326560.831513134180568, 2025753.07634288771078 ], [ 326530.827763547655195, 2025723.071664813440293 ], [ 326530.827763547655195, 2025645.485510940663517 ], [ 326556.437661884527188, 2025619.874820086872205 ], [ 326586.441411471052561, 2025589.870142012601718 ], [ 326620.839012307173107, 2025555.471476718084887 ], [ 326620.839012307173107, 2025525.4667986438144 ], [ 326650.84276189369848, 2025495.462120569543913 ], [ 326650.84276189369848, 2025423.024884070968255 ], [ 326620.839012307173107, 2025393.020205996697769 ], [ 326620.839012307173107, 2025135.405983678530902 ], [ 326650.84276189369848, 2025105.401305604260415 ], [ 326650.84276189369848, 2024972.954712957376614 ], [ 326620.839012307173107, 2024942.950034883106127 ], [ 326620.839012307173107, 2024912.945356808835641 ], [ 326582.047367928142194, 2024874.152511994354427 ], [ 326552.043618341675028, 2024874.152511994354427 ], [ 326526.433912298001815, 2024848.542013439815491 ], [ 326492.036119168740697, 2024814.143155845813453 ], [ 326462.032369582157116, 2024814.143155845813453 ], [ 326432.028619995631743, 2024784.138477771542966 ], [ 326372.021120822697412, 2024784.138477771542966 ], [ 326342.017371236230247, 2024754.13379969727248 ], [ 326282.0098720631795, 2024754.13379969727248 ], [ 326252.006122476712335, 2024724.129121623001993 ], [ 326191.998623303661589, 2024724.129121623001993 ], [ 326161.994873717194423, 2024694.124443548731506 ], [ 326131.991124130552635, 2024694.124443548731506 ], [ 326106.381418086995836, 2024668.513944994425401 ], [ 326080.771519750123844, 2024642.90325414063409 ], [ 326080.771519750123844, 2024612.898576066363603 ], [ 326050.76777016359847, 2024582.893897992093116 ], [ 326050.76777016359847, 2024492.879863769281656 ], [ 326020.764020577131305, 2024462.875185695011169 ], [ 326020.764020577131305, 2024432.870507620740682 ], [ 325986.366419740952551, 2024398.47184232622385 ], [ 325960.756521404080559, 2024372.861151472432539 ], [ 325960.756521404080559, 2024252.842439175350592 ], [ 325930.752771817613393, 2024222.837761101080105 ], [ 325930.752771817613393, 2024025.232894931454211 ], [ 325956.362670154485386, 2023999.6222040776629 ], [ 326020.764020577131305, 2023935.218860708642751 ], [ 326020.764020577131305, 2023875.209504560101777 ], [ 326050.76777016359847, 2023845.204826486064121 ], [ 326050.76777016359847, 2023725.186114188982174 ], [ 326106.381418086995836, 2023669.570745260920376 ], [ 326140.779018923116382, 2023635.172079966170713 ], [ 326140.779018923116382, 2023605.167401891900226 ], [ 326170.782768509641755, 2023575.16272381762974 ], [ 326170.782768509641755, 2023502.725487319286913 ], [ 326140.779018923116382, 2023472.720809245016426 ], [ 326140.779018923116382, 2023412.711453096475452 ], [ 326110.775269336649217, 2023382.706775022204965 ], [ 326110.775269336649217, 2023155.097230778308585 ], [ 326140.779018923116382, 2023125.092552704038098 ], [ 326140.779018923116382, 2023043.867149465251714 ], [ 326101.987374544143677, 2023043.867149465251714 ], [ 326071.983624957618304, 2023013.862471390981227 ], [ 325939.540202366188169, 2023013.862471390981227 ], [ 325909.536452779721003, 2023043.867149465251714 ], [ 325819.525204020261299, 2023043.867149465251714 ], [ 325789.521454433735926, 2023073.871827539522201 ], [ 325699.510205674276222, 2023073.871827539522201 ], [ 325669.506456087750848, 2023103.876505613792688 ], [ 325639.502706501167268, 2023103.876505613792688 ], [ 325609.498956914700102, 2023133.881183688063174 ], [ 325480.696063776209485, 2023133.881183688063174 ], [ 325480.696063776209485, 2023172.674028502544388 ], [ 325459.480208982189652, 2023193.890539836604148 ], [ 325279.457711463212036, 2023193.890539836604148 ], [ 325249.453961876686662, 2023223.895217910874635 ], [ 325069.431464357592631, 2023223.895217910874635 ], [ 325039.427714771125466, 2023253.899895985145122 ], [ 324979.420215598191135, 2023253.899895985145122 ], [ 324949.416466011723969, 2023283.904574059182778 ], [ 324919.412716425082181, 2023283.904574059182778 ], [ 324885.014923295762856, 2023318.303431653184816 ], [ 324820.613572873116937, 2023382.706775022204965 ], [ 324820.613572873116937, 2023412.711453096475452 ], [ 324790.609823286649771, 2023442.716131170745939 ], [ 324790.609823286649771, 2023472.720809245016426 ], [ 324760.606073700124398, 2023502.725487319286913 ], [ 324760.606073700124398, 2023665.1767580404412 ], [ 324790.609823286649771, 2023695.181436114711687 ], [ 324790.609823286649771, 2023742.762911913217977 ], [ 324764.999924949777778, 2023768.373602767009288 ], [ 324734.996175363252405, 2023798.378280841279775 ], [ 324700.598574527131859, 2023832.776946136029437 ], [ 324700.598574527131859, 2023862.781624210067093 ], [ 324674.988676190259866, 2023888.392315063858405 ], [ 324644.984926603734493, 2023918.396993138128892 ], [ 324584.977427430741955, 2023978.406349286669865 ], [ 324554.973677844216581, 2024008.411027360940352 ], [ 324499.360222214076202, 2024064.026203989749774 ], [ 324469.356472627609037, 2024064.026203989749774 ], [ 324430.564828248578124, 2024102.819048804230988 ], [ 324430.564828248578124, 2024132.823726878268644 ], [ 324404.954929911706131, 2024158.434417732059956 ], [ 324344.947430738713592, 2024218.443773880600929 ], [ 324314.943681152188219, 2024248.448451954871416 ], [ 324284.939931565721054, 2024278.453130029141903 ], [ 324254.93618197919568, 2024308.45780810341239 ], [ 324229.326475935580675, 2024334.068306657951325 ], [ 324199.322726348997094, 2024334.068306657951325 ], [ 324169.318976762529928, 2024364.072984732221812 ], [ 324139.315227176062763, 2024364.072984732221812 ], [ 324109.31147758953739, 2024394.077662806492299 ], [ 324079.307728003128432, 2024394.077662806492299 ], [ 324049.303978416603059, 2024424.082340880529955 ], [ 323959.292729656968731, 2024424.082340880529955 ], [ 323929.288980070501566, 2024454.087018954800442 ], [ 323869.28148089745082, 2024454.087018954800442 ], [ 323839.277731310983654, 2024484.091697029070929 ], [ 323809.273981724458281, 2024484.091697029070929 ], [ 323779.270232137991115, 2024514.096375103341416 ], [ 323719.262732964940369, 2024514.096375103341416 ], [ 323689.258983378473204, 2024544.101053177611902 ], [ 323569.243985032488126, 2024544.101053177611902 ], [ 323539.240235445962753, 2024574.105731251882389 ], [ 323509.236485859495588, 2024574.105731251882389 ], [ 323479.232736272970214, 2024604.110409326152876 ], [ 323419.225237099977676, 2024604.110409326152876 ], [ 323389.221487513452303, 2024634.115087400423363 ], [ 322669.131497437425423, 2024634.115087400423363 ], [ 322639.12774785090005, 2024664.11976547469385 ], [ 322609.123998264432885, 2024664.11976547469385 ], [ 322574.726205135055352, 2024698.518623068463057 ], [ 322514.718705962004606, 2024758.527979217004031 ], [ 322489.108999918331392, 2024784.138477771542966 ], [ 322219.075253639777657, 2024784.138477771542966 ], [ 322195.285716175974812, 2024807.928751419764012 ], [ 322171.496178712171968, 2024784.138477771542966 ], [ 322021.477430779661518, 2024784.138477771542966 ], [ 321991.473681193136144, 2024754.13379969727248 ], [ 321649.00401149620302, 2024754.13379969727248 ], [ 321619.000261909735855, 2024784.138477771542966 ], [ 321408.974014804174658, 2024784.138477771542966 ], [ 321378.970265217707492, 2024814.143155845813453 ], [ 321301.387440703576431, 2024814.143155845813453 ], [ 321271.383691117051058, 2024784.138477771542966 ], [ 320928.914021420117933, 2024784.138477771542966 ], [ 320898.910271833650768, 2024814.143155845813453 ], [ 320851.331196906045079, 2024814.143155845813453 ], [ 320821.327447319577914, 2024784.138477771542966 ], [ 320071.233707656909246, 2024784.138477771542966 ], [ 320041.229958070383873, 2024754.13379969727248 ], [ 320011.226208483916707, 2024754.13379969727248 ], [ 319981.222458897391334, 2024724.129121623001993 ], [ 319758.767787546559703, 2024724.129121623001993 ], [ 319728.764037960034329, 2024754.13379969727248 ], [ 319621.177463859377895, 2024754.13379969727248 ], [ 319591.173714272852521, 2024724.129121623001993 ], [ 319561.169964686385356, 2024724.129121623001993 ], [ 319531.16621509991819, 2024694.124443548731506 ], [ 319441.154966340283863, 2024694.124443548731506 ], [ 319411.15121675375849, 2024664.11976547469385 ], [ 319261.132468821364455, 2024664.11976547469385 ], [ 319231.128719234897289, 2024634.115087400423363 ], [ 319081.109971302328631, 2024634.115087400423363 ], [ 319051.106221715803258, 2024604.110409326152876 ], [ 318961.094972956285346, 2024604.110409326152876 ], [ 318931.091223369759973, 2024574.105731251882389 ], [ 318768.644051191862673, 2024574.105731251882389 ], [ 318738.640301605395507, 2024604.110409326152876 ], [ 318721.064976264315192, 2024604.110409326152876 ], [ 318691.061226677848026, 2024574.105731251882389 ], [ 318631.05372750479728, 2024574.105731251882389 ], [ 318601.049977918330114, 2024544.101053177611902 ], [ 318511.038729158753995, 2024544.101053177611902 ], [ 318481.034979572228622, 2024514.096375103341416 ], [ 318150.993734120740555, 2024514.096375103341416 ], [ 318120.98998453427339, 2024484.091697029070929 ], [ 317778.520314837340266, 2024484.091697029070929 ], [ 317748.516565250814892, 2024514.096375103341416 ], [ 317700.937490323150996, 2024514.096375103341416 ], [ 317670.933740736625623, 2024484.091697029070929 ], [ 317610.926241563633084, 2024484.091697029070929 ], [ 317580.922491977107711, 2024454.087018954800442 ], [ 317250.881246525619645, 2024454.087018954800442 ], [ 317220.877496939094272, 2024424.082340880529955 ], [ 317070.858749006525613, 2024424.082340880529955 ], [ 317040.85499942000024, 2024394.077662806492299 ], [ 316890.836251487547997, 2024394.077662806492299 ], [ 316860.832501901022624, 2024364.072984732221812 ], [ 316740.817503555037547, 2024364.072984732221812 ], [ 316710.813753968512174, 2024334.068306657951325 ], [ 316680.810004382045008, 2024334.068306657951325 ], [ 316659.594149588025175, 2024312.851795323891565 ], [ 316659.594149588025175, 2024235.265641451114789 ], [ 316710.813289739075117, 2024184.044916286598891 ] ] ] } },
{ "type": "Feature", "properties": { "OBJECTID": 8, "乡镇名": "羊栏镇", "面积km2": 139.931 }, "geometry": { "type": "MultiPolygon", "coordinates": [ [ [ [ 332282.75978936383035, 2015722.725235105492175 ], [ 332312.763538950355724, 2015692.720557031221688 ], [ 332372.771038123348262, 2015692.720557031221688 ], [ 332407.168831252725795, 2015658.32169943721965 ], [ 332441.566432088846341, 2015623.923034142469987 ], [ 332441.566432088846341, 2015593.918356068432331 ], [ 332467.176330425718334, 2015568.30766521464102 ], [ 332501.573931261838879, 2015533.908999919891357 ], [ 332501.573931261838879, 2015503.904321845620871 ], [ 332557.187579185236245, 2015448.288952917559072 ], [ 332587.191328771761619, 2015418.284274843288586 ], [ 332621.588929607882164, 2015383.885609548538923 ], [ 332621.588929607882164, 2015353.880931474268436 ], [ 332651.592679194407538, 2015323.87625340023078 ], [ 332651.592679194407538, 2015293.871575325960293 ], [ 332677.20257753127953, 2015268.260884472168982 ], [ 332737.210076704272069, 2015208.251528323628008 ], [ 332767.213826290797442, 2015178.246850249357522 ], [ 332797.217575877264608, 2015148.242172175087035 ], [ 332831.615176713385154, 2015113.843506880337372 ], [ 332831.615176713385154, 2014993.824794583488256 ], [ 332861.618926299910527, 2014963.820116509217769 ], [ 332861.618926299910527, 2014903.810760360676795 ], [ 332891.6226758864359, 2014873.806082286406308 ], [ 332891.6226758864359, 2014741.359489639522508 ], [ 332822.827281920879614, 2014672.561966750770807 ], [ 332702.812283574894536, 2014672.561966750770807 ], [ 332681.596428780874703, 2014651.345455416711047 ], [ 332681.596428780874703, 2014531.3267431196291 ], [ 332647.198827944812365, 2014496.928077824879438 ], [ 332617.195078358228784, 2014466.923399750608951 ], [ 332582.797285228793044, 2014432.524542156839743 ], [ 332492.786036469391547, 2014432.524542156839743 ], [ 332462.782286882924382, 2014402.519864082569256 ], [ 332282.759789363888558, 2014402.519864082569256 ], [ 332261.543934569868725, 2014381.303352748509496 ], [ 332261.543934569868725, 2014321.293996599968523 ], [ 332222.752290190837812, 2014282.501151785487309 ], [ 332060.305118012998719, 2014282.501151785487309 ], [ 332021.513473633967806, 2014321.293996599968523 ], [ 332021.513473633967806, 2014351.29867467423901 ], [ 331995.903575297095813, 2014376.909365528030321 ], [ 331965.89982571057044, 2014406.914043602300808 ], [ 331935.896076124103274, 2014436.918721676571295 ], [ 331905.892326537636109, 2014466.923399750608951 ], [ 331871.494725701457355, 2014501.322065045358613 ], [ 331871.494725701457355, 2014561.331421193899587 ], [ 331841.490976114931982, 2014591.336099268170074 ], [ 331841.490976114931982, 2014873.806082286406308 ], [ 331871.494725701457355, 2014903.810760360676795 ], [ 331871.494725701457355, 2014993.824794583488256 ], [ 331901.498475287982728, 2015023.829472657758743 ], [ 331901.498475287982728, 2015053.834150731796399 ], [ 331931.502224874449894, 2015083.838828806066886 ], [ 331931.502224874449894, 2015143.848184954607859 ], [ 331961.505974460975267, 2015173.852863028878346 ], [ 331961.505974460975267, 2015203.857541103148833 ], [ 331991.509724047442432, 2015233.86221917741932 ], [ 331991.509724047442432, 2015323.87625340023078 ], [ 332021.513473633967806, 2015353.880931474268436 ], [ 332021.513473633967806, 2015413.89028762280941 ], [ 332051.517223220493179, 2015443.894965697079897 ], [ 332051.517223220493179, 2015533.908999919891357 ], [ 332081.520972806960344, 2015563.913677994161844 ], [ 332081.520972806960344, 2015593.918356068432331 ], [ 332111.524722393485717, 2015623.923034142469987 ], [ 332111.524722393485717, 2015692.720557031221688 ], [ 332150.316366772458423, 2015692.720557031221688 ], [ 332180.320116358925588, 2015722.725235105492175 ], [ 332282.75978936383035, 2015722.725235105492175 ] ] ], [ [ [ 327692.186102628882509, 2018183.10883719380945 ], [ 327726.583895758201834, 2018148.709979599807411 ], [ 327752.19360180181684, 2018123.099481045268476 ], [ 327782.197351388400421, 2018123.099481045268476 ], [ 327816.595144517719746, 2018088.700623451266438 ], [ 327846.598894104186911, 2018058.695945376995951 ], [ 327876.602643690712284, 2018028.691267302725464 ], [ 327941.003994113358203, 2017964.287923933705315 ], [ 327941.003994113358203, 2017934.283245859434828 ], [ 327971.007743699825369, 2017904.278567785164341 ], [ 327971.007743699825369, 2017874.273889711126685 ], [ 328001.011493286350742, 2017844.269211636856198 ], [ 328001.011493286350742, 2017814.264533562585711 ], [ 328026.621391623222735, 2017788.6538427087944 ], [ 328061.018992459343281, 2017754.255177414044738 ], [ 328061.018992459343281, 2017724.250499339774251 ], [ 328091.022742045868654, 2017694.245821265503764 ], [ 328091.022742045868654, 2017664.241143191233277 ], [ 328121.026491632335819, 2017634.23646511696279 ], [ 328121.026491632335819, 2017574.227108968654647 ], [ 328142.242346426355653, 2017553.010597634594887 ], [ 328202.249845599348191, 2017553.010597634594887 ], [ 328241.041489978379104, 2017514.217752820113674 ], [ 328241.041489978379104, 2017454.2083966715727 ], [ 328262.257344772398937, 2017432.99188533751294 ], [ 328292.261094358866103, 2017432.99188533751294 ], [ 328331.052738737897016, 2017394.199040523031726 ], [ 328331.052738737897016, 2017364.19436244876124 ], [ 328361.056488324364182, 2017334.189684374490753 ], [ 328361.056488324364182, 2017304.185006300453097 ], [ 328421.063987497414928, 2017244.175650151912123 ], [ 328421.063987497414928, 2017214.170972077641636 ], [ 328446.673885834286921, 2017188.560281223850325 ], [ 328481.071486670407467, 2017154.161615929100662 ], [ 328481.071486670407467, 2017124.156937854830176 ], [ 328511.075236256874632, 2017094.152259780559689 ], [ 328511.075236256874632, 2017064.147581706289202 ], [ 328541.078985843400005, 2017034.142903632251546 ], [ 328541.078985843400005, 2016974.133547483710572 ], [ 328571.082735429925378, 2016944.128869409440085 ], [ 328571.082735429925378, 2016854.114835186628625 ], [ 328601.086485016392544, 2016824.110157112358138 ], [ 328601.086485016392544, 2016532.852007353911176 ], [ 328562.294840637419838, 2016532.852007353911176 ], [ 328541.078985843400005, 2016511.635496019851416 ], [ 328541.078985843400005, 2016421.621461797272786 ], [ 328511.075236256874632, 2016391.6167837230023 ], [ 328511.075236256874632, 2016361.612105648731813 ], [ 328481.071486670407467, 2016331.607427574461326 ], [ 328481.071486670407467, 2016301.602749500190839 ], [ 328446.673885834228713, 2016267.204084205441177 ], [ 328421.063987497414928, 2016241.593393351649866 ], [ 328421.063987497414928, 2016211.588715277379379 ], [ 328386.666386661236174, 2016177.190049982629716 ], [ 328356.662637074710801, 2016147.18537190859206 ], [ 328326.658887488301843, 2016117.180693834321573 ], [ 328296.655137901718263, 2016087.176015760051087 ], [ 328266.651388315309305, 2016057.1713376857806 ], [ 328202.249845599348191, 2015992.767802017508075 ], [ 328172.246096012881026, 2015992.767802017508075 ], [ 328112.238596839830279, 2015932.758445868967101 ], [ 328082.234847253363114, 2015932.758445868967101 ], [ 328056.6251412096899, 2015907.147947314428166 ], [ 328022.22734808025416, 2015872.749089720658958 ], [ 327992.223598493845202, 2015872.749089720658958 ], [ 327962.219848907319829, 2015842.744411646388471 ], [ 327829.776426316006109, 2015842.744411646388471 ], [ 327799.772676729480736, 2015872.749089720658958 ], [ 327679.757678383553866, 2015872.749089720658958 ], [ 327649.753928797028493, 2015902.753767794696614 ], [ 327619.750179210386705, 2015902.753767794696614 ], [ 327589.746429623919539, 2015932.758445868967101 ], [ 327559.742680037452374, 2015932.758445868967101 ], [ 327529.738930450927, 2015962.763123943237588 ], [ 327499.735180864459835, 2015962.763123943237588 ], [ 327469.731431277934462, 2015992.767802017508075 ], [ 327439.727681691467296, 2015992.767802017508075 ], [ 327409.723932104941923, 2016022.772480091778561 ], [ 327259.705184172431473, 2016022.772480091778561 ], [ 327229.7014345859061, 2016052.777158166049048 ], [ 327139.69018582632998, 2016052.777158166049048 ], [ 327105.292392697010655, 2016087.176015760051087 ], [ 327079.682686653395649, 2016112.786514314590022 ], [ 327049.678937066812068, 2016112.786514314590022 ], [ 327019.675187480344903, 2016142.791192388860509 ], [ 327002.099862139264587, 2016142.791192388860509 ], [ 326980.884007345244754, 2016121.574681054800749 ], [ 326980.884007345244754, 2016091.570002980530262 ], [ 326950.880257758719381, 2016061.565324906259775 ], [ 326950.880257758719381, 2016031.560646831989288 ], [ 326920.876508172194008, 2016001.555968757718801 ], [ 326920.876508172194008, 2015971.551290683448315 ], [ 326890.872758585726842, 2015941.546612609177828 ], [ 326890.872758585726842, 2015902.753767794696614 ], [ 326659.630192442273255, 2015902.753767794696614 ], [ 326620.838548063358758, 2015941.546612609177828 ], [ 326620.838548063358758, 2016314.030629850225523 ], [ 326650.842297649825923, 2016344.03530792449601 ], [ 326650.842297649825923, 2016404.044664073036984 ], [ 326680.846047236351296, 2016434.04934214730747 ], [ 326680.846047236351296, 2016464.054020221577957 ], [ 326715.24364807253005, 2016498.452685516094789 ], [ 326740.853546409343835, 2016524.0633763698861 ], [ 326740.853546409343835, 2016554.068054444156587 ], [ 326770.857295995869208, 2016584.072732518427074 ], [ 326770.857295995869208, 2016614.077410592697561 ], [ 326800.861045582394581, 2016644.082088666968048 ], [ 326800.861045582394581, 2016674.086766741238534 ], [ 326830.864795168861747, 2016704.091444815509021 ], [ 326830.864795168861747, 2016764.100800963817164 ], [ 326860.86854475538712, 2016794.105479038087651 ], [ 326860.86854475538712, 2016854.114835186628625 ], [ 326890.872294341854285, 2016884.119513260899112 ], [ 326890.872294341854285, 2016974.133547483710572 ], [ 326920.876043928379659, 2017004.138225557981059 ], [ 326920.876043928379659, 2017094.152259780559689 ], [ 326950.879793514905032, 2017124.156937854830176 ], [ 326950.879793514905032, 2017154.161615929100662 ], [ 326985.27739435096737, 2017188.560281223850325 ], [ 327010.88729268789757, 2017214.170972077641636 ], [ 327010.88729268789757, 2017424.203718597302213 ], [ 327040.891042274364736, 2017454.2083966715727 ], [ 327040.891042274364736, 2017484.213074745843187 ], [ 327070.894791860890109, 2017514.217752820113674 ], [ 327070.894791860890109, 2017844.269211636856198 ], [ 327100.898541447415482, 2017874.273889711126685 ], [ 327100.898541447415482, 2017934.283245859434828 ], [ 327130.902291033882648, 2017964.287923933705315 ], [ 327130.902291033882648, 2018024.297280082246289 ], [ 327160.906040620408021, 2018054.301958156516775 ], [ 327160.906040620408021, 2018123.099481045268476 ], [ 327199.697684999380726, 2018123.099481045268476 ], [ 327229.701434585847892, 2018153.104159119538963 ], [ 327349.716432931891177, 2018153.104159119538963 ], [ 327379.720182518358342, 2018183.10883719380945 ], [ 327439.727681691525504, 2018183.10883719380945 ], [ 327469.731431277992669, 2018213.113515267847106 ], [ 327632.178603455715347, 2018213.113515267847106 ], [ 327662.18235304224072, 2018183.10883719380945 ], [ 327692.186102628882509, 2018183.10883719380945 ] ] ], [ [ [ 339037.997489870002028, 2033181.05369479698129 ], [ 339093.610945500142407, 2033125.438518168171868 ], [ 339273.633443019236438, 2033125.438518168171868 ], [ 339308.031236148555763, 2033091.039660574169829 ], [ 339338.034985735022929, 2033061.034982499899343 ], [ 339368.038735321548302, 2033031.030304425628856 ], [ 339393.648441365163308, 2033005.41980587108992 ], [ 339453.655940538155846, 2033005.41980587108992 ], [ 339483.659690124681219, 2032975.415127796819434 ], [ 339513.663439711090177, 2032975.415127796819434 ], [ 339543.66718929761555, 2032945.410449722781777 ], [ 339582.458833676704671, 2032945.410449722781777 ], [ 339582.458833676704671, 2032906.617604908300564 ], [ 339612.462583263171837, 2032876.612926834030077 ], [ 339612.462583263171837, 2032816.603570685489103 ], [ 339633.67843805719167, 2032795.387059351429343 ], [ 339693.685937230184209, 2032795.387059351429343 ], [ 339723.689686816709582, 2032765.382381277158856 ], [ 339762.481331195740495, 2032765.382381277158856 ], [ 339762.481331195740495, 2032666.580180314136669 ], [ 339788.09122953255428, 2032640.969489460578188 ], [ 339813.700935576227494, 2032615.358990906039253 ], [ 339843.704685162694659, 2032615.358990906039253 ], [ 339873.708434749220032, 2032585.354312831768766 ], [ 339963.719683508796152, 2032585.354312831768766 ], [ 339998.117476638115477, 2032550.955455237766728 ], [ 340058.124975811108015, 2032490.946099089225754 ], [ 340092.522576647228561, 2032456.547433794476092 ], [ 340092.522576647228561, 2032426.542755720205605 ], [ 340118.132474984100554, 2032400.932064866414294 ], [ 340152.5300758202211, 2032366.533399571897462 ], [ 340152.5300758202211, 2032336.528721497626975 ], [ 340182.533825406746473, 2032306.524043423356488 ], [ 340182.533825406746473, 2032114.068094627698883 ], [ 340152.5300758202211, 2032084.063416553428397 ], [ 340152.5300758202211, 2032024.054060405120254 ], [ 340122.526326233753935, 2031994.049382330849767 ], [ 340122.526326233753935, 2031964.04470425657928 ], [ 340088.128725397575181, 2031929.646038961829618 ], [ 340062.518827060761396, 2031904.035348108038306 ], [ 340062.518827060761396, 2031874.030670033767819 ], [ 340032.515077474236023, 2031844.025991959497333 ], [ 340032.515077474236023, 2031526.402413493022323 ], [ 340062.518827060761396, 2031496.397735418751836 ], [ 340062.518827060761396, 2031436.388379270210862 ], [ 340083.734681854781229, 2031415.171867936151102 ], [ 340113.738431441306602, 2031415.171867936151102 ], [ 340148.136224570625927, 2031380.773010342149064 ], [ 340173.745930614240933, 2031355.162511787610129 ], [ 340203.749680200824514, 2031355.162511787610129 ], [ 340233.75342978729168, 2031325.157833713339642 ], [ 340263.757179373758845, 2031325.157833713339642 ], [ 340293.760928960284218, 2031295.153155639069155 ], [ 340353.768428133276757, 2031295.153155639069155 ], [ 340383.77217771980213, 2031265.148477564798668 ], [ 340473.783426479203627, 2031265.148477564798668 ], [ 340508.181219608639367, 2031230.74961997102946 ], [ 340538.18496919516474, 2031200.744941896758974 ], [ 340563.794675238837954, 2031175.134443342220038 ], [ 340602.586319617810659, 2031175.134443342220038 ], [ 340602.586319617810659, 2030926.308852008078247 ], [ 340623.802174411830492, 2030905.092340674018487 ], [ 340653.805923998297658, 2030905.092340674018487 ], [ 340688.203717127675191, 2030870.693483080016449 ], [ 340722.601317963795736, 2030836.294817785266787 ], [ 340722.601317963795736, 2030806.2901397109963 ], [ 340752.60506755032111, 2030776.285461636725813 ], [ 340752.60506755032111, 2030746.280783562455326 ], [ 340778.214965887193102, 2030720.670092708664015 ], [ 340803.824671930866316, 2030695.05959415412508 ], [ 340893.835920690267812, 2030695.05959415412508 ], [ 340932.627565069356933, 2030656.266749339876696 ], [ 340932.627565069356933, 2030626.26207126560621 ], [ 340958.237463406228926, 2030600.651380411814898 ], [ 341022.638813828874845, 2030536.248037042794749 ], [ 341022.638813828874845, 2030476.238680894253775 ], [ 341048.248712165746838, 2030450.627990040462464 ], [ 341082.646313001867384, 2030416.229324745712802 ], [ 341082.646313001867384, 2030356.219968597404659 ], [ 341112.650062588334549, 2030326.215290523134172 ], [ 341112.650062588334549, 2030206.196578226052225 ], [ 341142.653812174859922, 2030176.191900151781738 ], [ 341142.653812174859922, 2030146.187222077511251 ], [ 341168.263710511731915, 2030120.57653122371994 ], [ 341193.873416555288713, 2030094.966032669413835 ], [ 341223.877166141872294, 2030094.966032669413835 ], [ 341262.668810520903207, 2030056.173187854932621 ], [ 341262.668810520903207, 2030013.74062943062745 ], [ 341232.665060934377834, 2029983.735951356356964 ], [ 341232.665060934377834, 2029923.72659520781599 ], [ 341202.661311347852461, 2029893.721917133545503 ], [ 341202.661311347852461, 2029786.13108518673107 ], [ 341258.274959271249827, 2029730.515716258669272 ], [ 341292.672560107370373, 2029696.11705096391961 ], [ 341292.672560107370373, 2029606.103016741108149 ], [ 341322.676309693895746, 2029576.098338666837662 ], [ 341322.676309693895746, 2029516.088982518529519 ], [ 341352.680059280421119, 2029486.084304444259033 ], [ 341352.680059280421119, 2029456.079626369988546 ], [ 341378.289957617293112, 2029430.468935516197234 ], [ 341403.899663660908118, 2029404.858436961658299 ], [ 341433.903413247375283, 2029404.858436961658299 ], [ 341463.907162833900657, 2029374.853758887387812 ], [ 341643.929660352994688, 2029374.853758887387812 ], [ 341673.933409939461853, 2029344.849080813117325 ], [ 341703.937159525929019, 2029344.849080813117325 ], [ 341742.728803904959932, 2029306.056235998636112 ], [ 341742.728803904959932, 2029246.046879850327969 ], [ 341772.732553491427097, 2029216.042201776057482 ], [ 341772.732553491427097, 2028723.539472237927839 ], [ 341738.334952655364759, 2028689.140806943178177 ], [ 341708.331203068781178, 2028659.136128869140521 ], [ 341678.327453482255805, 2028629.131450794870034 ], [ 341648.323703895846847, 2028599.126772720599547 ], [ 341622.713805558916647, 2028573.516081866808236 ], [ 341622.713805558916647, 2028543.511403792537749 ], [ 341592.710055972391274, 2028513.506725718267262 ], [ 341592.710055972391274, 2028483.502047643996775 ], [ 341562.706306385924108, 2028453.497369569726288 ], [ 341562.706306385924108, 2028423.492691495455801 ], [ 341532.702556799398735, 2028393.488013421185315 ], [ 341532.702556799398735, 2028345.906537622911856 ], [ 341562.706306385924108, 2028315.901859548641369 ], [ 341562.706306385924108, 2028213.459944975795224 ], [ 341532.702556799398735, 2028183.455266901524737 ], [ 341532.702556799398735, 2028144.662422087043524 ], [ 341493.91091242042603, 2028144.662422087043524 ], [ 341472.695057626406197, 2028123.445910752983764 ], [ 341472.695057626406197, 2028015.855078806169331 ], [ 341498.304955963278189, 2027990.24438795237802 ], [ 341528.308705549803562, 2027960.239709878107533 ], [ 341553.918411593418568, 2027934.629211323568597 ], [ 341583.922161179885734, 2027934.629211323568597 ], [ 341613.925910766411107, 2027904.624533249298111 ], [ 341673.933409939403646, 2027904.624533249298111 ], [ 341708.331203068781178, 2027870.225675655296072 ], [ 341738.334952655306552, 2027840.220997581258416 ], [ 341772.732553491427097, 2027805.822332286508754 ], [ 341772.732553491427097, 2027733.385095787933096 ], [ 341738.334952655364759, 2027698.986430493183434 ], [ 341712.725054318434559, 2027673.375739639392123 ], [ 341712.725054318434559, 2027643.371061565121636 ], [ 341682.721304731909186, 2027613.366383490851149 ], [ 341682.721304731909186, 2027595.789585766615346 ], [ 341712.725054318434559, 2027565.784907692344859 ], [ 341712.725054318434559, 2027535.780229618307203 ], [ 341738.334952655306552, 2027510.169538764515892 ], [ 341763.944658698979765, 2027484.559040209976956 ], [ 341802.736303077952471, 2027484.559040209976956 ], [ 341802.736303077952471, 2027445.766195395495743 ], [ 341828.346201414824463, 2027420.155504541704431 ], [ 341858.349951001349837, 2027390.150826467433944 ], [ 341883.959657044964842, 2027364.540327912895009 ], [ 342021.549980732088443, 2027364.540327912895009 ], [ 342051.553730318555608, 2027394.545005987165496 ], [ 342153.99340332346037, 2027394.545005987165496 ], [ 342192.785047702491283, 2027355.752161172684282 ], [ 342192.785047702491283, 2027253.310246600070968 ], [ 342162.78129811596591, 2027223.305568525800481 ], [ 342162.78129811596591, 2027184.512723711319268 ], [ 342123.989653736993205, 2027184.512723711319268 ], [ 342068.376198106794618, 2027128.897547082509845 ], [ 342033.978404977533501, 2027094.498689488507807 ], [ 342003.974655391008127, 2027094.498689488507807 ], [ 341973.970905804540962, 2027064.49401141423732 ], [ 341943.967156217957381, 2027064.49401141423732 ], [ 341918.357450174284168, 2027038.883512859698385 ], [ 341892.747551837470382, 2027013.272822005907074 ], [ 341892.747551837470382, 2026923.258787783328444 ], [ 341858.349951001291629, 2026888.860122488578781 ], [ 341828.346201414882671, 2026858.855444414308295 ], [ 341772.732553491427097, 2026803.240075486246496 ], [ 341772.732553491427097, 2026743.230719337705523 ], [ 341742.728803904959932, 2026713.226041263435036 ], [ 341742.728803904959932, 2026695.649243539432064 ], [ 341772.732553491427097, 2026665.644565465161577 ], [ 341772.732553491427097, 2026635.63988739089109 ], [ 341802.736303077952471, 2026605.635209316620603 ], [ 341802.736303077952471, 2026575.630531242350116 ], [ 341832.740052664477844, 2026545.62585316807963 ], [ 341832.740052664477844, 2026515.621175093809143 ], [ 341862.743802250945009, 2026485.616497019538656 ], [ 341862.743802250945009, 2026383.174582446925342 ], [ 341828.346201414882671, 2026348.77591715217568 ], [ 341802.736303077952471, 2026323.165226298384368 ], [ 341802.736303077952471, 2026293.160548224113882 ], [ 341768.338702241773717, 2026258.761882929364219 ], [ 341738.334952655364759, 2026228.757204855093732 ], [ 341703.937159525929019, 2026194.358347261091694 ], [ 341673.933409939461853, 2026194.358347261091694 ], [ 341652.71755514544202, 2026173.141835927031934 ], [ 341652.71755514544202, 2026134.348991112550721 ], [ 341613.925910766352899, 2026134.348991112550721 ], [ 341588.316204722737893, 2026108.738492558244616 ], [ 341558.312455136328936, 2026078.733814483974129 ], [ 341528.308705549745355, 2026048.729136409703642 ], [ 341498.304955963336397, 2026018.724458335433155 ], [ 341438.297456790227443, 2025958.715102186892182 ], [ 341412.687558453413658, 2025933.10441133310087 ], [ 341412.687558453413658, 2025873.095055184559897 ], [ 341378.289957617234904, 2025838.696389889810234 ], [ 341343.892164487857372, 2025804.297532296041027 ], [ 341313.888414901390206, 2025804.297532296041027 ], [ 341288.278708857716992, 2025778.687033741502091 ], [ 341258.274959271308035, 2025748.682355667231604 ], [ 341198.267460098199081, 2025688.672999518690631 ], [ 341172.657561761385296, 2025663.062308664899319 ], [ 341172.657561761385296, 2025633.057630590628833 ], [ 341142.653812174859922, 2025603.052952516358346 ], [ 341142.653812174859922, 2025585.476154792122543 ], [ 341168.263710511731915, 2025559.865463938564062 ], [ 341198.267460098257288, 2025529.860785864293575 ], [ 341258.274959271249827, 2025469.851429715752602 ], [ 341288.2787088577752, 2025439.846751641482115 ], [ 341348.286208030767739, 2025379.837395492941141 ], [ 341382.683808866888285, 2025345.438730198191479 ], [ 341382.683808866888285, 2025303.006171773886308 ], [ 341348.286208030825946, 2025268.607506479136646 ], [ 341318.282458444242366, 2025238.60282840509899 ], [ 341288.278708857716992, 2025208.598150330828503 ], [ 341258.274959271308035, 2025178.593472256558016 ], [ 341198.267460098199081, 2025118.584116108017042 ], [ 341163.869666968937963, 2025084.185258514015004 ], [ 341133.865917382354382, 2025084.185258514015004 ], [ 341112.650062588334549, 2025062.968747179955244 ], [ 341112.650062588334549, 2025024.17590236547403 ], [ 341043.854668622894678, 2025024.17590236547403 ], [ 341013.850919036427513, 2024994.171224291203544 ], [ 340983.847169449785724, 2024994.171224291203544 ], [ 340953.843419863260351, 2024964.166546217165887 ], [ 340863.832171103858855, 2024964.166546217165887 ], [ 340803.824671930808108, 2024904.157190068624914 ], [ 340773.820922344340943, 2024904.157190068624914 ], [ 340752.60506755032111, 2024882.940678734565154 ], [ 340752.60506755032111, 2024844.14783392008394 ], [ 340611.373750166385435, 2024844.14783392008394 ], [ 340576.975957037066109, 2024878.546691514085978 ], [ 340546.972207450598944, 2024908.551369588356465 ], [ 340521.36250140692573, 2024934.161868142895401 ], [ 340353.768428133276757, 2024934.161868142895401 ], [ 340328.158722089603543, 2024908.551369588356465 ], [ 340293.760928960342426, 2024874.152511994354427 ], [ 340083.734681854781229, 2024874.152511994354427 ], [ 340053.730932268314064, 2024844.14783392008394 ], [ 340023.727182681730483, 2024844.14783392008394 ], [ 339993.72343309520511, 2024814.143155845813453 ], [ 339963.719683508737944, 2024814.143155845813453 ], [ 339938.10997746506473, 2024788.532657291274518 ], [ 339903.712184335803613, 2024754.13379969727248 ], [ 339873.708434749220032, 2024754.13379969727248 ], [ 339848.098728705546819, 2024728.523301142733544 ], [ 339813.700935576285701, 2024694.124443548731506 ], [ 339783.697185989643913, 2024694.124443548731506 ], [ 339758.087479946087115, 2024668.513944994425401 ], [ 339723.689686816709582, 2024634.115087400423363 ], [ 339693.685937230242416, 2024634.115087400423363 ], [ 339668.07623118662741, 2024608.504588845884427 ], [ 339633.67843805719167, 2024574.105731251882389 ], [ 339603.674688470724504, 2024574.105731251882389 ], [ 339578.064982427109499, 2024548.495232697343454 ], [ 339543.667189297673758, 2024514.096375103341416 ], [ 339513.663439711206593, 2024514.096375103341416 ], [ 339483.659690124739427, 2024484.091697029070929 ], [ 339453.655940538214054, 2024484.091697029070929 ], [ 339428.046234494599048, 2024458.481198474531993 ], [ 339398.042484908015467, 2024428.476520400261506 ], [ 339372.432586571143474, 2024402.865829546703026 ], [ 339372.432586571143474, 2024295.274997599655762 ], [ 339432.440085744194221, 2024235.265641451114789 ], [ 339432.440085744194221, 2024192.833083026809618 ], [ 339372.432586571143474, 2024132.823726878268644 ], [ 339372.432586571143474, 2024102.819048804230988 ], [ 339342.428836984676309, 2024072.814370729960501 ], [ 339342.428836984676309, 2024042.809692655690014 ], [ 339312.425087398150936, 2024012.805014581419528 ], [ 339312.425087398150936, 2023974.012169766938314 ], [ 339273.63344301917823, 2023974.012169766938314 ], [ 339243.629693432652857, 2023944.007491692667827 ], [ 339213.625943846185692, 2023944.007491692667827 ], [ 339188.016237802570686, 2023918.396993138128892 ], [ 339162.406339465640485, 2023892.78630228433758 ], [ 339162.406339465640485, 2023862.781624210067093 ], [ 339128.008738629461732, 2023828.382958915550262 ], [ 339102.398840292647947, 2023802.77226806175895 ], [ 339102.398840292647947, 2023725.186114188982174 ], [ 339132.402589879115112, 2023695.181436114711687 ], [ 339132.402589879115112, 2023652.748877690406516 ], [ 339093.610945500200614, 2023613.956032875925303 ], [ 339063.607195913617034, 2023613.956032875925303 ], [ 339033.60344632709166, 2023583.951354801654816 ], [ 339003.599696740624495, 2023583.951354801654816 ], [ 338982.383841946604662, 2023562.734843467595056 ], [ 338982.383841946604662, 2022932.636603908613324 ], [ 338952.380092360137496, 2022902.631925834342837 ], [ 338952.380092360137496, 2022863.839081019861624 ], [ 338811.148774976201821, 2022863.839081019861624 ], [ 338781.145025389734656, 2022893.84375909413211 ], [ 338703.562200875603594, 2022893.84375909413211 ], [ 338682.346346081583761, 2022872.627247760072351 ], [ 338682.346346081583761, 2022735.0317377387546 ], [ 338712.350095668109134, 2022705.027059664716944 ], [ 338712.350095668109134, 2022615.013025441905484 ], [ 338742.353845254576299, 2022585.008347367634997 ], [ 338742.353845254576299, 2022434.984956996282563 ], [ 338763.569700048537925, 2022413.768445662455633 ], [ 338793.573449635179713, 2022413.768445662455633 ], [ 338827.971242764499038, 2022379.369588068453595 ], [ 338857.974992350966204, 2022349.364909994183108 ], [ 338887.978741937491577, 2022319.360231919912621 ], [ 338922.376342773612123, 2022284.961566625162959 ], [ 338922.376342773612123, 2022254.956888550892472 ], [ 338947.986241110484116, 2022229.346197697101161 ], [ 338973.595947154157329, 2022203.735699142562225 ], [ 339033.60344632709166, 2022203.735699142562225 ], [ 339063.607195913617034, 2022173.731021068291739 ], [ 339141.190020427806303, 2022173.731021068291739 ], [ 339177.407982137054205, 2022209.950103568611667 ], [ 339213.625943846185692, 2022173.731021068291739 ], [ 339273.633443019120023, 2022173.731021068291739 ], [ 339308.031236148497555, 2022139.332163474522531 ], [ 339342.428836984676309, 2022104.933498179772869 ], [ 339342.428836984676309, 2022074.928820105502382 ], [ 339372.432586571143474, 2022044.924142031231895 ], [ 339372.432586571143474, 2022014.919463956961408 ], [ 339402.436336157668848, 2021984.914785882690921 ], [ 339402.436336157668848, 2021924.905429734149948 ], [ 339428.04623449454084, 2021899.294738880358636 ], [ 339462.443835330661386, 2021864.896073585608974 ], [ 339462.443835330661386, 2021834.891395511571318 ], [ 339492.447584917186759, 2021804.886717437300831 ], [ 339492.447584917186759, 2021762.45415901299566 ], [ 339462.443835330661386, 2021732.449480938725173 ], [ 339462.443835330661386, 2021672.4401247901842 ], [ 339428.046234494599048, 2021638.041459495434538 ], [ 339402.436336157668848, 2021612.430768641643226 ], [ 339402.436336157668848, 2021582.426090567372739 ], [ 339368.038735321490094, 2021548.027425272855908 ], [ 339342.428836984676309, 2021522.416734419064596 ], [ 339342.428836984676309, 2021492.412056344794109 ], [ 339303.637192605645396, 2021453.619211530312896 ], [ 339273.63344301917823, 2021453.619211530312896 ], [ 339218.019987388979644, 2021398.004034901503474 ], [ 339192.410089052165858, 2021372.393344047712162 ], [ 339192.410089052165858, 2021342.388665973441675 ], [ 339128.008738629461732, 2021277.985322604421526 ], [ 339098.004989042994566, 2021247.98064453038387 ], [ 339072.395090706122573, 2021222.369953676592559 ], [ 339072.395090706122573, 2021192.365275602322072 ], [ 339037.99748986994382, 2021157.96661030757241 ], [ 339007.993740283534862, 2021127.961932233301923 ], [ 338977.989990696951281, 2021097.957254159031436 ], [ 338947.986241110542323, 2021067.952576084760949 ], [ 338887.978741937433369, 2021007.943219936219975 ], [ 338862.368843600619584, 2020982.332529082661495 ], [ 338862.368843600619584, 2020952.327851008391008 ], [ 338823.577199221588671, 2020913.535006193909794 ], [ 338781.145025389792863, 2020913.535006193909794 ], [ 338751.14127580326749, 2020943.539684268180281 ], [ 338721.137526216683909, 2020943.539684268180281 ], [ 338686.739733087364584, 2020977.938541862182319 ], [ 338661.130027043807786, 2021003.549040416488424 ], [ 338631.126277457165997, 2021003.549040416488424 ], [ 338596.728484327846672, 2021037.947898010490462 ], [ 338571.118778284231666, 2021063.558396565029398 ], [ 338541.115028697648086, 2021063.558396565029398 ], [ 338506.717235568328761, 2021097.957254159031436 ], [ 338481.107529524713755, 2021123.567752713570371 ], [ 338451.103779938246589, 2021123.567752713570371 ], [ 338391.096280765195843, 2021183.577108862111345 ], [ 338361.092531178728677, 2021183.577108862111345 ], [ 338326.694738049351145, 2021217.975966456113383 ], [ 338301.085032005677931, 2021243.586465010652319 ], [ 338271.081282419268973, 2021243.586465010652319 ], [ 338236.683489289833233, 2021277.985322604421526 ], [ 338211.073783246160019, 2021303.595821158960462 ], [ 338181.070033659692854, 2021303.595821158960462 ], [ 338146.672240530315321, 2021337.9946787529625 ], [ 338116.668490943789948, 2021367.999356827232987 ], [ 338091.058784900174942, 2021393.609855381771922 ], [ 338061.055035313591361, 2021393.609855381771922 ], [ 338031.051285727124196, 2021423.614533456042409 ], [ 338001.047536140598822, 2021423.614533456042409 ], [ 337971.043786554131657, 2021453.619211530312896 ], [ 337941.040036967664491, 2021453.619211530312896 ], [ 337906.642243838286959, 2021488.018069124314934 ], [ 337881.032537794613745, 2021513.628567678853869 ], [ 337851.028788208088372, 2021513.628567678853869 ], [ 337821.025038621621206, 2021543.633245753124356 ], [ 337791.021289035212249, 2021543.633245753124356 ], [ 337761.017539448686875, 2021573.637923827162012 ], [ 337731.013789862161502, 2021573.637923827162012 ], [ 337701.010040275636129, 2021603.642601901432499 ], [ 337671.006290689052548, 2021603.642601901432499 ], [ 337636.608497559733223, 2021638.041459495434538 ], [ 337610.998791516118217, 2021663.651958049973473 ], [ 337580.995041929534636, 2021663.651958049973473 ], [ 337550.991292343067471, 2021693.65663612424396 ], [ 337520.987542756542098, 2021693.65663612424396 ], [ 337490.983793170074932, 2021723.661314198514447 ], [ 337460.980043583607767, 2021723.661314198514447 ], [ 337430.976293997082394, 2021753.665992272784933 ], [ 337400.972544410615228, 2021753.665992272784933 ], [ 337370.968794824089855, 2021783.67067034705542 ], [ 337340.965045237622689, 2021783.67067034705542 ], [ 337310.961295651097316, 2021813.675348421325907 ], [ 337280.957546064630151, 2021813.675348421325907 ], [ 337250.953796478162985, 2021843.680026495363563 ], [ 337220.950046891579404, 2021843.680026495363563 ], [ 337190.946297305054031, 2021873.68470456963405 ], [ 337160.942547718586866, 2021873.68470456963405 ], [ 337130.938798132061493, 2021903.689382643904537 ], [ 337100.935048545477912, 2021903.689382643904537 ], [ 337070.931298959010746, 2021933.694060718175024 ], [ 337040.927549372485373, 2021933.694060718175024 ], [ 337010.923799786018208, 2021963.698738792445511 ], [ 336980.920050199551042, 2021963.698738792445511 ], [ 336950.916300613025669, 2021993.703416866715997 ], [ 336920.912551026558504, 2021993.703416866715997 ], [ 336890.90880144003313, 2022023.708094940986484 ], [ 336830.901302267040592, 2022023.708094940986484 ], [ 336800.897552680515219, 2022053.712773015256971 ], [ 336770.893803094048053, 2022053.712773015256971 ], [ 336740.89005350752268, 2022083.717451089527458 ], [ 336710.886303920939099, 2022083.717451089527458 ], [ 336680.882554334471934, 2022113.722129163797945 ], [ 336620.875055161537603, 2022113.722129163797945 ], [ 336590.871305575070437, 2022143.726807237835601 ], [ 336530.863806402019691, 2022143.726807237835601 ], [ 336500.860056815494318, 2022173.731485312106088 ], [ 336440.852557642501779, 2022173.731485312106088 ], [ 336410.848808055976406, 2022203.736163386376575 ], [ 336350.841308882983867, 2022203.736163386376575 ], [ 336320.837559296458494, 2022233.740841460647061 ], [ 336260.830060123407748, 2022233.740841460647061 ], [ 336230.826310536940582, 2022263.745519534917548 ], [ 336140.815061777480878, 2022263.745519534917548 ], [ 336110.811312190955505, 2022293.750197609188035 ], [ 336080.807562604371924, 2022293.750197609188035 ], [ 336050.803813017904758, 2022323.754875683458522 ], [ 335990.796313844854012, 2022323.754875683458522 ], [ 335960.792564258386847, 2022353.759553757729009 ], [ 335870.781315498927142, 2022353.759553757729009 ], [ 335840.777565912401769, 2022383.764231831999496 ], [ 335780.770066739467438, 2022383.764231831999496 ], [ 335750.766317153000273, 2022413.768909906037152 ], [ 335660.755068393424153, 2022413.768909906037152 ], [ 335630.75131880689878, 2022443.773587980307639 ], [ 335540.740070047380868, 2022443.773587980307639 ], [ 335510.736320460855495, 2022473.778266054578125 ], [ 335420.725071701395791, 2022473.778266054578125 ], [ 335390.721322114870418, 2022503.782944128848612 ], [ 335300.710073355294298, 2022503.782944128848612 ], [ 335270.706323768827133, 2022533.787622203119099 ], [ 335150.691325422842056, 2022533.787622203119099 ], [ 335120.687575836316682, 2022563.792300277389586 ], [ 335030.676327076740563, 2022563.792300277389586 ], [ 335000.672577490273397, 2022593.796978351660073 ], [ 334940.665078317339066, 2022593.796978351660073 ], [ 334910.661328730813693, 2022623.80165642593056 ], [ 334850.653829557821155, 2022623.80165642593056 ], [ 334820.650079971295781, 2022653.806334500201046 ], [ 334580.620083279267419, 2022653.806334500201046 ], [ 334550.616333692742046, 2022683.811012574471533 ], [ 334430.601335346815176, 2022683.811012574471533 ], [ 334400.597585760289803, 2022713.815690648509189 ], [ 334250.578837827662937, 2022713.815690648509189 ], [ 334220.575088241195772, 2022743.820368722779676 ], [ 334100.560089895210695, 2022743.820368722779676 ], [ 334070.556340308685321, 2022773.825046797050163 ], [ 333590.496346924570389, 2022773.825046797050163 ], [ 333560.492597338103224, 2022803.82972487132065 ], [ 333230.451351886615157, 2022803.82972487132065 ], [ 333200.447602300089784, 2022833.834402945591137 ], [ 332780.395108089083806, 2022833.834402945591137 ], [ 332750.391358502558433, 2022863.839081019861624 ], [ 330062.482319962582551, 2022863.839081019861624 ], [ 330032.478570376057178, 2022833.834402945591137 ], [ 329372.396079473022837, 2022833.834402945591137 ], [ 329342.392329886497464, 2022803.82972487132065 ], [ 329102.362333194469102, 2022803.82972487132065 ], [ 329072.358583607943729, 2022773.825046797050163 ], [ 328832.328586915973574, 2022773.825046797050163 ], [ 328802.324837329506408, 2022743.820368722779676 ], [ 328442.279842291434761, 2022743.820368722779676 ], [ 328412.276092704967596, 2022713.815690648509189 ], [ 328052.231097666779533, 2022713.815690648509189 ], [ 328022.22734808025416, 2022683.811012574471533 ], [ 327799.772676729538944, 2022683.811012574471533 ], [ 327769.768927143071778, 2022713.815690648509189 ], [ 327700.973533177457284, 2022713.815690648509189 ], [ 327700.973533177457284, 2022752.608535462990403 ], [ 327670.969783590990119, 2022782.61321353726089 ], [ 327670.969783590990119, 2022812.617891611531377 ], [ 327615.356135667592753, 2022868.233260539593175 ], [ 327589.746429623919539, 2022893.84375909413211 ], [ 327409.723932104941923, 2022893.84375909413211 ], [ 327379.72018251841655, 2022923.848437168402597 ], [ 327109.686436239921022, 2022923.848437168402597 ], [ 327075.288643110543489, 2022958.247294762404636 ], [ 327049.678937066928484, 2022983.85779331671074 ], [ 327019.67518748040311, 2022983.85779331671074 ], [ 326989.671437893877737, 2023013.862471390981227 ], [ 326929.663938720885199, 2023013.862471390981227 ], [ 326899.660189134359825, 2023043.867149465251714 ], [ 326839.652689961309079, 2023043.867149465251714 ], [ 326809.648940374841914, 2023073.871827539522201 ], [ 326191.998623303661589, 2023073.871827539522201 ], [ 326140.778554679302033, 2023022.650173872942105 ], [ 326140.778554679302033, 2023112.664672354003415 ], [ 326110.77480509277666, 2023142.669350428273901 ], [ 326110.77480509277666, 2023395.134655372239649 ], [ 326140.778554679302033, 2023425.139333446510136 ], [ 326140.778554679302033, 2023485.14868959505111 ], [ 326170.782304265769199, 2023515.153367669321597 ], [ 326170.782304265769199, 2023562.734843467595056 ], [ 326140.778554679302033, 2023592.739521541865543 ], [ 326140.778554679302033, 2023622.744199616136029 ], [ 326115.16865634243004, 2023648.354890469927341 ], [ 326085.164906755904667, 2023678.359568544197828 ], [ 326050.767305919784121, 2023712.75823383894749 ], [ 326050.767305919784121, 2023832.776946136029437 ], [ 326020.763556333258748, 2023862.781624210067093 ], [ 326020.763556333258748, 2023922.790980358608067 ], [ 325995.153657996386755, 2023948.401671212399378 ], [ 325930.752307573740836, 2024012.805014581419528 ], [ 325930.752307573740836, 2024235.265641451114789 ], [ 325960.756057160266209, 2024265.270319525385275 ], [ 325960.756057160266209, 2024385.289031822467223 ], [ 325995.153657996444963, 2024419.687697117216885 ], [ 326020.763556333258748, 2024445.298387970775366 ], [ 326020.763556333258748, 2024475.303066045045853 ], [ 326050.767305919784121, 2024505.307744119316339 ], [ 326050.767305919784121, 2024595.3217783421278 ], [ 326080.771055506309494, 2024625.326456416398287 ], [ 326080.771055506309494, 2024655.331134490668774 ], [ 326119.562699885223992, 2024694.123979305149987 ], [ 326149.566449471865781, 2024694.123979305149987 ], [ 326179.570199058332946, 2024724.128657379187644 ], [ 326239.577698231267277, 2024724.128657379187644 ], [ 326269.581447817734443, 2024754.13333545345813 ], [ 326329.588946990785189, 2024754.13333545345813 ], [ 326359.592696577252354, 2024784.138013527728617 ], [ 326419.600195750303101, 2024784.138013527728617 ], [ 326449.603945336828474, 2024814.142691601999104 ], [ 326479.607694923295639, 2024814.142691601999104 ], [ 326505.217400966910645, 2024839.753190156538039 ], [ 326539.615194096346386, 2024874.152047750540078 ], [ 326569.618943682813551, 2024874.152047750540078 ], [ 326620.838548063358758, 2024925.373237158870324 ], [ 326620.838548063358758, 2024955.377915233140811 ], [ 326650.842297649825923, 2024985.382593307411298 ], [ 326650.842297649825923, 2025092.973425254225731 ], [ 326620.838548063358758, 2025122.978103328496218 ], [ 326620.838548063358758, 2025405.448086346732453 ], [ 326650.842297649825923, 2025435.452764421002939 ], [ 326650.842297649825923, 2025483.034240219509229 ], [ 326620.838548063358758, 2025513.038918293779716 ], [ 326620.838548063358758, 2025543.043596368050203 ], [ 326595.228649726486765, 2025568.654287221608683 ], [ 326565.224900139961392, 2025598.65896529587917 ], [ 326530.827299303840846, 2025633.057630590628833 ], [ 326530.827299303840846, 2025735.499545163474977 ], [ 326560.831048890308011, 2025765.504223237745464 ], [ 326560.831048890308011, 2026023.118445555912331 ], [ 326539.615194096288178, 2026044.334956889972091 ], [ 326449.603945336828474, 2026044.334956889972091 ], [ 326419.600195750303101, 2026074.339634964242578 ], [ 326389.596446163835935, 2026074.339634964242578 ], [ 326350.804801784805022, 2026113.132479778723791 ], [ 326350.804801784805022, 2026404.390629537170753 ], [ 326492.036119168740697, 2026404.390629537170753 ], [ 326515.825656632543541, 2026380.600355888949707 ], [ 326539.615194096346386, 2026404.390629537170753 ], [ 326569.618943682871759, 2026404.390629537170753 ], [ 326595.228649726486765, 2026430.001128091476858 ], [ 326629.626442855864298, 2026464.399985685478896 ], [ 326689.633942028856836, 2026464.399985685478896 ], [ 326719.637691615382209, 2026494.404663759749383 ], [ 326749.641441201849375, 2026494.404663759749383 ], [ 326770.857295995869208, 2026515.621175093809143 ], [ 326770.857295995869208, 2026545.62585316807963 ], [ 326805.254896832047962, 2026580.024518462829292 ], [ 326835.258646418456919, 2026610.029196537099779 ], [ 326869.65643954789266, 2026644.428054131101817 ], [ 326899.660189134359825, 2026644.428054131101817 ], [ 326920.876043928379659, 2026665.644565465161577 ], [ 326920.876043928379659, 2026935.686668133363128 ], [ 326950.879793514905032, 2026965.691346207633615 ], [ 326950.879793514905032, 2026995.696024281671271 ], [ 326980.883543101372197, 2027025.700702355941758 ], [ 326980.883543101372197, 2027055.705380430212244 ], [ 327015.281143937550951, 2027090.104045724961907 ], [ 327049.678937066812068, 2027124.502903318963945 ], [ 327079.682686653395649, 2027124.502903318963945 ], [ 327105.292392697068863, 2027150.11340187350288 ], [ 327139.69018582632998, 2027184.512259467504919 ], [ 327169.693935412913561, 2027184.512259467504919 ], [ 327199.697684999438934, 2027214.516937541775405 ], [ 327229.7014345859061, 2027214.516937541775405 ], [ 327259.705184172431473, 2027244.521615616045892 ], [ 327289.708933758898638, 2027244.521615616045892 ], [ 327310.924788552918471, 2027265.738126950105652 ], [ 327310.924788552918471, 2027295.742805024143308 ], [ 327349.716432931949385, 2027334.535649838624522 ], [ 327379.72018251841655, 2027334.535649838624522 ], [ 327400.936037312436383, 2027355.752161172684282 ], [ 327400.936037312436383, 2027385.756839246954769 ], [ 327430.939786898961756, 2027415.761517321225256 ], [ 327430.939786898961756, 2027445.766195395495743 ], [ 327460.943536485428922, 2027475.770873469766229 ], [ 327460.943536485428922, 2027514.563718284247443 ], [ 327499.735180864401627, 2027514.563718284247443 ], [ 327529.738930450868793, 2027544.56839635851793 ], [ 327559.742680037510581, 2027544.56839635851793 ], [ 327585.352386081125587, 2027570.178894912824035 ], [ 327610.962284417939372, 2027595.789585766615346 ], [ 327610.962284417939372, 2027625.794263840885833 ], [ 327640.966034004464746, 2027655.79894191515632 ], [ 327640.966034004464746, 2027703.380417713662609 ], [ 327610.962284417939372, 2027733.385095787933096 ], [ 327610.962284417939372, 2028135.873791103018448 ], [ 327640.966034004464746, 2028165.878469177288935 ], [ 327640.966034004464746, 2028225.887825325829908 ], [ 327670.969783590990119, 2028255.892503400100395 ], [ 327670.969783590990119, 2028285.897181474370882 ], [ 327700.973533177457284, 2028315.901859548641369 ], [ 327700.973533177457284, 2028435.920571845490485 ], [ 327760.981032350508031, 2028495.929927994031459 ], [ 327760.981032350508031, 2028534.722772808512673 ], [ 327919.787675075465813, 2028534.722772808512673 ], [ 327945.397381119080819, 2028560.333271363051608 ], [ 327979.79517424851656, 2028594.732128957053646 ], [ 328009.798923834983725, 2028594.732128957053646 ], [ 328031.014778629003558, 2028615.948640291113406 ], [ 328031.014778629003558, 2028645.953318365383893 ], [ 328069.806423008034471, 2028684.746163179865107 ], [ 328129.813922181085218, 2028684.746163179865107 ], [ 328151.029776975046843, 2028705.962674513692036 ], [ 328151.029776975046843, 2028825.981386810773984 ], [ 328181.033526561514009, 2028855.98606488504447 ], [ 328181.033526561514009, 2028976.004777181893587 ], [ 328211.037276148039382, 2029006.009455256164074 ], [ 328211.037276148039382, 2029036.014133330434561 ], [ 328245.434876984218135, 2029070.412798625184223 ], [ 328279.832670113479253, 2029104.811656219186261 ], [ 328309.836419700004626, 2029104.811656219186261 ], [ 328339.840169286471792, 2029134.816334293456748 ], [ 328399.847668459522538, 2029134.816334293456748 ], [ 328425.457374503137544, 2029160.426832847995684 ], [ 328455.461124089721125, 2029190.43151092226617 ], [ 328481.07102242653491, 2029216.042201776057482 ], [ 328481.07102242653491, 2029306.056235998636112 ], [ 328511.074772013060283, 2029336.060914072906598 ], [ 328511.074772013060283, 2029353.637711797142401 ], [ 328481.07102242653491, 2029383.642389871412888 ], [ 328481.07102242653491, 2029413.647067945683375 ], [ 328451.067272840067744, 2029443.651746019953862 ], [ 328451.067272840067744, 2029576.098338666837662 ], [ 328474.857274540467188, 2029599.889076566090807 ], [ 328451.067272840067744, 2029623.679814465343952 ], [ 328451.067272840067744, 2029683.689170613884926 ], [ 328421.063523253542371, 2029713.693848688155413 ], [ 328421.063523253542371, 2029743.6985267624259 ], [ 328391.059773667075206, 2029773.703204836696386 ], [ 328391.059773667075206, 2029863.717239059275016 ], [ 328361.056024080549832, 2029893.721917133545503 ], [ 328361.056024080549832, 2030283.782732098829001 ], [ 328331.052274494024459, 2030313.787410173099488 ], [ 328331.052274494024459, 2030343.792088247369975 ], [ 328301.048524907557294, 2030373.796766321640462 ], [ 328301.048524907557294, 2030506.243358968524262 ], [ 328335.446125743619632, 2030540.642024263273925 ], [ 328361.056024080549832, 2030566.252715117065236 ], [ 328361.056024080549832, 2030605.04555993154645 ], [ 328429.851418046047911, 2030605.04555993154645 ], [ 328455.461124089721125, 2030630.656058486085385 ], [ 328489.858917218982242, 2030665.054916080087423 ], [ 328519.862666805624031, 2030665.054916080087423 ], [ 328545.472372849239036, 2030690.665414634393528 ], [ 328575.476122435647994, 2030720.670092708664015 ], [ 328631.089770359103568, 2030776.285461636725813 ], [ 328631.089770359103568, 2030806.2901397109963 ], [ 328661.093519945570733, 2030836.294817785266787 ], [ 328661.093519945570733, 2031003.895005880622193 ], [ 328631.089770359103568, 2031033.89968395489268 ], [ 328631.089770359103568, 2031063.904362029163167 ], [ 328601.086020772578195, 2031093.909040103433654 ], [ 328601.086020772578195, 2031676.425803864141926 ], [ 328631.089770359103568, 2031706.430481938412413 ], [ 328631.089770359103568, 2031874.030670033767819 ], [ 328601.086020772578195, 2031904.035348108038306 ], [ 328601.086020772578195, 2032174.077450776239857 ], [ 328571.082271186052822, 2032204.082128850510344 ], [ 328571.082271186052822, 2032366.533399571897462 ], [ 328601.086020772578195, 2032396.538077645935118 ], [ 328601.086020772578195, 2032456.547433794476092 ], [ 328631.089770359103568, 2032486.552111868746579 ], [ 328631.089770359103568, 2032744.166334186913446 ], [ 328601.086020772578195, 2032774.171012261183932 ], [ 328601.086020772578195, 2032975.415127796819434 ], [ 329012.351084434892982, 2032975.415127796819434 ], [ 329042.354834021418355, 2032945.410449722781777 ], [ 329072.358583607943729, 2032945.410449722781777 ], [ 329102.362333194469102, 2032915.405771648511291 ], [ 329282.384830713563133, 2032915.405771648511291 ], [ 329316.782623842882458, 2032881.006914054509252 ], [ 329342.392329886497464, 2032855.396415499970317 ], [ 329372.396079473081045, 2032855.396415499970317 ], [ 329406.79387260240037, 2032820.997557905968279 ], [ 329441.191473438520916, 2032786.598892611218616 ], [ 329441.191473438520916, 2032756.59421453694813 ], [ 329466.801371775392909, 2032730.983523683156818 ], [ 329526.808870948385447, 2032670.974167534615844 ], [ 329556.812620534852613, 2032640.969489460578188 ], [ 329582.422326578525826, 2032615.358990906039253 ], [ 329690.008900679182261, 2032615.358990906039253 ], [ 329720.012650265707634, 2032645.36366898030974 ], [ 329930.038897371268831, 2032645.36366898030974 ], [ 329960.042646957794204, 2032675.368347054347396 ], [ 330122.489819135516882, 2032675.368347054347396 ], [ 330156.887612264952622, 2032640.969489460578188 ], [ 330182.497318308625836, 2032615.358990906039253 ], [ 330242.504817481676582, 2032615.358990906039253 ], [ 330272.508567068143748, 2032585.354312831768766 ], [ 330482.534814173704945, 2032585.354312831768766 ], [ 330512.53856376017211, 2032555.349634757498279 ], [ 330542.542313346697483, 2032555.349634757498279 ], [ 330576.940106476016808, 2032520.950777163496241 ], [ 330632.553562106157187, 2032465.335600534686819 ], [ 330800.147635379806161, 2032465.335600534686819 ], [ 330830.151384966273326, 2032495.340278608957306 ], [ 330920.162633725849446, 2032495.340278608957306 ], [ 330945.772339769522659, 2032520.950777163496241 ], [ 330971.382238106336445, 2032546.561468017287552 ], [ 330971.382238106336445, 2032585.354312831768766 ], [ 331010.17388248530915, 2032585.354312831768766 ], [ 331040.177632071776316, 2032615.358990906039253 ], [ 331100.185131244827062, 2032615.358990906039253 ], [ 331130.188880831294227, 2032645.36366898030974 ], [ 331262.632303422724362, 2032645.36366898030974 ], [ 331292.636053009249736, 2032615.358990906039253 ], [ 331322.639802595716901, 2032615.358990906039253 ], [ 331352.643552182242274, 2032585.354312831768766 ], [ 331490.233875869365875, 2032585.354312831768766 ], [ 331515.843581912980881, 2032610.964811386307701 ], [ 331550.241375042416621, 2032645.36366898030974 ], [ 331580.245124629000202, 2032645.36366898030974 ], [ 331610.248874215467367, 2032675.368347054347396 ], [ 331862.707295152707957, 2032675.368347054347396 ], [ 331892.71104473923333, 2032645.36366898030974 ], [ 331922.714794325875118, 2032645.36366898030974 ], [ 331957.112587455194443, 2032610.964811386307701 ], [ 331987.116337041661609, 2032580.960133312037215 ], [ 332017.120086628186982, 2032550.955455237766728 ], [ 332042.729792671801988, 2032525.344956683227792 ], [ 332432.778537296340801, 2032525.344956683227792 ], [ 332462.782286882866174, 2032495.340278608957306 ], [ 332690.383859329565894, 2032495.340278608957306 ], [ 332720.387608916091267, 2032525.344956683227792 ], [ 332750.391358502558433, 2032525.344956683227792 ], [ 332780.395108089083806, 2032555.349634757498279 ], [ 332810.398857675550971, 2032555.349634757498279 ], [ 332840.402607262076344, 2032585.354312831768766 ], [ 333992.973515794612467, 2032585.354312831768766 ], [ 334022.977265381079633, 2032555.349634757498279 ], [ 334082.984764554013964, 2032555.349634757498279 ], [ 334147.38630726991687, 2032490.946099089225754 ], [ 334172.996013313590083, 2032465.335600534686819 ], [ 334280.582587414246518, 2032465.335600534686819 ], [ 334310.586337000771891, 2032495.340278608957306 ], [ 334340.590086587239057, 2032495.340278608957306 ], [ 334366.19979263091227, 2032520.950777163496241 ], [ 334396.203542217321228, 2032550.955455237766728 ], [ 334456.211041390430182, 2032610.964811386307701 ], [ 334486.21479097683914, 2032640.969489460578188 ], [ 334520.612584106333088, 2032675.368347054347396 ], [ 334580.620083279267419, 2032675.368347054347396 ], [ 334610.623832865792792, 2032705.373025128617883 ], [ 334700.635081625252496, 2032705.373025128617883 ], [ 334730.638831211719662, 2032735.37770320288837 ], [ 334820.650079971295781, 2032735.37770320288837 ], [ 334850.653829557821155, 2032765.382381277158856 ], [ 334910.661328730813693, 2032765.382381277158856 ], [ 334936.271034774486907, 2032790.992879831697792 ], [ 334970.668827903748024, 2032825.39173742569983 ], [ 335000.672577490273397, 2032825.39173742569983 ], [ 335026.282283533888403, 2032851.002235980238765 ], [ 335060.680076663324144, 2032885.401093574240804 ], [ 335223.127248841163237, 2032885.401093574240804 ], [ 335253.13099842768861, 2032855.396415499970317 ], [ 335373.145996773673687, 2032855.396415499970317 ], [ 335396.935534237534739, 2032831.606141851749271 ], [ 335420.725071701395791, 2032855.396415499970317 ], [ 335450.728821287862957, 2032855.396415499970317 ], [ 335480.73257087438833, 2032885.401093574240804 ], [ 335510.736320460855495, 2032885.401093574240804 ], [ 335531.952175254875328, 2032906.617604908300564 ], [ 335531.952175254875328, 2032945.410449722781777 ], [ 335831.990135363768786, 2032945.410449722781777 ], [ 335831.990135363768786, 2032906.617604908300564 ], [ 335857.600033700640779, 2032881.006914054509252 ], [ 335883.209739744255785, 2032855.396415499970317 ], [ 336282.046379161300138, 2032855.396415499970317 ], [ 336282.046379161300138, 2032816.603570685489103 ], [ 336303.262233955319971, 2032795.387059351429343 ], [ 336423.277232301305048, 2032795.387059351429343 ], [ 336457.675025430682581, 2032760.988201757427305 ], [ 336483.284731474355794, 2032735.37770320288837 ], [ 336522.0763758533285, 2032735.37770320288837 ], [ 336522.0763758533285, 2032666.580180314136669 ], [ 336543.292230647290125, 2032645.36366898030974 ], [ 336573.295980233815499, 2032645.36366898030974 ], [ 336603.299729820340872, 2032615.358990906039253 ], [ 336693.310978579916991, 2032615.358990906039253 ], [ 336732.102622958831489, 2032576.566146091558039 ], [ 336732.102622958831489, 2032516.556789943017066 ], [ 336792.110122131882235, 2032456.547433794476092 ], [ 336792.110122131882235, 2032396.538077645935118 ], [ 336822.113871718349401, 2032366.533399571897462 ], [ 336822.113871718349401, 2032216.510009200545028 ], [ 336877.727519641746767, 2032160.89464027248323 ], [ 336903.33722568541998, 2032135.284141717944294 ], [ 336933.340975271945354, 2032135.284141717944294 ], [ 336967.738768401264679, 2032100.885284123942256 ], [ 336993.348474444821477, 2032075.274785569636151 ], [ 337220.950046891637612, 2032075.274785569636151 ], [ 337242.165901685599238, 2032096.491296903463081 ], [ 337242.165901685599238, 2032135.284141717944294 ], [ 337280.957546064571943, 2032135.284141717944294 ], [ 337302.173400858591776, 2032156.500653052004054 ], [ 337302.173400858591776, 2032195.293497866485268 ], [ 337340.965045237564482, 2032195.293497866485268 ], [ 337362.180900031584315, 2032216.510009200545028 ], [ 337362.180900031584315, 2032246.514687274815515 ], [ 337400.972544410615228, 2032285.307532089296728 ], [ 337520.987542756600305, 2032285.307532089296728 ], [ 337546.597248800273519, 2032310.918030643835664 ], [ 337572.207147137087304, 2032336.528721497626975 ], [ 337572.207147137087304, 2032426.542755720205605 ], [ 337602.210896723612677, 2032456.547433794476092 ], [ 337602.210896723612677, 2032516.556789943017066 ], [ 337632.21464631013805, 2032546.561468017287552 ], [ 337632.21464631013805, 2032576.566146091558039 ], [ 337662.218395896605216, 2032606.570824165828526 ], [ 337662.218395896605216, 2032645.36366898030974 ], [ 337701.010040275694337, 2032645.36366898030974 ], [ 337731.01378986221971, 2032675.368347054347396 ], [ 338043.479709972452838, 2032675.368347054347396 ], [ 338073.483459558920003, 2032645.36366898030974 ], [ 338133.490958732087165, 2032645.36366898030974 ], [ 338157.280496195890009, 2032621.573395332088694 ], [ 338181.070033659692854, 2032645.36366898030974 ], [ 338211.073783246276435, 2032645.36366898030974 ], [ 338236.683489289833233, 2032670.974167534615844 ], [ 338271.081282419210766, 2032705.373025128617883 ], [ 338391.096280765195843, 2032705.373025128617883 ], [ 338442.315885145741049, 2032756.59421453694813 ], [ 338442.315885145741049, 2032786.598892611218616 ], [ 338472.319634732208215, 2032816.603570685489103 ], [ 338472.319634732208215, 2032846.60824875975959 ], [ 338502.323384318733588, 2032876.612926834030077 ], [ 338502.323384318733588, 2032936.622282982571051 ], [ 338532.327133905200753, 2032966.626961056608707 ], [ 338532.327133905200753, 2033005.41980587108992 ], [ 338571.118778284231666, 2033005.41980587108992 ], [ 338601.12252787075704, 2033035.424483945360407 ], [ 338631.126277457224205, 2033035.424483945360407 ], [ 338652.342132251244038, 2033056.640995279420167 ], [ 338652.342132251244038, 2033086.645673353690654 ], [ 338682.345881837769412, 2033116.650351427961141 ], [ 338682.345881837769412, 2033146.655029502231628 ], [ 338712.349631424236577, 2033176.659707576502115 ], [ 338712.349631424236577, 2033206.664385650772601 ], [ 338751.141275803325698, 2033245.457230465020984 ], [ 338973.595947154040914, 2033245.457230465020984 ], [ 339007.993740283476654, 2033211.058372871251777 ], [ 339037.997489870002028, 2033181.05369479698129 ] ] ] ] } },
{ "type": "Feature", "properties": { "OBJECTID": 9, "乡镇名": "荔枝沟镇", "面积km2": 130.927 }, "geometry": { "type": "Polygon", "coordinates": [ [ [ 345291.958685661025811, 2035105.747271068394184 ], [ 345343.178754285385367, 2035105.747271068394184 ], [ 345343.178754285385367, 2035066.95442625391297 ], [ 345373.182503871852532, 2035036.949748179642484 ], [ 345373.182503871852532, 2034976.94039203110151 ], [ 345394.398358665872365, 2034955.72388069704175 ], [ 345424.402108252281323, 2034955.72388069704175 ], [ 345454.405857838806696, 2034925.719202623004094 ], [ 345484.409607425448485, 2034925.719202623004094 ], [ 345518.80740055476781, 2034891.320345029002056 ], [ 345544.417106598382816, 2034865.70984647446312 ], [ 345574.420856184849981, 2034865.70984647446312 ], [ 345604.424605771375354, 2034835.705168400192633 ], [ 345784.447103290411178, 2034835.705168400192633 ], [ 345818.844896419788711, 2034801.306310806190595 ], [ 345844.454602463461924, 2034775.69581225165166 ], [ 345874.458352049987298, 2034775.69581225165166 ], [ 345904.462101636454463, 2034745.691134177381173 ], [ 345994.473350395914167, 2034745.691134177381173 ], [ 346024.47709998243954, 2034715.686456103110686 ], [ 346054.480849568906706, 2034715.686456103110686 ], [ 346078.270387032767758, 2034691.89618245488964 ], [ 346097.66588095377665, 2034711.292276583379135 ], [ 346132.063674083037768, 2034745.691134177381173 ], [ 346162.067423669621348, 2034745.691134177381173 ], [ 346192.071173256146722, 2034775.69581225165166 ], [ 346222.074922842613887, 2034775.69581225165166 ], [ 346252.07867242913926, 2034805.700490325922146 ], [ 346432.101169948116876, 2034805.700490325922146 ], [ 346462.104919534584042, 2034835.705168400192633 ], [ 346834.578338818100747, 2034835.705168400192633 ], [ 346864.582088404567912, 2034805.700490325922146 ], [ 346924.589587577618659, 2034805.700490325922146 ], [ 346948.379125041421503, 2034781.910216677701101 ], [ 346967.774618962372188, 2034801.306310806190595 ], [ 347002.172412091633305, 2034835.705168400192633 ], [ 347032.176161678216886, 2034835.705168400192633 ], [ 347057.785867721890099, 2034861.315666954731569 ], [ 347092.183660851151217, 2034895.714524548733607 ], [ 347122.18741043767659, 2034895.714524548733607 ], [ 347152.191160024143755, 2034925.719202623004094 ], [ 347344.642081788566429, 2034925.719202623004094 ], [ 347409.043624504469335, 2034861.315666954731569 ], [ 347434.653330548142549, 2034835.705168400192633 ], [ 347452.228655889222864, 2034835.705168400192633 ], [ 347482.23240547569003, 2034865.70984647446312 ], [ 347602.247403821733315, 2034865.70984647446312 ], [ 347632.25115340820048, 2034895.714524548733607 ], [ 347923.501218724646606, 2034895.714524548733607 ], [ 347923.501218724646606, 2034856.921679734252393 ], [ 347953.504968311171979, 2034826.917001659981906 ], [ 347953.504968311171979, 2034796.91232358571142 ], [ 347974.720823105191812, 2034775.69581225165166 ], [ 347992.296148446330335, 2034775.69581225165166 ], [ 348022.299898032855708, 2034805.700490325922146 ], [ 348052.303647619322874, 2034805.700490325922146 ], [ 348082.307397205848247, 2034835.705168400192633 ], [ 348283.546213762718253, 2034835.705168400192633 ], [ 348283.546213762718253, 2034766.907645511440933 ], [ 348309.156112099590246, 2034741.296954657649621 ], [ 348373.557462522236165, 2034676.893611288629472 ], [ 348373.557462522236165, 2034586.879577066050842 ], [ 348388.559105193591677, 2034571.877470158040524 ], [ 348412.348642657394521, 2034595.667743806261569 ], [ 348544.792065248708241, 2034595.667743806261569 ], [ 348574.795814835233614, 2034565.663065731991082 ], [ 348613.587459214206319, 2034565.663065731991082 ], [ 348613.587459214206319, 2034526.870220917509869 ], [ 348643.591208800731692, 2034496.865542843239382 ], [ 348643.591208800731692, 2034436.856186694698408 ], [ 348664.807063594751526, 2034415.639675360638648 ], [ 348682.382388935890049, 2034415.639675360638648 ], [ 348712.386138522415422, 2034445.644353434909135 ], [ 348904.837060286838096, 2034445.644353434909135 ], [ 348939.234853416157421, 2034411.245495840907097 ], [ 348969.238603002624586, 2034381.24081776663661 ], [ 348999.242352589149959, 2034351.236139692598954 ], [ 349029.246102175675333, 2034321.231461618328467 ], [ 349059.249851762142498, 2034291.22678354405798 ], [ 349089.253601348667871, 2034261.222105469787493 ], [ 349144.86705697880825, 2034205.606928840978071 ], [ 349174.870806565275416, 2034205.606928840978071 ], [ 349209.268599694652949, 2034171.208071246976033 ], [ 349239.272349281178322, 2034141.203393172705546 ], [ 349258.667843202129006, 2034121.807299044216052 ], [ 349308.067086709663272, 2034171.208071246976033 ], [ 349333.676985046477057, 2034196.818762100767344 ], [ 349333.676985046477057, 2034226.823440175037831 ], [ 349368.074585882655811, 2034261.222105469787493 ], [ 349398.078335469064768, 2034291.22678354405798 ], [ 349458.085834642173722, 2034351.236139692598954 ], [ 349483.695732978987508, 2034376.846830546157435 ], [ 349483.695732978987508, 2034406.851508620427921 ], [ 349513.699482565512881, 2034436.856186694698408 ], [ 349513.699482565512881, 2034466.860864768968895 ], [ 349548.097083401575219, 2034501.259530063718557 ], [ 349612.498626117536332, 2034565.663065731991082 ], [ 349642.502375704003498, 2034565.663065731991082 ], [ 349672.506125290528871, 2034595.667743806261569 ], [ 349702.509874876996037, 2034595.667743806261569 ], [ 349732.51362446352141, 2034625.672421880532056 ], [ 349792.521123636513948, 2034625.672421880532056 ], [ 349822.524873222981114, 2034655.677099954802543 ], [ 349942.539871569140814, 2034655.677099954802543 ], [ 349972.54362115560798, 2034685.681778028840199 ], [ 350002.547370742016938, 2034685.681778028840199 ], [ 350032.551120328484103, 2034715.686456103110686 ], [ 350062.554869915067684, 2034715.686456103110686 ], [ 350092.558619501593057, 2034745.691134177381173 ], [ 350152.566118674527388, 2034745.691134177381173 ], [ 350178.175824718142394, 2034771.301632731920108 ], [ 350212.573617847578134, 2034805.700490325922146 ], [ 350242.577367434103508, 2034805.700490325922146 ], [ 350272.581117020628881, 2034835.705168400192633 ], [ 350362.592365780088585, 2034835.705168400192633 ], [ 350392.596115366613958, 2034865.70984647446312 ], [ 350555.043287544453051, 2034865.70984647446312 ], [ 350589.441080673830584, 2034831.310988880461082 ], [ 350615.050786717503797, 2034805.700490325922146 ], [ 350645.05453630402917, 2034805.700490325922146 ], [ 350679.452329433348496, 2034771.301632731920108 ], [ 350735.065785063488875, 2034715.686456103110686 ], [ 350795.073284236481413, 2034715.686456103110686 ], [ 350833.864928615512326, 2034676.893611288629472 ], [ 350833.864928615512326, 2034646.888933214591816 ], [ 350863.868678201979492, 2034616.884255140321329 ], [ 350863.868678201979492, 2034556.874898991780356 ], [ 350885.084532995999325, 2034535.658387657720596 ], [ 350945.092032168991864, 2034535.658387657720596 ], [ 350979.489825298369396, 2034501.259530063718557 ], [ 351009.49357488489477, 2034471.254851989448071 ], [ 351043.891175721015316, 2034436.856186694698408 ], [ 351043.891175721015316, 2034406.851508620427921 ], [ 351073.894925307540689, 2034376.846830546157435 ], [ 351073.894925307540689, 2034346.842152472119778 ], [ 351099.504823644412681, 2034321.231461618328467 ], [ 351129.508573230879847, 2034291.22678354405798 ], [ 351163.906174067000393, 2034256.828118249308318 ], [ 351163.906174067000393, 2034226.823440175037831 ], [ 351193.909923653525766, 2034196.818762100767344 ], [ 351193.909923653525766, 2034166.814084026496857 ], [ 351245.129528034070972, 2034115.592894618166611 ], [ 351292.708602961676661, 2034115.592894618166611 ], [ 351322.712352548143826, 2034145.597572692437097 ], [ 351382.719851721194573, 2034145.597572692437097 ], [ 351412.723601307661738, 2034175.602250766707584 ], [ 351442.727350894187111, 2034175.602250766707584 ], [ 351472.731100480654277, 2034205.606928840978071 ], [ 351605.17452307214262, 2034205.606928840978071 ], [ 351643.966167451057117, 2034166.814084026496857 ], [ 351643.966167451057117, 2034136.809405952226371 ], [ 351669.57606578792911, 2034111.198715098435059 ], [ 351699.579815374454483, 2034081.194037024397403 ], [ 351729.583564960979857, 2034051.189358950126916 ], [ 351789.591064133972395, 2033991.180002801585943 ], [ 351845.204519764112774, 2033935.56482617277652 ], [ 351892.783594691776671, 2033935.56482617277652 ], [ 351922.787344278302044, 2033965.569504247047007 ], [ 352055.230766869615763, 2033965.569504247047007 ], [ 352085.234516456141137, 2033935.56482617277652 ], [ 352132.813591383805033, 2033935.56482617277652 ], [ 352158.423297427478246, 2033961.175324727315456 ], [ 352188.427047013887204, 2033991.180002801585943 ], [ 352222.824840143322945, 2034025.578860395587981 ], [ 352252.82858972979011, 2034025.578860395587981 ], [ 352312.836088902840856, 2034085.588216544128954 ], [ 352342.839838489424437, 2034085.588216544128954 ], [ 352372.843588075891603, 2034115.592894618166611 ], [ 352402.847337662300561, 2034115.592894618166611 ], [ 352428.457043705915567, 2034141.203393172705546 ], [ 352492.85858642187668, 2034205.606928840978071 ], [ 352715.313257772766519, 2034205.606928840978071 ], [ 352745.317007359233685, 2034175.602250766707584 ], [ 352762.892332700372208, 2034175.602250766707584 ], [ 352792.896082286897581, 2034205.606928840978071 ], [ 352852.90358145989012, 2034205.606928840978071 ], [ 352882.907331046415493, 2034235.611606915248558 ], [ 353045.354503224312793, 2034235.611606915248558 ], [ 353075.358252810779959, 2034205.606928840978071 ], [ 353105.362002397247124, 2034205.606928840978071 ], [ 353135.365751983772498, 2034175.602250766707584 ], [ 353152.941077324911021, 2034175.602250766707584 ], [ 353178.550783368584234, 2034201.21274932124652 ], [ 353212.948576497845352, 2034235.611606915248558 ], [ 353242.952326084428933, 2034235.611606915248558 ], [ 353279.170287793618627, 2034271.830689415568486 ], [ 353315.388249502808321, 2034235.611606915248558 ], [ 353345.391999089275487, 2034235.611606915248558 ], [ 353379.78979221865302, 2034201.21274932124652 ], [ 353405.399498262326233, 2034175.602250766707584 ], [ 353474.194892227824312, 2034175.602250766707584 ], [ 353474.194892227824312, 2034136.809405952226371 ], [ 353495.410747021844145, 2034115.592894618166611 ], [ 353534.20239140081685, 2034115.592894618166611 ], [ 353534.20239140081685, 2034076.800049803918228 ], [ 353559.812289737688843, 2034051.189358950126916 ], [ 353619.819788910681382, 2033991.180002801585943 ], [ 353645.429494954354595, 2033965.569504247047007 ], [ 353684.221139333327301, 2033965.569504247047007 ], [ 353684.221139333327301, 2033926.776659432565793 ], [ 353714.224888919794466, 2033896.771981358295307 ], [ 353714.224888919794466, 2033776.75326906144619 ], [ 353744.22863850631984, 2033746.748590987175703 ], [ 353744.22863850631984, 2033716.743912912905216 ], [ 353799.842286429717205, 2033661.128543984843418 ], [ 353825.451992473390419, 2033635.518045430304483 ], [ 353855.455742059915792, 2033635.518045430304483 ], [ 353894.24738643883029, 2033596.725200615823269 ], [ 353894.24738643883029, 2033314.255217597587034 ], [ 353864.243636852363124, 2033284.250539523316547 ], [ 353864.243636852363124, 2033254.24586144904606 ], [ 353834.239887265837751, 2033224.241183374775574 ], [ 353834.239887265837751, 2033194.236505300737917 ], [ 353804.236137679370586, 2033164.231827226467431 ], [ 353804.236137679370586, 2033134.227149152196944 ], [ 353714.224888919794466, 2033044.213114929385483 ], [ 353714.224888919794466, 2033014.208436855114996 ], [ 353675.433244540879969, 2032975.415592040633783 ], [ 353645.429494954354595, 2032975.415592040633783 ], [ 353624.213640160334762, 2032954.199080706574023 ], [ 353624.213640160334762, 2032924.194402632536367 ], [ 353594.209890573809389, 2032894.18972455826588 ], [ 353594.209890573809389, 2032834.180368409724906 ], [ 353564.206140987284016, 2032804.175690335454419 ], [ 353564.206140987284016, 2032606.570824165828526 ], [ 353624.213640160334762, 2032546.561468017287552 ], [ 353624.213640160334762, 2032516.556789943017066 ], [ 353649.823538497206755, 2032490.946099089225754 ], [ 353684.221139333327301, 2032456.547433794476092 ], [ 353684.221139333327301, 2032084.063416553428397 ], [ 353654.217389746801928, 2032054.05873847939074 ], [ 353654.217389746801928, 2032024.054060405120254 ], [ 353624.213640160334762, 2031994.049382330849767 ], [ 353624.213640160334762, 2031964.04470425657928 ], [ 353594.209890573809389, 2031934.040026182308793 ], [ 353594.209890573809389, 2031904.035348108038306 ], [ 353564.206140987284016, 2031874.030670033767819 ], [ 353564.206140987284016, 2031844.025991959497333 ], [ 353529.808540151221678, 2031809.62732666474767 ], [ 353504.198641814291477, 2031784.01663581118919 ], [ 353504.198641814291477, 2031694.002601588377729 ], [ 353474.194892227824312, 2031663.997923514107242 ], [ 353474.194892227824312, 2031543.979211217025295 ], [ 353444.191142641298939, 2031513.974533142987639 ], [ 353444.191142641298939, 2031483.969855068717152 ], [ 353414.187393054773565, 2031453.965176994446665 ], [ 353414.187393054773565, 2031346.374345047399402 ], [ 353469.801040978170931, 2031290.758976119337603 ], [ 353495.410747021844145, 2031265.148477564798668 ], [ 353525.414496608253103, 2031265.148477564798668 ], [ 353555.418246194720268, 2031235.143799490761012 ], [ 353585.421995781303849, 2031235.143799490761012 ], [ 353624.213640160334762, 2031196.350954676279798 ], [ 353624.213640160334762, 2031136.341598527738824 ], [ 353654.217389746801928, 2031106.336920453468338 ], [ 353654.217389746801928, 2031076.332242379197851 ], [ 353684.221139333327301, 2031046.327564304927364 ], [ 353684.221139333327301, 2030926.308852008078247 ], [ 353714.224888919794466, 2030896.30417393380776 ], [ 353714.224888919794466, 2030583.829512841301039 ], [ 353679.827288083732128, 2030549.430847546551377 ], [ 353649.823538497148547, 2030519.42616947228089 ], [ 353624.213640160334762, 2030493.815478618489578 ], [ 353624.213640160334762, 2030425.017955729737878 ], [ 353585.421995781303849, 2030425.017955729737878 ], [ 353564.206140987284016, 2030403.801444395678118 ], [ 353564.206140987284016, 2030373.796766321640462 ], [ 353529.808540151221678, 2030339.398101026890799 ], [ 353504.198641814291477, 2030313.787410173099488 ], [ 353504.198641814291477, 2030283.782732098829001 ], [ 353469.801040978229139, 2030249.384066804079339 ], [ 353409.793541805120185, 2030189.374710655538365 ], [ 353384.1836434683064, 2030163.764019801747054 ], [ 353384.1836434683064, 2030043.745307504897937 ], [ 353354.179893881781027, 2030013.74062943062745 ], [ 353354.179893881781027, 2029983.735951356356964 ], [ 353319.782293045718689, 2029949.337286061607301 ], [ 353294.172394708788488, 2029923.72659520781599 ], [ 353294.172394708788488, 2029893.721917133545503 ], [ 353264.168645122263115, 2029863.717239059275016 ], [ 353264.168645122263115, 2029833.712560985004529 ], [ 353234.164895535737742, 2029803.707882910966873 ], [ 353234.164895535737742, 2029743.6985267624259 ], [ 353199.767294699675404, 2029709.299861467676237 ], [ 353174.157396362745203, 2029683.689170613884926 ], [ 353174.157396362745203, 2029383.642389871412888 ], [ 353144.153646776278038, 2029353.637711797142401 ], [ 353144.153646776278038, 2029216.042201776057482 ], [ 353169.76354511315003, 2029190.43151092226617 ], [ 353204.161145949270576, 2029156.032845627516508 ], [ 353204.161145949270576, 2029023.586252980399877 ], [ 353174.157396362745203, 2028993.58157490612939 ], [ 353174.157396362745203, 2028765.97203066223301 ], [ 353199.767294699617196, 2028740.361339808441699 ], [ 353234.164895535737742, 2028705.962674513692036 ], [ 353234.164895535737742, 2028645.953318365383893 ], [ 353294.172394708788488, 2028585.94396221684292 ], [ 353294.172394708788488, 2028495.929927994031459 ], [ 353319.782293045660481, 2028470.319237140240148 ], [ 353354.179893881781027, 2028435.920571845490485 ], [ 353354.179893881781027, 2028273.469301124336198 ], [ 353324.176144295313861, 2028243.464623050065711 ], [ 353324.176144295313861, 2028183.455266901524737 ], [ 353294.172394708788488, 2028153.450588827254251 ], [ 353294.172394708788488, 2028093.441232678946108 ], [ 353264.168645122263115, 2028063.436554604675621 ], [ 353264.168645122263115, 2028033.431876530405134 ], [ 353229.771044286084361, 2027999.033211235655472 ], [ 353195.373251156823244, 2027964.634353641653433 ], [ 353165.369501570297871, 2027964.634353641653433 ], [ 353144.153646776278038, 2027943.417842307593673 ], [ 353144.153646776278038, 2027913.413164233323187 ], [ 353114.149897189752664, 2027883.4084861590527 ], [ 353114.149897189752664, 2027853.403808084782213 ], [ 353084.146147603227291, 2027823.399130010744557 ], [ 353084.146147603227291, 2027733.385095787933096 ], [ 353054.142398016760126, 2027703.380417713662609 ], [ 353054.142398016760126, 2027553.357027342310175 ], [ 353015.350753637671005, 2027514.564182528061792 ], [ 352985.347004051262047, 2027514.564182528061792 ], [ 352955.343254464736674, 2027484.559504453791305 ], [ 352895.335755291744135, 2027484.559504453791305 ], [ 352869.726049248070922, 2027458.94900589925237 ], [ 352839.722299661661964, 2027428.944327824981883 ], [ 352745.317007359175477, 2027334.536114082438871 ], [ 352715.313257772708312, 2027334.536114082438871 ], [ 352694.097402978688478, 2027313.319602748379111 ], [ 352694.097402978688478, 2027283.314924674108624 ], [ 352664.093653392221313, 2027253.310246600070968 ], [ 352664.093653392221313, 2027145.719414653023705 ], [ 352694.097402978688478, 2027115.714736578753218 ], [ 352694.097402978688478, 2027085.710058504482731 ], [ 352719.707301315560471, 2027060.09936765069142 ], [ 352749.711050902085844, 2027030.094689576420933 ], [ 352784.10865173820639, 2026995.696024281671271 ], [ 352784.10865173820639, 2026965.691346207633615 ], [ 352814.112401324731763, 2026935.686668133363128 ], [ 352814.112401324731763, 2026593.207328966585919 ], [ 352749.711050902027637, 2026528.80398559756577 ], [ 352724.101152565213852, 2026503.193294743774459 ], [ 352724.101152565213852, 2026473.188616669503972 ], [ 352694.097402978688478, 2026443.183938595233485 ], [ 352694.097402978688478, 2026224.363025335362181 ], [ 352505.287010667205323, 2026224.363025335362181 ], [ 352484.071155873185489, 2026203.146514001302421 ], [ 352484.071155873185489, 2026173.141835927031934 ], [ 352449.673555037006736, 2026138.743170632282272 ], [ 352424.063656700192951, 2026113.132479778723791 ], [ 352424.063656700192951, 2026053.123123630182818 ], [ 352389.666055864014197, 2026018.724458335433155 ], [ 352364.056157527200412, 2025993.113767481641844 ], [ 352364.056157527200412, 2025954.32092266716063 ], [ 352295.260763561644126, 2025954.32092266716063 ], [ 352265.257013975118753, 2025924.316244592890143 ], [ 351905.212018937163521, 2025924.316244592890143 ], [ 351875.208269350696355, 2025894.311566518619657 ], [ 351695.185771831602324, 2025894.311566518619657 ], [ 351665.182022245076951, 2025864.30688844434917 ], [ 351575.170773485617246, 2025864.30688844434917 ], [ 351545.167023899150081, 2025834.302210370078683 ], [ 351335.140776793472469, 2025834.302210370078683 ], [ 351309.531070749915671, 2025808.691711815772578 ], [ 351275.133277620538138, 2025774.29285422177054 ], [ 351245.129528034070972, 2025774.29285422177054 ], [ 351215.125778447545599, 2025744.288176147500053 ], [ 351185.122028861020226, 2025744.288176147500053 ], [ 351163.906174067000393, 2025723.071664813440293 ], [ 351163.906174067000393, 2025684.278819998959079 ], [ 351125.114529688027687, 2025684.278819998959079 ], [ 351103.898674894007854, 2025663.062308664899319 ], [ 351103.898674894007854, 2025633.057630590628833 ], [ 351069.501074057945516, 2025598.65896529587917 ], [ 351035.103280928509776, 2025564.260107701877132 ], [ 350975.095781755459029, 2025564.260107701877132 ], [ 350945.092032168933656, 2025534.255429627839476 ], [ 350915.088282582524698, 2025534.255429627839476 ], [ 350893.872427788504865, 2025513.038918293779716 ], [ 350893.872427788504865, 2025474.246073479298502 ], [ 350855.08078340953216, 2025474.246073479298502 ], [ 350833.864928615512326, 2025453.029562145238742 ], [ 350833.864928615512326, 2025393.020205996697769 ], [ 350803.861179028986953, 2025363.015527922427282 ], [ 350803.861179028986953, 2025333.010849848156795 ], [ 350773.857429442519788, 2025303.006171773886308 ], [ 350773.857429442519788, 2025204.203970811096951 ], [ 350705.062035476963501, 2025204.203970811096951 ], [ 350679.452329433290288, 2025178.593472256558016 ], [ 350649.44857984688133, 2025148.588794182287529 ], [ 350623.83868150995113, 2025122.978103328496218 ], [ 350623.83868150995113, 2024874.152511994354427 ], [ 350585.047037130978424, 2024874.152511994354427 ], [ 350555.043287544453051, 2024844.14783392008394 ], [ 350465.032038784993347, 2024844.14783392008394 ], [ 350439.422332741378341, 2024818.537335365545005 ], [ 350379.414833568269387, 2024758.527979217004031 ], [ 350353.804935231455602, 2024732.91728836321272 ], [ 350353.804935231455602, 2024702.912610288942233 ], [ 350315.013290852366481, 2024664.11976547469385 ], [ 350014.975794987403788, 2024664.11976547469385 ], [ 349984.972045400878415, 2024634.115087400423363 ], [ 349864.957047054893337, 2024634.115087400423363 ], [ 349834.953297468367964, 2024604.110409326152876 ], [ 349744.942048708850052, 2024604.110409326152876 ], [ 349708.72408699960215, 2024567.891326825832948 ], [ 349668.112081747618504, 2024608.504588845884427 ], [ 349642.502375704003498, 2024634.115087400423363 ], [ 349612.498626117536332, 2024634.115087400423363 ], [ 349582.494876531010959, 2024664.11976547469385 ], [ 349543.703232151980046, 2024664.11976547469385 ], [ 349543.703232151980046, 2024702.912610288942233 ], [ 349522.487377357960213, 2024724.129121623001993 ], [ 349492.48362777143484, 2024724.129121623001993 ], [ 349458.085834642115515, 2024758.527979217004031 ], [ 349432.476128598500509, 2024784.138477771542966 ], [ 349402.472379011916928, 2024784.138477771542966 ], [ 349372.468629425449762, 2024814.143155845813453 ], [ 349252.453631079464685, 2024814.143155845813453 ], [ 349222.449881492939312, 2024844.14783392008394 ], [ 349183.658237113966607, 2024844.14783392008394 ], [ 349183.658237113966607, 2024882.940678734565154 ], [ 349158.048338777094614, 2024908.551369588356465 ], [ 349132.4386327334214, 2024934.161868142895401 ], [ 348772.393637695349753, 2024934.161868142895401 ], [ 348742.389888108882587, 2024964.166546217165887 ], [ 348682.382388935948256, 2024964.166546217165887 ], [ 348652.378639349481091, 2024994.171224291203544 ], [ 348274.758318970154505, 2024994.171224291203544 ], [ 348249.148612926539499, 2024968.560725736897439 ], [ 348219.144863340014126, 2024938.556047662626952 ], [ 348193.534965003200341, 2024912.945356808835641 ], [ 348193.534965003200341, 2024844.14783392008394 ], [ 348064.732071864709724, 2024844.14783392008394 ], [ 348034.728322278242558, 2024814.143155845813453 ], [ 348004.724572691658977, 2024814.143155845813453 ], [ 347979.114866647985764, 2024788.532657291274518 ], [ 347953.504968311171979, 2024762.921966437483206 ], [ 347953.504968311171979, 2024724.129121623001993 ], [ 347914.713323932199273, 2024724.129121623001993 ], [ 347893.49746913817944, 2024702.912610288942233 ], [ 347893.49746913817944, 2024672.907932214904577 ], [ 347829.096118715475313, 2024608.504588845884427 ], [ 347794.698325586214196, 2024574.105731251882389 ], [ 347764.694575999630615, 2024574.105731251882389 ], [ 347743.478721205610782, 2024552.889219917822629 ], [ 347743.478721205610782, 2024522.884541843552142 ], [ 347713.474971619143616, 2024492.879863769281656 ], [ 347713.474971619143616, 2024402.865829546703026 ], [ 347674.683327240112703, 2024364.072984732221812 ], [ 347644.679577653645538, 2024364.072984732221812 ], [ 347614.675828067178372, 2024334.068306657951325 ], [ 347554.668328894127626, 2024334.068306657951325 ], [ 347503.44872451358242, 2024282.847117249621078 ], [ 347503.44872451358242, 2024252.842439175350592 ], [ 347473.444974927115254, 2024222.837761101080105 ], [ 347473.444974927115254, 2024192.833083026809618 ], [ 347439.047374090936501, 2024158.434417732059956 ], [ 347404.649580961675383, 2024124.035560138057917 ], [ 347374.645831375033595, 2024124.035560138057917 ], [ 347353.429976581071969, 2024102.819048804230988 ], [ 347353.429976581071969, 2024064.026203989749774 ], [ 347314.638332202099264, 2024064.026203989749774 ], [ 347284.634582615573891, 2024034.021525915479288 ], [ 347224.627083442581352, 2024034.021525915479288 ], [ 347164.619584269530606, 2023974.012169766938314 ], [ 347134.61583468306344, 2023974.012169766938314 ], [ 347109.006128639390226, 2023948.401671212399378 ], [ 347074.608335510129109, 2023914.00281361839734 ], [ 346912.161163332231808, 2023914.00281361839734 ], [ 346873.369518953200895, 2023952.795658432878554 ], [ 346873.369518953200895, 2023982.800336507149041 ], [ 346852.153664159181062, 2024004.016847841208801 ], [ 346714.563340471999254, 2024004.016847841208801 ], [ 346684.559590885473881, 2023974.012169766938314 ], [ 346624.55209171253955, 2023974.012169766938314 ], [ 346594.548342126072384, 2023944.007491692667827 ], [ 346564.544592539488804, 2023944.007491692667827 ], [ 346534.54084295296343, 2023914.00281361839734 ], [ 346414.525844606978353, 2023914.00281361839734 ], [ 346388.91613856330514, 2023888.392315063858405 ], [ 346354.518345434044022, 2023853.993457469856367 ], [ 346324.514595847402234, 2023853.993457469856367 ], [ 346303.298741053498816, 2023832.776946136029437 ], [ 346303.298741053498816, 2023605.167401891900226 ], [ 346328.908639390370809, 2023579.556711038108915 ], [ 346363.306240226491354, 2023545.158045743592083 ], [ 346363.306240226491354, 2023515.153367669321597 ], [ 346384.522095020511188, 2023493.936856335261837 ], [ 346423.313739399483893, 2023493.936856335261837 ], [ 346423.313739399483893, 2023425.139333446510136 ], [ 346453.317488986009266, 2023395.134655372239649 ], [ 346453.317488986009266, 2023322.697418873663992 ], [ 346423.313739399483893, 2023292.692740799393505 ], [ 346423.313739399483893, 2023262.688062725355849 ], [ 346388.91613856330514, 2023228.289397430606186 ], [ 346363.306240226491354, 2023202.678706576814875 ], [ 346363.306240226491354, 2023163.885861762333661 ], [ 346324.514595847518649, 2023163.885861762333661 ], [ 346294.510846261051483, 2023133.881183688063174 ], [ 346204.499597501475364, 2023133.881183688063174 ], [ 346183.283742707455531, 2023112.664672354003415 ], [ 346183.283742707455531, 2023022.650638131191954 ], [ 346153.279993120930158, 2022992.645960056921467 ], [ 346153.279993120930158, 2022953.853115242673084 ], [ 346114.488348741957452, 2022953.853115242673084 ], [ 346063.268744361412246, 2022902.631925834342837 ], [ 346063.268744361412246, 2022855.050450035836548 ], [ 346093.272493947937619, 2022825.045771961566061 ], [ 346093.272493947937619, 2022602.5851450918708 ], [ 346063.268744361412246, 2022572.580467017600313 ], [ 346063.268744361412246, 2022392.552398572210222 ], [ 346028.871143525349908, 2022358.15373327746056 ], [ 346003.261245188419707, 2022332.543042423669249 ], [ 346003.261245188419707, 2022302.538364349398762 ], [ 345973.257495601952542, 2022272.533686275128275 ], [ 345973.257495601952542, 2022032.496261681197211 ], [ 345943.253746015427168, 2022002.491583606926724 ], [ 345943.253746015427168, 2021924.905429734149948 ], [ 345973.257495601952542, 2021894.900751659879461 ], [ 345973.257495601952542, 2021624.85864899167791 ], [ 345998.867393938824534, 2021599.247958137886599 ], [ 346028.8711435252917, 2021569.243280063848943 ], [ 346054.480849568964913, 2021543.632781509310007 ], [ 346093.272493947937619, 2021543.632781509310007 ], [ 346093.272493947937619, 2021504.839936694828793 ], [ 346123.276243534462992, 2021474.835258620558307 ], [ 346123.276243534462992, 2021414.825902472017333 ], [ 346153.279993120930158, 2021384.821224397746846 ], [ 346153.279993120930158, 2021354.816546323476359 ], [ 346183.283742707455531, 2021324.811868249205872 ], [ 346183.283742707455531, 2021084.774443655274808 ], [ 346213.287492293980904, 2021054.769765581004322 ], [ 346213.287492293980904, 2021012.337207156699151 ], [ 346183.283742707455531, 2020982.332529082661495 ], [ 346183.283742707455531, 2020952.327851008391008 ], [ 346144.492098328424618, 2020913.535006193909794 ], [ 346114.488348741957452, 2020913.535006193909794 ], [ 346093.272493947937619, 2020892.318494859850034 ], [ 346093.272493947937619, 2020724.718306764261797 ], [ 346123.276243534462992, 2020694.713628690224141 ], [ 346123.276243534462992, 2020634.704272541683167 ], [ 346153.279993120930158, 2020604.69959446741268 ], [ 346153.279993120930158, 2020562.26703604310751 ], [ 346123.276243534462992, 2020532.262357968837023 ], [ 346123.276243534462992, 2020472.253001820296049 ], [ 346093.272493947937619, 2020442.248323746025562 ], [ 346093.272493947937619, 2020394.666847947752103 ], [ 346118.882392284809612, 2020369.056157093960792 ], [ 346153.279993120930158, 2020334.65749179921113 ], [ 346153.279993120930158, 2020274.648135650670156 ], [ 346183.283742707455531, 2020244.643457576399669 ], [ 346183.283742707455531, 2020202.210899152094498 ], [ 346153.279993120930158, 2020172.206221077824011 ], [ 346153.279993120930158, 2020142.201543003786355 ], [ 346123.276243534462992, 2020112.196864929515868 ], [ 346123.276243534462992, 2019992.178152632433921 ], [ 346058.874893111758865, 2019927.774809263413772 ], [ 346033.26499477494508, 2019902.164118409622461 ], [ 346033.26499477494508, 2019872.159440335351974 ], [ 346003.261245188419707, 2019842.154762261314318 ], [ 346003.261245188419707, 2019812.150084187043831 ], [ 345973.257495601952542, 2019782.145406112773344 ], [ 345973.257495601952542, 2019602.117337667150423 ], [ 345938.859894765773788, 2019567.718672372633591 ], [ 345904.462101636396255, 2019533.319814778631553 ], [ 345874.45835204992909, 2019533.319814778631553 ], [ 345844.454602463403717, 2019503.315136704361066 ], [ 345754.443353703944013, 2019503.315136704361066 ], [ 345724.439604117476847, 2019473.310458630090579 ], [ 345604.424605771375354, 2019473.310458630090579 ], [ 345578.814899727702141, 2019447.699960075551644 ], [ 345544.417106598441023, 2019413.301102481549606 ], [ 345514.41335701191565, 2019413.301102481549606 ], [ 345484.409607425448485, 2019383.296424407279119 ], [ 345394.398358665872365, 2019383.296424407279119 ], [ 345364.394609079346992, 2019353.291746333008632 ], [ 345184.372111560369376, 2019353.291746333008632 ], [ 345154.368361973902211, 2019323.287068258738145 ], [ 345124.36461238731863, 2019323.287068258738145 ], [ 345098.754906343645416, 2019297.67656970419921 ], [ 345064.357113214267883, 2019263.277712110430002 ], [ 345034.353363627858926, 2019263.277712110430002 ], [ 345008.74365758424392, 2019237.667213555891067 ], [ 344974.345864454808179, 2019203.268355961889029 ], [ 344944.342114868341014, 2019203.268355961889029 ], [ 344914.338365281873848, 2019173.263677887618542 ], [ 344691.883693930867594, 2019173.263677887618542 ], [ 344661.879944344400428, 2019203.268355961889029 ], [ 344631.876194757933263, 2019203.268355961889029 ], [ 344601.87244517140789, 2019233.273034036159515 ], [ 344361.842448479437735, 2019233.273034036159515 ], [ 344331.838698892912362, 2019263.277712110430002 ], [ 344293.047054513881449, 2019263.277712110430002 ], [ 344293.047054513881449, 2019302.070556924678385 ], [ 344271.831199719861615, 2019323.287068258738145 ], [ 344211.823700546810869, 2019323.287068258738145 ], [ 344181.819950960343704, 2019353.291746333008632 ], [ 343984.222128100227565, 2019353.291746333008632 ], [ 343954.218378513760399, 2019323.287068258738145 ], [ 343924.214628927235026, 2019323.287068258738145 ], [ 343898.60492288362002, 2019297.67656970419921 ], [ 343864.207129754126072, 2019263.277712110430002 ], [ 343684.184632235148456, 2019263.277712110430002 ], [ 343654.180882648623083, 2019233.273034036159515 ], [ 343624.177133062155917, 2019233.273034036159515 ], [ 343587.959171352908015, 2019197.053951535839587 ], [ 343547.347166100924369, 2019237.667213555891067 ], [ 343512.949565264803823, 2019272.065878850640729 ], [ 343512.949565264803823, 2019572.112659593112767 ], [ 343487.33966692793183, 2019597.723350446671247 ], [ 343452.942066091811284, 2019632.12201574142091 ], [ 343452.942066091811284, 2019692.131371889961883 ], [ 343422.938316505285911, 2019722.13604996423237 ], [ 343422.938316505285911, 2019752.140728038502857 ], [ 343397.328418168413918, 2019777.751418892294168 ], [ 343362.930817332293373, 2019812.150084187043831 ], [ 343362.930817332293373, 2019872.159440335351974 ], [ 343341.714962538273539, 2019893.375951669411734 ], [ 343311.711212951806374, 2019893.375951669411734 ], [ 343242.915818986250088, 2019962.173474558163434 ], [ 343242.915818986250088, 2020022.182830706704408 ], [ 343212.912069399782922, 2020052.187508780974895 ], [ 343212.912069399782922, 2020172.206221077824011 ], [ 343182.908319813257549, 2020202.210899152094498 ], [ 343182.908319813257549, 2020232.215577226364985 ], [ 343152.904570226790383, 2020262.220255300635472 ], [ 343152.904570226790383, 2020292.224933374905959 ], [ 343122.90082064026501, 2020322.229611449176446 ], [ 343122.90082064026501, 2020442.248323746025562 ], [ 343092.897071053739637, 2020472.253001820296049 ], [ 343092.897071053739637, 2020562.26703604310751 ], [ 343062.893321467272472, 2020592.271714117377996 ], [ 343062.893321467272472, 2020652.28107026591897 ], [ 343037.283423130400479, 2020677.891761119710281 ], [ 343007.279673543875106, 2020707.896439193747938 ], [ 342981.669967500201892, 2020733.506937748286873 ], [ 342951.666217913676519, 2020733.506937748286873 ], [ 342912.874573534762021, 2020772.299782562768087 ], [ 342912.874573534762021, 2020862.313816785579547 ], [ 342882.870823948236648, 2020892.318494859850034 ], [ 342882.870823948236648, 2020922.323172934120521 ], [ 342852.867074361711275, 2020952.327851008391008 ], [ 342852.867074361711275, 2020982.332529082661495 ], [ 342822.863324775244109, 2021012.337207156699151 ], [ 342822.863324775244109, 2021192.365275602322072 ], [ 342797.253426438372117, 2021217.975966456113383 ], [ 342767.249676851846743, 2021247.98064453038387 ], [ 342732.852076015726198, 2021282.379309824900702 ], [ 342732.852076015726198, 2021372.393344047712162 ], [ 342702.848326429200824, 2021402.398022121982649 ], [ 342702.848326429200824, 2021432.402700196253136 ], [ 342677.238428092328832, 2021458.013391050044447 ], [ 342612.837077669682913, 2021522.416734419064596 ], [ 342612.837077669682913, 2021612.430768641643226 ], [ 342582.833328083215747, 2021642.435446715913713 ], [ 342582.833328083215747, 2021702.444802864454687 ], [ 342561.617473289195914, 2021723.661314198514447 ], [ 342501.609974116203375, 2021723.661314198514447 ], [ 342471.606224529678002, 2021753.665992272784933 ], [ 342411.598725356685463, 2021753.665992272784933 ], [ 342377.200932227307931, 2021788.064849866786972 ], [ 342351.591226183634717, 2021813.675348421325907 ], [ 342321.587476597225759, 2021813.675348421325907 ], [ 342291.583727010758594, 2021843.680026495363563 ], [ 342201.572478251182474, 2021843.680026495363563 ], [ 342171.568728664657101, 2021873.68470456963405 ], [ 342072.769585112633649, 2021873.68470456963405 ], [ 342072.769585112633649, 2021912.477549384115264 ], [ 342042.765835526108276, 2021942.482227458385751 ], [ 342042.765835526108276, 2022014.919463956961408 ], [ 342072.769585112633649, 2022044.924142031231895 ], [ 342072.769585112633649, 2022542.575788943329826 ], [ 342042.765835526108276, 2022572.580467017600313 ], [ 342042.765835526108276, 2022602.5851450918708 ], [ 342021.549980732088443, 2022623.80165642593056 ], [ 341991.54623114556307, 2022623.80165642593056 ], [ 341961.542481559095904, 2022653.806334500201046 ], [ 341931.538731972628739, 2022653.806334500201046 ], [ 341897.140938843251206, 2022688.205192094203085 ], [ 341871.531232799694408, 2022713.815690648509189 ], [ 341811.523733626643661, 2022713.815690648509189 ], [ 341772.732089247612748, 2022752.608535462990403 ], [ 341772.732089247612748, 2022782.61321353726089 ], [ 341747.122190910740755, 2022808.223904391052201 ], [ 341712.72459007462021, 2022842.622569685801864 ], [ 341712.72459007462021, 2022975.069162332918495 ], [ 341742.728339661087375, 2023005.073840406956151 ], [ 341742.728339661087375, 2023035.078518481226638 ], [ 341772.732089247612748, 2023065.083196555497125 ], [ 341772.732089247612748, 2023095.087874629767612 ], [ 341802.735838834138121, 2023125.092552704038098 ], [ 341802.735838834138121, 2023215.106586926849559 ], [ 341832.739588420605287, 2023245.111265001120046 ], [ 341832.739588420605287, 2023275.115943075390533 ], [ 341867.13718925678404, 2023309.514608369907364 ], [ 341892.747087593597826, 2023335.125299223698676 ], [ 341892.747087593597826, 2023442.716131170745939 ], [ 341867.137189256725833, 2023468.32682202453725 ], [ 341841.527483213110827, 2023493.937320579076186 ], [ 341691.508735280600376, 2023493.937320579076186 ], [ 341661.504985694075003, 2023523.941998653346673 ], [ 341541.489987348148134, 2023523.941998653346673 ], [ 341511.48623776162276, 2023553.946676727384329 ], [ 341391.471239415579475, 2023553.946676727384329 ], [ 341361.467489829054102, 2023583.951354801654816 ], [ 341211.448741896543652, 2023583.951354801654816 ], [ 341181.444992310018279, 2023613.956032875925303 ], [ 341151.441242723551113, 2023613.956032875925303 ], [ 341112.6495983445202, 2023652.748877690406516 ], [ 341112.6495983445202, 2023772.767589987488464 ], [ 341087.039700007648207, 2023798.378280841279775 ], [ 341061.429993963974994, 2023823.98877939581871 ], [ 340941.414995618048124, 2023823.98877939581871 ], [ 340911.411246031580959, 2023853.993457469856367 ], [ 340881.40749644493917, 2023853.993457469856367 ], [ 340851.403746858472005, 2023883.998135544126853 ], [ 340821.399997272004839, 2023883.998135544126853 ], [ 340791.396247685479466, 2023914.00281361839734 ], [ 340743.81717275781557, 2023914.00281361839734 ], [ 340718.207466714142356, 2023888.392315063858405 ], [ 340688.203717127733398, 2023858.387636989587918 ], [ 340653.80592399823945, 2023823.98877939581871 ], [ 340533.79092565231258, 2023823.98877939581871 ], [ 340503.787176065787207, 2023793.984101321548223 ], [ 340473.783426479320042, 2023793.984101321548223 ], [ 340443.779676892852876, 2023763.979423247277737 ], [ 340413.775927306327503, 2023763.979423247277737 ], [ 340388.166221262712497, 2023738.368924692738801 ], [ 340332.552573339256924, 2023682.753555764677003 ], [ 340332.552573339256924, 2023652.748877690406516 ], [ 340298.154972503194585, 2023618.350212395656854 ], [ 340263.757179373758845, 2023583.951354801654816 ], [ 340203.749680200766306, 2023583.951354801654816 ], [ 340173.745930614240933, 2023553.946676727384329 ], [ 340131.31375678232871, 2023553.946676727384329 ], [ 340101.310007195861544, 2023583.951354801654816 ], [ 340071.306257609336171, 2023583.951354801654816 ], [ 340041.302508022869006, 2023613.956032875925303 ], [ 340011.29875843640184, 2023613.956032875925303 ], [ 339981.295008849876467, 2023643.960710950195789 ], [ 339132.402125635300763, 2023643.960710950195789 ], [ 339132.402125635300763, 2023682.753555764677003 ], [ 339102.39837604877539, 2023712.75823383894749 ], [ 339102.39837604877539, 2023815.200148411793634 ], [ 339136.795976884954143, 2023849.598813706543297 ], [ 339162.405875221826136, 2023875.209504560101777 ], [ 339162.405875221826136, 2023905.214182634372264 ], [ 339201.197519600740634, 2023944.007027448853478 ], [ 339231.201269187324215, 2023944.007027448853478 ], [ 339261.205018773849588, 2023974.011705523123965 ], [ 339291.208768360316753, 2023974.011705523123965 ], [ 339312.424623154336587, 2023995.228216857183725 ], [ 339312.424623154336587, 2024025.232894931454211 ], [ 339342.428372740803752, 2024055.237573005724698 ], [ 339342.428372740803752, 2024085.242251079995185 ], [ 339372.432122327329125, 2024115.246929154265672 ], [ 339372.432122327329125, 2024145.251607228303328 ], [ 339406.829723163507879, 2024179.65027252305299 ], [ 339432.439621500321664, 2024205.260963376844302 ], [ 339432.439621500321664, 2024222.837761101080105 ], [ 339406.829723163449671, 2024248.448451954871416 ], [ 339372.432122327329125, 2024282.847117249621078 ], [ 339372.432122327329125, 2024415.29370989673771 ], [ 339406.829723163507879, 2024449.692375191254541 ], [ 339441.227516292768996, 2024484.09123278525658 ], [ 339471.231265879294369, 2024484.09123278525658 ], [ 339501.235015465761535, 2024514.095910859527066 ], [ 339531.238765052345116, 2024514.095910859527066 ], [ 339556.848471096018329, 2024539.706409414066002 ], [ 339591.246264225279447, 2024574.10526700806804 ], [ 339621.250013811863028, 2024574.10526700806804 ], [ 339646.859719855536241, 2024599.715765562606975 ], [ 339681.257512984797359, 2024634.114623156609014 ], [ 339711.261262571380939, 2024634.114623156609014 ], [ 339736.870968615054153, 2024659.725121711147949 ], [ 339771.26876174431527, 2024694.123979305149987 ], [ 339801.272511330957059, 2024694.123979305149987 ], [ 339826.882217374513857, 2024719.734477859456092 ], [ 339861.28001050389139, 2024754.13333545345813 ], [ 339891.283760090358555, 2024754.13333545345813 ], [ 339916.893466133973561, 2024779.743834007997066 ], [ 339951.291259263409302, 2024814.142691601999104 ], [ 339981.295008849876467, 2024814.142691601999104 ], [ 340011.29875843640184, 2024844.147369676269591 ], [ 340041.302508022869006, 2024844.147369676269591 ], [ 340071.306257609336171, 2024874.152047750540078 ], [ 340281.332504714897368, 2024874.152047750540078 ], [ 340306.942210758512374, 2024899.762546305079013 ], [ 340341.340003887948114, 2024934.161403899081051 ], [ 340533.790925652370788, 2024934.161403899081051 ], [ 340568.188718781690113, 2024899.762546305079013 ], [ 340598.192468368157279, 2024869.757868230808526 ], [ 340623.802174411830492, 2024844.147369676269591 ], [ 340731.388748512486927, 2024844.147369676269591 ], [ 340752.60460330650676, 2024865.363881010329351 ], [ 340752.60460330650676, 2024904.156725824810565 ], [ 340791.396247685479466, 2024904.156725824810565 ], [ 340851.403746858530212, 2024964.166081973351538 ], [ 340941.414995617989916, 2024964.166081973351538 ], [ 340971.41874520451529, 2024994.170760047622025 ], [ 341001.42249479109887, 2024994.170760047622025 ], [ 341031.426244377566036, 2025024.175438121659681 ], [ 341091.433743550500367, 2025024.175438121659681 ], [ 341112.6495983445202, 2025045.391949455719441 ], [ 341112.6495983445202, 2025084.184794270200655 ], [ 341151.441242723492905, 2025084.184794270200655 ], [ 341177.050948767107911, 2025109.79529282473959 ], [ 341237.058447940216865, 2025169.804648973280564 ], [ 341267.062197526625823, 2025199.809327047551051 ], [ 341327.069696699734777, 2025259.818683196092024 ], [ 341357.073446286201943, 2025289.823361270129681 ], [ 341382.683344623073936, 2025315.434052123920992 ], [ 341382.683344623073936, 2025333.010849848156795 ], [ 341357.073446286201943, 2025358.621540701948106 ], [ 341327.06969669967657, 2025388.626218776218593 ], [ 341267.062197526684031, 2025448.635574924759567 ], [ 341237.058447940158658, 2025478.640252999030054 ], [ 341177.050948767166119, 2025538.649609147571027 ], [ 341142.653347931045573, 2025573.048274442087859 ], [ 341142.653347931045573, 2025615.48083286639303 ], [ 341172.657097517512739, 2025645.485510940663517 ], [ 341172.657097517512739, 2025675.490189014934003 ], [ 341237.058447940216865, 2025739.893532383954152 ], [ 341267.062197526625823, 2025769.898210458224639 ], [ 341301.459990656061564, 2025804.297068052226678 ], [ 341331.463740242528729, 2025804.297068052226678 ], [ 341357.073446286143735, 2025829.907566606765613 ], [ 341387.077195872727316, 2025859.912244680803269 ], [ 341412.687094209541101, 2025885.522935534594581 ], [ 341412.687094209541101, 2025945.532291683135554 ], [ 341477.088444632245228, 2026009.935635052155703 ], [ 341507.092194218654186, 2026039.94031312642619 ], [ 341537.095943805237766, 2026069.944991200696677 ], [ 341567.099693391646724, 2026099.949669274967164 ], [ 341601.497486521082465, 2026134.348526868969202 ], [ 341631.501236107666045, 2026134.348526868969202 ], [ 341652.717090901569463, 2026155.565038202796131 ], [ 341652.717090901569463, 2026194.357883017277345 ], [ 341691.508735280600376, 2026194.357883017277345 ], [ 341717.11844132427359, 2026219.96838157181628 ], [ 341747.122190910682548, 2026249.973059646086767 ], [ 341802.735838834138121, 2026305.588428574148566 ], [ 341802.735838834138121, 2026335.593106648419052 ], [ 341837.13343967020046, 2026369.991771943168715 ], [ 341862.74333800713066, 2026395.602462796960026 ], [ 341862.74333800713066, 2026473.188616669503972 ], [ 341832.739588420605287, 2026503.193294743774459 ], [ 341832.739588420605287, 2026533.197972818044946 ], [ 341802.735838834138121, 2026563.202650892315432 ], [ 341802.735838834138121, 2026593.207328966585919 ], [ 341772.732089247612748, 2026623.212007040856406 ], [ 341772.732089247612748, 2026653.216685115126893 ], [ 341742.728339661087375, 2026683.22136318939738 ], [ 341742.728339661087375, 2026725.65392161346972 ], [ 341772.732089247612748, 2026755.658599687740207 ], [ 341772.732089247612748, 2026815.66795583628118 ], [ 341807.129690083791502, 2026850.066621131030843 ], [ 341837.13343967020046, 2026880.071299205301329 ], [ 341867.13718925678404, 2026910.075977279571816 ], [ 341892.747087593597826, 2026935.686668133363128 ], [ 341892.747087593597826, 2027025.700702355941758 ], [ 341931.538731972628739, 2027064.493547170422971 ], [ 341961.542481559095904, 2027064.493547170422971 ], [ 341991.54623114556307, 2027094.498225244693458 ], [ 342021.549980732088443, 2027094.498225244693458 ], [ 342047.159686775703449, 2027120.108723799232394 ], [ 342111.561229491664562, 2027184.512259467504919 ], [ 342141.564979078131728, 2027184.512259467504919 ], [ 342162.780833872151561, 2027205.728770801564679 ], [ 342162.780833872151561, 2027235.733448875835165 ], [ 342192.784583458676934, 2027265.738126950105652 ], [ 342192.784583458676934, 2027343.324280822649598 ], [ 342141.564979078131728, 2027394.545470230979845 ], [ 342063.982154564000666, 2027394.545470230979845 ], [ 342033.978404977533501, 2027364.540792156709358 ], [ 341871.5312327996362, 2027364.540792156709358 ], [ 341837.133439670258667, 2027398.939649750711396 ], [ 341802.735838834138121, 2027433.338315045461059 ], [ 341802.735838834138121, 2027463.342993119731545 ], [ 341781.519984040118288, 2027484.559504453791305 ], [ 341751.516234453534707, 2027484.559504453791305 ], [ 341712.72459007462021, 2027523.352349268272519 ], [ 341712.72459007462021, 2027553.357027342310175 ], [ 341682.720840488094836, 2027583.361705416580662 ], [ 341682.720840488094836, 2027625.794263840885833 ], [ 341712.72459007462021, 2027655.79894191515632 ], [ 341712.72459007462021, 2027685.803619989426807 ], [ 341747.122190910682548, 2027720.202285284176469 ], [ 341772.732089247612748, 2027745.81297613796778 ], [ 341772.732089247612748, 2027793.39445193647407 ], [ 341747.122190910740755, 2027819.005142790265381 ], [ 341717.11844132427359, 2027849.009820864303038 ], [ 341661.504985694075003, 2027904.62499749311246 ], [ 341601.497486521082465, 2027904.62499749311246 ], [ 341571.493736934557091, 2027934.629675567382947 ], [ 341541.489987348089926, 2027934.629675567382947 ], [ 341507.092194218712393, 2027969.028533161384985 ], [ 341472.694593382591847, 2028003.427198456134647 ], [ 341472.694593382591847, 2028144.661957843229175 ], [ 341511.486237761564553, 2028144.661957843229175 ], [ 341532.702092555584386, 2028165.878469177288935 ], [ 341532.702092555584386, 2028195.883147251559421 ], [ 341562.705842142051551, 2028225.887825325829908 ], [ 341562.705842142051551, 2028303.473979198606685 ], [ 341532.702092555584386, 2028333.478657272877172 ], [ 341532.702092555584386, 2028405.915893771219999 ], [ 341562.705842142051551, 2028435.920571845490485 ], [ 341562.705842142051551, 2028465.925249919760972 ], [ 341592.709591728576925, 2028495.929927994031459 ], [ 341592.709591728576925, 2028525.934606068301946 ], [ 341622.713341315102298, 2028555.939284142572433 ], [ 341622.713341315102298, 2028585.94396221684292 ], [ 341657.110942151164636, 2028620.342627511592582 ], [ 341717.11844132427359, 2028680.351983660133556 ], [ 341747.122190910740755, 2028710.356661734171212 ], [ 341772.732089247612748, 2028735.967352587962523 ], [ 341772.732089247612748, 2029203.614321426022798 ], [ 341742.728339661087375, 2029233.618999500293285 ], [ 341742.728339661087375, 2029293.628355648601428 ], [ 341717.118441324215382, 2029319.239046502392739 ], [ 341691.508735280600376, 2029344.849545056931674 ], [ 341661.504985694016796, 2029344.849545056931674 ], [ 341631.50123610754963, 2029374.854223131202161 ], [ 341451.478738588572014, 2029374.854223131202161 ], [ 341421.474989002046641, 2029404.858901205472648 ], [ 341391.471239415579475, 2029404.858901205472648 ], [ 341352.679595036548562, 2029443.651746019953862 ], [ 341352.679595036548562, 2029473.656424094224349 ], [ 341322.675845450081397, 2029503.661102168494835 ], [ 341322.675845450081397, 2029563.670458316802979 ], [ 341292.672095863556024, 2029593.675136391073465 ], [ 341292.672095863556024, 2029683.689170613884926 ], [ 341267.062197526684031, 2029709.299861467676237 ], [ 341237.058447940158658, 2029739.304539541946724 ], [ 341202.660847104038112, 2029773.703204836696386 ], [ 341202.660847104038112, 2029906.149797483580187 ], [ 341232.664596690563485, 2029936.154475557850674 ], [ 341232.664596690563485, 2029996.163831706391647 ], [ 341271.456241069477983, 2030034.956676520872861 ], [ 341301.459990656061564, 2030034.956676520872861 ], [ 341331.463740242586937, 2030064.961354595143348 ], [ 341361.467489829054102, 2030064.961354595143348 ], [ 341391.471239415579475, 2030094.966032669413835 ], [ 341451.478738588630222, 2030094.966032669413835 ], [ 341477.088444632245228, 2030120.57653122371994 ], [ 341507.092194218654186, 2030150.581209297990426 ], [ 341541.489987348089926, 2030184.980066891992465 ], [ 341571.493736934557091, 2030184.980066891992465 ], [ 341622.713341315102298, 2030236.201256300322711 ], [ 341622.713341315102298, 2030266.205934374593198 ], [ 341652.717090901569463, 2030296.210612448863685 ], [ 341652.717090901569463, 2030416.229324745712802 ], [ 341682.720840488094836, 2030446.234002819983289 ], [ 341682.720840488094836, 2030463.810800544219092 ], [ 341652.717090901569463, 2030493.815478618489578 ], [ 341652.717090901569463, 2030523.820156692760065 ], [ 341631.50123610754963, 2030545.036668026819825 ], [ 341601.497486521082465, 2030545.036668026819825 ], [ 341562.705842142051551, 2030583.829512841301039 ], [ 341562.705842142051551, 2030656.266749339876696 ], [ 341597.103442978230305, 2030690.665414634393528 ], [ 341622.713341315102298, 2030716.276105488184839 ], [ 341622.713341315102298, 2030746.280783562455326 ], [ 341652.717090901569463, 2030776.285461636725813 ], [ 341652.717090901569463, 2030853.87161550950259 ], [ 341627.107192564697471, 2030879.482306363293901 ], [ 341601.497486521082465, 2030905.092804917832837 ], [ 341472.694593382591847, 2030905.092804917832837 ], [ 341472.694593382591847, 2030943.88564973231405 ], [ 341442.690843796066474, 2030973.890327806351706 ], [ 341442.690843796066474, 2031136.341598527738824 ], [ 341472.694593382591847, 2031166.346276602009311 ], [ 341472.694593382591847, 2031196.350954676279798 ], [ 341502.698342969059013, 2031226.355632750550285 ], [ 341502.698342969059013, 2031256.360310824587941 ], [ 341532.702092555584386, 2031286.364988898858428 ], [ 341532.702092555584386, 2031346.374345047399402 ], [ 341567.099693391646724, 2031380.773010342149064 ], [ 341627.107192564755678, 2031440.782366490690038 ], [ 341661.504985694016796, 2031475.181224084692076 ], [ 341793.948408285446931, 2031475.181224084692076 ], [ 341817.737945749249775, 2031451.39095043647103 ], [ 341841.527483213052619, 2031475.181224084692076 ], [ 341871.531232799577992, 2031475.181224084692076 ], [ 341901.534982386045158, 2031505.185902158962563 ], [ 341931.538731972628739, 2031505.185902158962563 ], [ 341957.148438016301952, 2031530.796400713501498 ], [ 341987.152187602769118, 2031560.801078787539154 ], [ 342017.155937189294491, 2031590.805756861809641 ], [ 342047.159686775703449, 2031620.810434936080128 ], [ 342081.557479905139189, 2031655.209292530082166 ], [ 342111.561229491606355, 2031655.209292530082166 ], [ 342137.170935535221361, 2031680.819791084621102 ], [ 342201.572478251182474, 2031745.223326752893627 ], [ 342231.57622783764964, 2031745.223326752893627 ], [ 342261.579977424175013, 2031775.228004827164114 ], [ 342291.583727010642178, 2031775.228004827164114 ], [ 342312.799581804662012, 2031796.444516161223873 ], [ 342312.799581804662012, 2031826.44919423526153 ], [ 342342.803331391187385, 2031856.453872309532017 ], [ 342342.803331391187385, 2032006.477262680884451 ], [ 342381.594975770101883, 2032045.270107495365664 ], [ 342411.598725356685463, 2032045.270107495365664 ], [ 342441.602474943210836, 2032075.274785569636151 ], [ 342471.60622452973621, 2032075.274785569636151 ], [ 342492.822079323697835, 2032096.491296903463081 ], [ 342492.822079323697835, 2032186.505331126274541 ], [ 342522.825828910165001, 2032216.510009200545028 ], [ 342522.825828910165001, 2032366.533399571897462 ], [ 342552.829578496690374, 2032396.538077645935118 ], [ 342552.829578496690374, 2032456.547433794476092 ], [ 342587.227179332869127, 2032490.946099089225754 ], [ 342617.230928919278085, 2032520.950777163496241 ], [ 342681.632471635239199, 2032585.354312831768766 ], [ 342711.636221221706364, 2032585.354312831768766 ], [ 342741.639970808231737, 2032615.358990906039253 ], [ 342771.643720394698903, 2032615.358990906039253 ], [ 342801.647469981166068, 2032645.36366898030974 ], [ 343041.677466673310846, 2032645.36366898030974 ], [ 343067.287172716925852, 2032670.974167534615844 ], [ 343101.684965846186969, 2032705.373025128617883 ], [ 343131.68871543277055, 2032705.373025128617883 ], [ 343157.298421476443764, 2032730.983523683156818 ], [ 343187.302171062852722, 2032760.988201757427305 ], [ 343217.305920649436302, 2032790.992879831697792 ], [ 343247.30967023584526, 2032820.997557905968279 ], [ 343272.919568572775461, 2032846.60824875975959 ], [ 343272.919568572775461, 2032876.612926834030077 ], [ 343296.70957027329132, 2032900.403664733283222 ], [ 343272.919568572775461, 2032924.194402632536367 ], [ 343272.919568572775461, 2032954.199080706574023 ], [ 343242.915818986250088, 2032984.20375878084451 ], [ 343242.915818986250088, 2033155.443196242442355 ], [ 343281.707463365281001, 2033155.443196242442355 ], [ 343307.317169408954214, 2033181.05369479698129 ], [ 343341.714962538215332, 2033215.452552390983328 ], [ 343371.71871212485712, 2033215.452552390983328 ], [ 343397.328418168472126, 2033241.063050945289433 ], [ 343427.332167754881084, 2033271.06772901955992 ], [ 343461.729960884316824, 2033305.466586613561958 ], [ 343491.73371047078399, 2033305.466586613561958 ], [ 343551.741209643834736, 2033365.475942762102932 ], [ 343581.744959230301902, 2033365.475942762102932 ], [ 343611.748708816827275, 2033395.480620836373419 ], [ 343671.756207989819814, 2033395.480620836373419 ], [ 343701.759957576345187, 2033425.485298910643905 ], [ 343791.771206335804891, 2033425.485298910643905 ], [ 343817.380912379419897, 2033451.095797465182841 ], [ 343851.778705508855637, 2033485.494655059184879 ], [ 344001.797453441366088, 2033485.494655059184879 ], [ 344031.801203027891461, 2033515.499333133455366 ], [ 344061.804952614416834, 2033515.499333133455366 ], [ 344091.808702200942207, 2033545.504011207493022 ], [ 344121.812451787351165, 2033545.504011207493022 ], [ 344151.816201373876538, 2033575.508689281763509 ], [ 344181.819950960343704, 2033575.508689281763509 ], [ 344211.823700546810869, 2033605.513367356033996 ], [ 344301.834949306386989, 2033605.513367356033996 ], [ 344357.448404936585575, 2033661.128543984843418 ], [ 344387.452154522994533, 2033691.133222059113905 ], [ 344417.455904109578114, 2033721.137900133384392 ], [ 344447.459653695987072, 2033751.142578207654878 ], [ 344473.069552032917272, 2033776.75326906144619 ], [ 344473.069552032917272, 2033806.757947135483846 ], [ 344503.073301619442645, 2033836.762625209754333 ], [ 344503.073301619442645, 2033926.776659432565793 ], [ 344537.470902455504984, 2033961.175324727315456 ], [ 344567.474652042088564, 2033991.180002801585943 ], [ 344593.08455037890235, 2034016.790693655377254 ], [ 344593.08455037890235, 2034046.795371729647741 ], [ 344623.088299965427723, 2034076.800049803918228 ], [ 344623.088299965427723, 2034256.828118249308318 ], [ 344653.092049551953096, 2034286.832796323578805 ], [ 344653.092049551953096, 2034406.851508620427921 ], [ 344691.883693930867594, 2034445.644353434909135 ], [ 344721.887443517451175, 2034445.644353434909135 ], [ 344747.497149561124388, 2034471.254851989448071 ], [ 344777.500899147533346, 2034501.259530063718557 ], [ 344811.898692276969086, 2034535.658387657720596 ], [ 344841.902441863436252, 2034535.658387657720596 ], [ 344867.512147907051258, 2034561.268886212259531 ], [ 344897.515897493634839, 2034591.273564286530018 ], [ 344923.125795830448624, 2034616.884255140321329 ], [ 344923.125795830448624, 2034646.888933214591816 ], [ 344953.129545416973997, 2034676.893611288629472 ], [ 344953.129545416973997, 2034706.898289362899959 ], [ 344983.13329500349937, 2034736.902967437170446 ], [ 344983.13329500349937, 2034766.907645511440933 ], [ 345013.137044589966536, 2034796.91232358571142 ], [ 345013.137044589966536, 2034856.921679734252393 ], [ 345043.140794176491909, 2034886.92635780852288 ], [ 345043.140794176491909, 2034916.931035882793367 ], [ 345073.144543762959074, 2034946.935713956831023 ], [ 345073.144543762959074, 2034976.94039203110151 ], [ 345103.148293349484447, 2035006.945070105371997 ], [ 345103.148293349484447, 2035045.73791491985321 ], [ 345141.939937728457153, 2035045.73791491985321 ], [ 345171.943687314924318, 2035075.742592994123697 ], [ 345261.954936074500438, 2035075.742592994123697 ], [ 345291.958685661025811, 2035105.747271068394184 ] ] ] } },
{ "type": "Feature", "properties": { "OBJECTID": 10, "乡镇名": "藤桥镇", "面积km2": 144.945 }, "geometry": { "type": "Polygon", "coordinates": [ [ [ 369624.999600315350108, 2049267.955322112422436 ], [ 369727.43927332025487, 2049267.955322112422436 ], [ 369761.837066449574195, 2049233.556464518420398 ], [ 369791.84081603604136, 2049203.551786444149911 ], [ 369821.844565622566734, 2049173.547108369879425 ], [ 369851.848315209033899, 2049143.542430295841768 ], [ 369877.458021252707113, 2049117.931931741302833 ], [ 369916.249665631738026, 2049117.931931741302833 ], [ 369916.249665631738026, 2049079.139086926821619 ], [ 369946.253415218205191, 2049049.134408852551132 ], [ 369946.253415218205191, 2049019.129730778280646 ], [ 369967.469270012225024, 2048997.913219444220886 ], [ 369997.47301959869219, 2048997.913219444220886 ], [ 370027.476769185217563, 2048967.908541369950399 ], [ 370057.480518771801144, 2048967.908541369950399 ], [ 370091.878311901120469, 2048933.509683775948361 ], [ 370117.488017944735475, 2048907.899185221409425 ], [ 370147.49176753120264, 2048907.899185221409425 ], [ 370177.495517117728014, 2048877.894507147138938 ], [ 370255.078341631859075, 2048877.894507147138938 ], [ 370285.082091218326241, 2048907.899185221409425 ], [ 370456.317158188787289, 2048907.899185221409425 ], [ 370456.317158188787289, 2048869.106340406928211 ], [ 370486.320907775254454, 2048839.101662332890555 ], [ 370486.320907775254454, 2048809.096984258620068 ], [ 370516.324657361779828, 2048779.092306184349582 ], [ 370516.324657361779828, 2048719.082950035808608 ], [ 370546.328406948305201, 2048689.078271961538121 ], [ 370546.328406948305201, 2048629.068915812997147 ], [ 370571.938305285177194, 2048603.458224959205836 ], [ 370606.335906121297739, 2048569.059559664689004 ], [ 370606.335906121297739, 2048539.054881590418518 ], [ 370636.339655707764905, 2048509.050203516148031 ], [ 370636.339655707764905, 2048479.045525441877544 ], [ 370666.343405294290278, 2048449.040847367607057 ], [ 370666.343405294290278, 2048419.03616929333657 ], [ 370691.953303631162271, 2048393.425478439545259 ], [ 370726.350904467282817, 2048359.026813144795597 ], [ 370726.350904467282817, 2048329.02213507052511 ], [ 370751.96080280415481, 2048303.411444216733798 ], [ 370786.358403640275355, 2048269.012778922216967 ], [ 370786.358403640275355, 2048239.00810084794648 ], [ 370816.362153226800729, 2048209.003422773675993 ], [ 370816.362153226800729, 2048067.768663386348635 ], [ 370777.570508847828023, 2048067.768663386348635 ], [ 370756.35465405380819, 2048046.552152052288875 ], [ 370756.35465405380819, 2047998.970676254015416 ], [ 370786.358403640275355, 2047968.965998179744929 ], [ 370786.358403640275355, 2047818.942607808392495 ], [ 370816.362153226800729, 2047788.937929734122008 ], [ 370816.362153226800729, 2047578.905183214461431 ], [ 370871.975801150198095, 2047523.289814286399633 ], [ 370901.979550736723468, 2047493.285136212129146 ], [ 370936.377151572844014, 2047458.886470917379484 ], [ 370936.377151572844014, 2047326.439878270495683 ], [ 370901.97955073666526, 2047292.041212975746021 ], [ 370871.975801150256302, 2047262.036534901475534 ], [ 370781.964552390621975, 2047172.022500678664073 ], [ 370751.96080280415481, 2047142.017822604626417 ], [ 370726.350904467282817, 2047116.407131750835106 ], [ 370726.350904467282817, 2047086.402453676564619 ], [ 370696.347154880815651, 2047056.397775602294132 ], [ 370696.347154880815651, 2047026.393097528023645 ], [ 370631.945804458111525, 2046961.989754159003496 ], [ 370606.335906121297739, 2046936.379063305212185 ], [ 370606.335906121297739, 2046906.374385230941698 ], [ 370571.938305285118986, 2046871.975719936192036 ], [ 370541.93455569865182, 2046841.971041862154379 ], [ 370481.927056525601074, 2046781.961685713613406 ], [ 370456.317158188787289, 2046756.350994859822094 ], [ 370456.317158188787289, 2046726.346316785551608 ], [ 370426.313408602261916, 2046696.341638711281121 ], [ 370426.313408602261916, 2046516.31357026589103 ], [ 370391.915807766199578, 2046481.914904971141368 ], [ 370366.305909429269377, 2046456.304214117350057 ], [ 370366.305909429269377, 2046426.29953604307957 ], [ 370306.298410256218631, 2046366.290179894538596 ], [ 370306.298410256218631, 2046336.285501820268109 ], [ 370276.294660669751465, 2046306.280823745997623 ], [ 370276.294660669751465, 2046198.68999179918319 ], [ 370306.298410256218631, 2046168.685313724912703 ], [ 370306.298410256218631, 2046078.671279502101243 ], [ 370336.302159842744004, 2046048.666601427830756 ], [ 370336.302159842744004, 2045988.657245279522613 ], [ 370366.305909429269377, 2045958.652567205252126 ], [ 370366.305909429269377, 2045838.633854908170179 ], [ 370396.30965901579475, 2045808.629176833899692 ], [ 370396.30965901579475, 2045778.624498759629205 ], [ 370426.313408602261916, 2045748.619820685358718 ], [ 370426.313408602261916, 2045718.615142611321062 ], [ 370456.317158188787289, 2045688.610464537050575 ], [ 370456.317158188787289, 2045628.601108388509601 ], [ 370486.320907775254454, 2045598.596430314239115 ], [ 370486.320907775254454, 2045568.591752239968628 ], [ 370516.324657361779828, 2045538.587074165698141 ], [ 370516.324657361779828, 2045508.582396091427654 ], [ 370546.328406948305201, 2045478.577718017157167 ], [ 370546.328406948305201, 2045448.573039943119511 ], [ 370576.332156534772366, 2045418.568361868849024 ], [ 370576.332156534772366, 2045388.563683794578537 ], [ 370606.335906121297739, 2045358.559005720308051 ], [ 370606.335906121297739, 2045328.554327646037564 ], [ 370631.945804458169732, 2045302.943636792246252 ], [ 370666.343405294290278, 2045268.54497149749659 ], [ 370666.343405294290278, 2045238.540293423226103 ], [ 370691.953303631162271, 2045212.929602569434792 ], [ 370721.957053217687644, 2045182.924924495164305 ], [ 370756.35465405380819, 2045148.526259200647473 ], [ 370756.35465405380819, 2045118.521581126376987 ], [ 370781.964552390680183, 2045092.910890272585675 ], [ 370816.362153226800729, 2045058.512224977836013 ], [ 370816.362153226800729, 2045028.507546903565526 ], [ 370876.369652399851475, 2044968.498190755024552 ], [ 370876.369652399851475, 2044938.493512680754066 ], [ 370901.979550736723468, 2044912.882821826962754 ], [ 370931.983300323190633, 2044882.878143752925098 ], [ 370961.987049909716006, 2044852.873465678654611 ], [ 371021.994549082708545, 2044792.864109530113637 ], [ 371051.998298669233918, 2044762.859431455843151 ], [ 371082.002048255701084, 2044732.854753381572664 ], [ 371107.611754299374297, 2044707.244254827033728 ], [ 371467.656749337387737, 2044707.244254827033728 ], [ 371497.66049892391311, 2044677.239576752763242 ], [ 371587.671747683372814, 2044677.239576752763242 ], [ 371617.675497269898187, 2044647.234898678492755 ], [ 371737.690495615883265, 2044647.234898678492755 ], [ 371767.694245202408638, 2044617.230220604222268 ], [ 371797.697994788875803, 2044617.230220604222268 ], [ 371827.701744375401177, 2044587.225542530184612 ], [ 372055.303316822159104, 2044587.225542530184612 ], [ 372085.307066408684477, 2044617.230220604222268 ], [ 372175.318315168085974, 2044617.230220604222268 ], [ 372205.322064754553139, 2044647.234898678492755 ], [ 372295.333313514129259, 2044647.234898678492755 ], [ 372325.337063100654632, 2044677.239576752763242 ], [ 372637.802983211004175, 2044677.239576752763242 ], [ 372667.806732797529548, 2044647.234898678492755 ], [ 372745.38955731166061, 2044647.234898678492755 ], [ 372775.393306898127776, 2044677.239576752763242 ], [ 372946.628373868588824, 2044677.239576752763242 ], [ 372946.628373868588824, 2044548.432697715703398 ], [ 372976.632123455055989, 2044518.428019641432911 ], [ 372976.632123455055989, 2044218.381238898960873 ], [ 373006.635873041581362, 2044188.376560824690387 ], [ 373006.635873041581362, 2044068.357848527608439 ], [ 373036.639622628048528, 2044038.353170453337952 ], [ 373036.639622628048528, 2043948.339136230759323 ], [ 373066.643372214573901, 2043918.334458156488836 ], [ 373066.643372214573901, 2043888.329780082218349 ], [ 373092.253270551445894, 2043862.719089228427038 ], [ 373122.257020137971267, 2043832.714411154156551 ], [ 373152.260769724438433, 2043802.709733079886064 ], [ 373182.264519310963806, 2043772.705055005615577 ], [ 373207.874225354520604, 2043747.094556451309472 ], [ 373237.877974941162392, 2043747.094556451309472 ], [ 373272.275768070481718, 2043712.695698857307434 ], [ 373297.885474114096723, 2043687.085200302768499 ], [ 373327.889223700563889, 2043687.085200302768499 ], [ 373357.892973287089262, 2043657.080522228498012 ], [ 373417.900472460198216, 2043657.080522228498012 ], [ 373447.904222046665382, 2043627.075844154227525 ], [ 373477.907971633190755, 2043627.075844154227525 ], [ 373507.91172121965792, 2043597.071166079957038 ], [ 373567.919220392708667, 2043597.071166079957038 ], [ 373597.922969979175832, 2043567.066488005686551 ], [ 373636.714614358148538, 2043567.066488005686551 ], [ 373636.714614358148538, 2043528.273643191205338 ], [ 373666.718363944615703, 2043498.268965116934851 ], [ 373666.718363944615703, 2043468.264287042664364 ], [ 373696.722113531141076, 2043438.259608968626708 ], [ 373696.722113531141076, 2043408.254930894356221 ], [ 373726.725863117666449, 2043378.250252820085734 ], [ 373726.725863117666449, 2043348.245574745815247 ], [ 373756.729612704133615, 2043318.24089667154476 ], [ 373756.729612704133615, 2043168.217506300425157 ], [ 373786.733362290658988, 2043138.21282822615467 ], [ 373786.733362290658988, 2042898.175403631990775 ], [ 373816.737111877126154, 2042868.170725557953119 ], [ 373816.737111877126154, 2042838.166047483682632 ], [ 373846.740861463651527, 2042808.161369409412146 ], [ 373846.740861463651527, 2042778.156691335141659 ], [ 373876.7446110501769, 2042748.152013260871172 ], [ 373876.7446110501769, 2042718.147335186600685 ], [ 373906.748360636702273, 2042688.142657112330198 ], [ 373906.748360636702273, 2042658.137979038059711 ], [ 373936.752110223169439, 2042628.133300963789225 ], [ 373936.752110223169439, 2042568.123944815481082 ], [ 373966.755859809694812, 2042538.119266741210595 ], [ 373966.755859809694812, 2042508.114588666940108 ], [ 373996.759609396161977, 2042478.109910592669621 ], [ 373996.759609396161977, 2042448.105232518399134 ], [ 374026.76335898268735, 2042418.100554444128647 ], [ 374026.76335898268735, 2042388.095876369858161 ], [ 374052.373257319559343, 2042362.485185516066849 ], [ 374086.770858155679889, 2042328.086520221317187 ], [ 374086.770858155679889, 2042298.081842147279531 ], [ 374116.774607742205262, 2042268.077164073009044 ], [ 374116.774607742205262, 2042238.072485998738557 ], [ 374146.778357328672428, 2042208.06780792446807 ], [ 374146.778357328672428, 2041835.583790683420375 ], [ 374112.380756492610089, 2041801.185125388670713 ], [ 374082.377006906026509, 2041771.180447314400226 ], [ 374052.373257319617551, 2041741.175769240129739 ], [ 374022.36950773303397, 2041711.171091166092083 ], [ 373996.759609396161977, 2041685.560400312300771 ], [ 373996.759609396161977, 2041655.555722238030285 ], [ 373962.362008560099639, 2041621.157056943280622 ], [ 373932.358258973516058, 2041591.152378869010136 ], [ 373897.960465844254941, 2041556.753521275008097 ], [ 373837.952966671145987, 2041556.753521275008097 ], [ 373812.343260627472773, 2041531.143022720469162 ], [ 373782.339511041063815, 2041501.138344646198675 ], [ 373752.335761454480235, 2041471.133666571928188 ], [ 373726.725863117666449, 2041445.522975718369707 ], [ 373726.725863117666449, 2041415.518297644099221 ], [ 373696.722113531141076, 2041385.513619569828734 ], [ 373696.722113531141076, 2041205.485551124205813 ], [ 373666.718363944615703, 2041175.480873050168157 ], [ 373666.718363944615703, 2041145.47619497589767 ], [ 373632.320763108553365, 2041111.077529681148008 ], [ 373606.710864771623164, 2041085.466838827356696 ], [ 373606.710864771623164, 2041055.462160753086209 ], [ 373576.707115185155999, 2041025.457482678815722 ], [ 373576.707115185155999, 2040905.438770381733775 ], [ 373546.703365598630626, 2040875.434092307696119 ], [ 373546.703365598630626, 2040785.420058084884658 ], [ 373516.699616012105253, 2040755.415380010614172 ], [ 373516.699616012105253, 2040725.410701936343685 ], [ 373486.695866425638087, 2040695.406023862073198 ], [ 373486.695866425638087, 2040635.396667713532224 ], [ 373456.692116839112714, 2040605.391989639494568 ], [ 373456.692116839112714, 2040575.387311565224081 ], [ 373426.688367252645548, 2040545.382633490953594 ], [ 373426.688367252645548, 2040395.35924311960116 ], [ 373396.684617666120175, 2040365.354565045330673 ], [ 373396.684617666120175, 2039975.293750080280006 ], [ 373366.680868079594802, 2039945.289072006009519 ], [ 373366.680868079594802, 2039885.279715857468545 ], [ 373336.677118493069429, 2039855.275037783198059 ], [ 373336.677118493069429, 2039825.270359708927572 ], [ 373306.673368906602263, 2039795.265681634657085 ], [ 373306.673368906602263, 2039735.256325486348942 ], [ 373276.66961932007689, 2039705.251647412078455 ], [ 373276.66961932007689, 2039585.232935114996508 ], [ 373246.665869733609725, 2039555.228257040726021 ], [ 373246.665869733609725, 2039525.223578966455534 ], [ 373212.268268897430971, 2039490.824913671705872 ], [ 373186.658370560558978, 2039465.214222818147391 ], [ 373186.658370560558978, 2039366.412021855125204 ], [ 373087.859227008593734, 2039366.412021855125204 ], [ 373032.245771378395148, 2039310.796845226315781 ], [ 373002.24202179198619, 2039280.792167152045295 ], [ 372976.632123455055989, 2039255.181476298253983 ], [ 372976.632123455055989, 2039195.17212014971301 ], [ 372942.234522618935443, 2039160.773454855196178 ], [ 372907.836729489557911, 2039126.37459726119414 ], [ 372847.829230316565372, 2039126.37459726119414 ], [ 372817.825480730098207, 2039096.369919186923653 ], [ 372727.814231970522087, 2039096.369919186923653 ], [ 372697.810482383996714, 2039066.365241112653166 ], [ 372337.765487345983274, 2039066.365241112653166 ], [ 372307.761737759457901, 2039036.360563038382679 ], [ 372247.754238586465362, 2039036.360563038382679 ], [ 372217.750488999939989, 2039006.355884964112192 ], [ 371965.292068062641192, 2039006.355884964112192 ], [ 371941.50253059878014, 2039030.146158612333238 ], [ 371922.107036677771248, 2039010.750064483843744 ], [ 371892.10328709136229, 2038980.745386409573257 ], [ 371857.70549396192655, 2038946.346528815571219 ], [ 371647.679246856423561, 2038946.346528815571219 ], [ 371617.675497269898187, 2038916.341850741300732 ], [ 371467.656749337329529, 2038916.341850741300732 ], [ 371437.652999750804156, 2038886.337172667263076 ], [ 371317.638001404877286, 2038886.337172667263076 ], [ 371296.422146610857453, 2038865.120661333203316 ], [ 371296.422146610857453, 2038835.115983258932829 ], [ 371266.41839702433208, 2038805.111305184662342 ], [ 371266.41839702433208, 2038715.097270961850882 ], [ 371236.414647437864915, 2038685.092592887580395 ], [ 371236.414647437864915, 2038637.511117089074105 ], [ 371266.41839702433208, 2038607.506439015036449 ], [ 371266.41839702433208, 2038505.064524442190304 ], [ 371236.414647437864915, 2038475.059846367919818 ], [ 371236.414647437864915, 2038247.450302124023438 ], [ 371266.41839702433208, 2038217.445624049752951 ], [ 371266.41839702433208, 2038127.43158982694149 ], [ 371296.422146610857453, 2038097.426911752671003 ], [ 371296.422146610857453, 2037977.408199455821887 ], [ 371326.425896197382826, 2037947.4035213815514 ], [ 371326.425896197382826, 2037797.380131010198966 ], [ 371356.4296457839082, 2037767.375452936161309 ], [ 371356.4296457839082, 2037677.361418713349849 ], [ 371386.433395370375365, 2037647.356740639079362 ], [ 371386.433395370375365, 2037527.338028341997415 ], [ 371416.437144956900738, 2037497.333350267959759 ], [ 371416.437144956900738, 2037437.323994119418785 ], [ 371446.440894543367904, 2037407.319316045148298 ], [ 371446.440894543367904, 2037347.309959896607324 ], [ 371476.444644129893277, 2037317.305281822336838 ], [ 371476.444644129893277, 2037287.300603748066351 ], [ 371506.44839371641865, 2037257.295925673795864 ], [ 371506.44839371641865, 2037227.291247599525377 ], [ 371536.452143302885816, 2037197.286569525487721 ], [ 371536.452143302885816, 2037167.281891451217234 ], [ 371566.455892889411189, 2037137.277213376946747 ], [ 371566.455892889411189, 2037107.27253530267626 ], [ 371596.459642475878354, 2037077.267857228405774 ], [ 371596.459642475878354, 2036927.24446685728617 ], [ 371626.463392062403727, 2036897.239788783015683 ], [ 371626.463392062403727, 2036777.221076485933736 ], [ 371656.4671416489291, 2036747.216398411663249 ], [ 371656.4671416489291, 2036657.202364188851789 ], [ 371686.470891235396266, 2036627.197686114814132 ], [ 371686.470891235396266, 2036537.183651892002672 ], [ 371716.474640821921639, 2036507.178973817732185 ], [ 371716.474640821921639, 2036417.164939594920725 ], [ 371746.478390408388805, 2036387.160261520650238 ], [ 371746.478390408388805, 2036357.155583446612582 ], [ 371776.482139994914178, 2036327.150905372342095 ], [ 371776.482139994914178, 2036237.136871149530634 ], [ 371806.485889581439551, 2036207.132193075260147 ], [ 371806.485889581439551, 2036117.118158852448687 ], [ 371836.489639167964924, 2036087.1134807781782 ], [ 371836.489639167964924, 2035997.09944655559957 ], [ 371866.49338875443209, 2035967.094768481329083 ], [ 371866.49338875443209, 2035564.606073166010901 ], [ 371827.701744375517592, 2035525.813228351529688 ], [ 371797.697994788934011, 2035525.813228351529688 ], [ 371767.694245202408638, 2035495.808550277259201 ], [ 371707.686746029357892, 2035495.808550277259201 ], [ 371677.682996442832518, 2035465.803872203221545 ], [ 371617.675497269898187, 2035465.803872203221545 ], [ 371587.671747683372814, 2035435.799194128951058 ], [ 371527.664248510438483, 2035435.799194128951058 ], [ 371497.660498923971318, 2035405.794516054680571 ], [ 371467.656749337387737, 2035405.794516054680571 ], [ 371437.652999750862364, 2035375.789837980410084 ], [ 371377.645500577928033, 2035375.789837980410084 ], [ 371352.035794534313027, 2035350.179339425871149 ], [ 371332.639644083392341, 2035330.782588747097179 ], [ 371352.035794534254819, 2035311.38583806832321 ], [ 371386.433395370375365, 2035276.987172773573548 ], [ 371386.433395370375365, 2035246.982494699303061 ], [ 371412.043293707247358, 2035221.37180384574458 ], [ 371442.047043293772731, 2035191.367125771474093 ], [ 371506.44839371641865, 2035126.963782402453944 ], [ 371506.44839371641865, 2035096.959104328183457 ], [ 371521.450036387774162, 2035081.956997420173138 ], [ 371545.239573851577006, 2035105.747271068394184 ], [ 371605.247073024569545, 2035105.747271068394184 ], [ 371635.250822611094918, 2035135.751949142664671 ], [ 371746.478390408388805, 2035135.751949142664671 ], [ 371746.478390408388805, 2035096.959104328183457 ], [ 371776.482139994914178, 2035066.95442625391297 ], [ 371776.482139994914178, 2034976.94039203110151 ], [ 371812.699637467507273, 2034940.721773781813681 ], [ 371776.482139994914178, 2034904.503155532758683 ], [ 371776.482139994914178, 2034814.489121309947222 ], [ 371746.478390408388805, 2034784.484443235676736 ], [ 371746.478390408388805, 2034754.479765161406249 ], [ 371707.686746029474307, 2034715.686920346925035 ], [ 371635.250822611094918, 2034715.686920346925035 ], [ 371596.459178232064005, 2034754.479765161406249 ], [ 371596.459178232064005, 2034784.484443235676736 ], [ 371575.243323438044172, 2034805.700954569736496 ], [ 371557.667998096905649, 2034805.700954569736496 ], [ 371527.664248510380276, 2034775.696276495466009 ], [ 371467.656749337387737, 2034775.696276495466009 ], [ 371437.652999750862364, 2034745.691598421195522 ], [ 371377.645500577928033, 2034745.691598421195522 ], [ 371347.641750991460867, 2034715.686920346925035 ], [ 371287.634251818351913, 2034715.686920346925035 ], [ 371257.63050223182654, 2034685.682242272654548 ], [ 371227.626752645359375, 2034685.682242272654548 ], [ 371197.623003058834001, 2034655.677564198384061 ], [ 371167.619253472308628, 2034655.677564198384061 ], [ 371137.615503885783255, 2034625.672886124346405 ], [ 371107.611754299374297, 2034625.672886124346405 ], [ 371077.608004712907132, 2034595.668208050075918 ], [ 371047.604255126381759, 2034595.668208050075918 ], [ 371017.600505539914593, 2034565.663529975805432 ], [ 370987.596755953331012, 2034565.663529975805432 ], [ 370957.593006366805639, 2034535.658851901534945 ], [ 370927.589256780338474, 2034535.658851901534945 ], [ 370901.97955073666526, 2034510.048353346996009 ], [ 370867.581757607404143, 2034475.649495752993971 ], [ 370837.578008020820562, 2034475.649495752993971 ], [ 370781.964552390621975, 2034420.034319124184549 ], [ 370747.566759261360858, 2034385.635461530182511 ], [ 370717.563009674835484, 2034385.635461530182511 ], [ 370691.953303631220479, 2034360.024962975643575 ], [ 370661.949554044636898, 2034330.020284901605919 ], [ 370631.945804458111525, 2034300.015606827335432 ], [ 370601.942054871702567, 2034270.010928753064945 ], [ 370571.938305285118986, 2034240.006250678794459 ], [ 370541.934555698710028, 2034210.001572604523972 ], [ 370516.324657361779828, 2034184.39088175073266 ], [ 370516.324657361779828, 2034094.3768475279212 ], [ 370486.320907775254454, 2034064.372169453883544 ], [ 370486.320907775254454, 2034034.367491379613057 ], [ 370451.923306939192116, 2033999.968826084863394 ], [ 370421.919557352608535, 2033969.964148010592908 ], [ 370387.521764223347418, 2033935.565290416590869 ], [ 370327.514265050238464, 2033935.565290416590869 ], [ 370297.510515463713091, 2033905.560612342320383 ], [ 370237.50301629077876, 2033905.560612342320383 ], [ 370211.893310247163754, 2033879.950113787781447 ], [ 370177.495517117728014, 2033845.551256193779409 ], [ 370147.491767531260848, 2033845.551256193779409 ], [ 370121.882061487645842, 2033819.940757639240474 ], [ 370087.484268358210102, 2033785.541900045238435 ], [ 370057.480518771684729, 2033785.541900045238435 ], [ 370027.476769185159355, 2033755.537221971200779 ], [ 369997.473019598750398, 2033755.537221971200779 ], [ 369967.469270012283232, 2033725.532543896930292 ], [ 369937.465520425757859, 2033725.532543896930292 ], [ 369907.461770839290693, 2033695.527865822659805 ], [ 369877.458021252707113, 2033695.527865822659805 ], [ 369821.844565622508526, 2033639.912689193850383 ], [ 369791.840816036099568, 2033609.908011119579896 ], [ 369757.443022906663828, 2033575.509153525577858 ], [ 369727.439273320196662, 2033575.509153525577858 ], [ 369671.825817689998075, 2033519.893976896768436 ], [ 369646.21591935318429, 2033494.283286043209955 ], [ 369646.21591935318429, 2033455.490441228728741 ], [ 369607.424274974211585, 2033455.490441228728741 ], [ 369581.814568930596579, 2033429.879942674189806 ], [ 369521.807069757487625, 2033369.870586525648832 ], [ 369496.19717142067384, 2033344.259895671857521 ], [ 369496.19717142067384, 2033314.255217597587034 ], [ 369461.799570584495086, 2033279.856552302837372 ], [ 369436.189672247681301, 2033254.24586144904606 ], [ 369436.189672247681301, 2033224.241183374775574 ], [ 369401.792071411502548, 2033189.842518080258742 ], [ 369367.394278282125015, 2033155.443660486256704 ], [ 369277.383029522665311, 2033155.443660486256704 ], [ 369256.167174728645477, 2033134.227149152196944 ], [ 369256.167174728645477, 2033104.222471077926457 ], [ 369191.765824305941351, 2033039.819127708906308 ], [ 369157.368031176680233, 2033005.42027011490427 ], [ 369127.36428159015486, 2033005.42027011490427 ], [ 369101.754575546539854, 2032979.809771560365334 ], [ 369071.750825959956273, 2032949.805093486094847 ], [ 369041.7470763734309, 2032919.800415412057191 ], [ 369016.137178036617115, 2032894.18972455826588 ], [ 369016.137178036617115, 2032864.185046483995393 ], [ 368981.739577200438362, 2032829.786381189245731 ], [ 368951.735827614029404, 2032799.781703114975244 ], [ 368861.724578854395077, 2032709.767668892163783 ], [ 368836.114680517581291, 2032684.156978038372472 ], [ 368836.114680517581291, 2032654.152299964101985 ], [ 368801.717079681460746, 2032619.753634669585153 ], [ 368716.099682171538007, 2032534.133587667252868 ], [ 368716.099682171538007, 2032504.128909592982382 ], [ 368686.095932585070841, 2032474.124231518711895 ], [ 368686.095932585070841, 2032444.119553444441408 ], [ 368656.092182998545468, 2032414.114875370170921 ], [ 368656.092182998545468, 2032384.110197295900434 ], [ 368621.694582162424922, 2032349.711532001383603 ], [ 368561.687082989374176, 2032289.702175852842629 ], [ 368531.683333402965218, 2032259.697497778572142 ], [ 368501.679583816381637, 2032229.692819704301655 ], [ 368476.069685479567852, 2032204.082128850510344 ], [ 368476.069685479567852, 2032174.077450776239857 ], [ 368416.062186306517106, 2032114.068094627698883 ], [ 368416.062186306517106, 2032084.063416553428397 ], [ 368386.05843672004994, 2032054.05873847939074 ], [ 368386.05843672004994, 2032024.054060405120254 ], [ 368356.054687133524567, 2031994.049382330849767 ], [ 368356.054687133524567, 2031964.04470425657928 ], [ 368321.657086297462229, 2031929.646038961829618 ], [ 368296.047187960532028, 2031904.035348108038306 ], [ 368296.047187960532028, 2031874.030670033767819 ], [ 368266.043438374006655, 2031844.025991959497333 ], [ 368266.043438374006655, 2031814.021313885226846 ], [ 368236.039688787481282, 2031784.01663581118919 ], [ 368236.039688787481282, 2031754.011957736918703 ], [ 368206.035939201014116, 2031724.007279662648216 ], [ 368206.035939201014116, 2031694.002601588377729 ], [ 368171.638338364835363, 2031659.603936293628067 ], [ 368146.028440028021578, 2031633.993245439836755 ], [ 368146.028440028021578, 2031603.988567365566269 ], [ 368116.024690441496205, 2031573.983889291295782 ], [ 368116.024690441496205, 2031543.979211217025295 ], [ 368086.020940854970831, 2031513.974533142987639 ], [ 368086.020940854970831, 2031483.969855068717152 ], [ 368056.017191268503666, 2031453.965176994446665 ], [ 368056.017191268503666, 2031423.960498920176178 ], [ 368021.619590432324912, 2031389.561833625426516 ], [ 367996.009692095511127, 2031363.951142771635205 ], [ 367996.009692095511127, 2031333.946464697364718 ], [ 367966.005942508985754, 2031303.941786623094231 ], [ 367966.005942508985754, 2031273.937108548823744 ], [ 367936.002192922460381, 2031243.932430474553257 ], [ 367936.002192922460381, 2031213.927752400515601 ], [ 367905.998443335993215, 2031183.923074326245114 ], [ 367905.998443335993215, 2031123.913718177704141 ], [ 367875.994693749467842, 2031093.909040103433654 ], [ 367875.994693749467842, 2031063.904362029163167 ], [ 367845.990944163000677, 2031033.89968395489268 ], [ 367845.990944163000677, 2030973.890327806351706 ], [ 367815.987194576475304, 2030943.88564973231405 ], [ 367815.987194576475304, 2030913.880971658043563 ], [ 367785.98344498994993, 2030883.876293583773077 ], [ 367785.98344498994993, 2030853.87161550950259 ], [ 367755.979695403424557, 2030823.866937435232103 ], [ 367755.979695403424557, 2030793.862259360961616 ], [ 367725.975945816957392, 2030763.857581286691129 ], [ 367725.975945816957392, 2030733.852903212420642 ], [ 367695.972196230432019, 2030703.848225138150156 ], [ 367695.972196230432019, 2030643.838868989842013 ], [ 367661.57459539436968, 2030609.44020369509235 ], [ 367635.96469705743948, 2030583.829512841301039 ], [ 367635.96469705743948, 2030485.027311878278852 ], [ 367597.173052678466775, 2030485.027311878278852 ], [ 367575.957197884446941, 2030463.810800544219092 ], [ 367575.957197884446941, 2030373.796766321640462 ], [ 367537.165553505416028, 2030335.003921507159248 ], [ 367494.73337967362022, 2030335.003921507159248 ], [ 367464.729630087094847, 2030365.008599581429735 ], [ 367434.725880500627682, 2030365.008599581429735 ], [ 367404.722130914160516, 2030395.013277655467391 ], [ 367284.707132568059023, 2030395.013277655467391 ], [ 367254.70338298153365, 2030425.017955729737878 ], [ 367224.699633395066485, 2030425.017955729737878 ], [ 367190.301840265688952, 2030459.416813323739916 ], [ 367164.692134222015738, 2030485.027311878278852 ], [ 366984.669636703038123, 2030485.027311878278852 ], [ 366954.665887116512749, 2030515.031989952549338 ], [ 366915.874242737540044, 2030515.031989952549338 ], [ 366915.874242737540044, 2030583.829512841301039 ], [ 366885.870493151014671, 2030613.834190915571526 ], [ 366885.870493151014671, 2030643.838868989842013 ], [ 366864.654638357111253, 2030665.055380323668942 ], [ 366564.617142491915729, 2030665.055380323668942 ], [ 366530.219349362596404, 2030699.45423791767098 ], [ 366504.609643318981398, 2030725.064736472209916 ], [ 366465.817998939950485, 2030725.064736472209916 ], [ 366465.817998939950485, 2030763.857581286691129 ], [ 366444.602144145930652, 2030785.074092620750889 ], [ 366405.810499766957946, 2030785.074092620750889 ], [ 366405.810499766957946, 2030823.866937435232103 ], [ 366380.200601430085953, 2030849.477628289023414 ], [ 366354.590895386470947, 2030875.08812684356235 ], [ 366315.799251007440034, 2030875.08812684356235 ], [ 366315.799251007440034, 2030913.880971658043563 ], [ 366294.583396213420201, 2030935.097482992103323 ], [ 366264.579646627011243, 2030935.097482992103323 ], [ 366225.788002247922122, 2030973.890327806351706 ], [ 366225.788002247922122, 2031003.895005880622193 ], [ 366195.784252661454957, 2031033.89968395489268 ], [ 366195.784252661454957, 2031063.904362029163167 ], [ 366174.568397867435124, 2031085.120873363222927 ], [ 366024.549649934924673, 2031085.120873363222927 ], [ 365990.151856805547141, 2031119.519730957224965 ], [ 365964.542150761873927, 2031145.130229511763901 ], [ 365844.52715241588885, 2031145.130229511763901 ], [ 365810.129359286511317, 2031179.529087105765939 ], [ 365780.125609699985944, 2031209.533765180036426 ], [ 365750.121860113518778, 2031239.538443254074082 ], [ 365720.118110526993405, 2031269.543121328344569 ], [ 365694.508404483378399, 2031295.153619882883504 ], [ 365574.493406137393322, 2031295.153619882883504 ], [ 365544.489656550867949, 2031325.158297957153991 ], [ 365484.48215737787541, 2031325.158297957153991 ], [ 365454.478407791350037, 2031355.162976031424478 ], [ 365415.686763412377331, 2031355.162976031424478 ], [ 365415.686763412377331, 2031393.955820845905691 ], [ 365394.470908618357498, 2031415.172332179965451 ], [ 365364.467159031773917, 2031415.172332179965451 ], [ 365330.069365902454592, 2031449.57118977396749 ], [ 365304.459659858839586, 2031475.181688328506425 ], [ 365274.455910272372421, 2031475.181688328506425 ], [ 365244.452160685847048, 2031505.186366402776912 ], [ 365154.440911926387344, 2031505.186366402776912 ], [ 365115.649267547298223, 2031543.979211217025295 ], [ 365115.649267547298223, 2031573.983889291295782 ], [ 365094.43341275327839, 2031595.200400625355542 ], [ 365064.429663166811224, 2031595.200400625355542 ], [ 365034.425913580285851, 2031625.205078699626029 ], [ 364974.418414407235105, 2031625.205078699626029 ], [ 364940.02062127791578, 2031659.603936293628067 ], [ 364914.410915234300774, 2031685.214434848167002 ], [ 364824.399666474724654, 2031685.214434848167002 ], [ 364790.001873345405329, 2031719.61329244216904 ], [ 364734.38841771526495, 2031775.228469070978463 ], [ 364674.380918542330619, 2031775.228469070978463 ], [ 364644.377168955805246, 2031805.233147145016119 ], [ 364515.574275817256421, 2031805.233147145016119 ], [ 364515.574275817256421, 2031844.025991959497333 ], [ 364489.964377480384428, 2031869.636682813288644 ], [ 364464.354671436711214, 2031895.247181367827579 ], [ 364374.34342267725151, 2031895.247181367827579 ], [ 364339.945629547873978, 2031929.646038961829618 ], [ 364314.335923504200764, 2031955.256537516368553 ], [ 364275.544279125228059, 2031955.256537516368553 ], [ 364275.544279125228059, 2031994.049382330849767 ], [ 364254.328424331208225, 2032015.265893664909527 ], [ 364074.305926812114194, 2032015.265893664909527 ], [ 364039.908133682794869, 2032049.664751258911565 ], [ 364009.904384096327703, 2032079.669429332949221 ], [ 363984.29467805265449, 2032105.279927887488157 ], [ 363474.2309350821306, 2032105.279927887488157 ], [ 363444.227185495605227, 2032135.284605961758643 ], [ 363414.223435909138061, 2032135.284605961758643 ], [ 363379.825642779760528, 2032169.683463555760682 ], [ 363354.215936736087315, 2032195.293962110299617 ], [ 363084.182190457591787, 2032195.293962110299617 ], [ 363054.178440871066414, 2032225.298640184570104 ], [ 363024.174691284599248, 2032225.298640184570104 ], [ 362964.167192111548502, 2032285.307996333111078 ], [ 362904.159692938497756, 2032285.307996333111078 ], [ 362874.15594335203059, 2032315.312674407381564 ], [ 362814.148444179038052, 2032315.312674407381564 ], [ 362779.750651049660519, 2032349.711532001383603 ], [ 362754.140945006103721, 2032375.322030555689707 ], [ 362574.118447486951482, 2032375.322030555689707 ], [ 362544.114697900484316, 2032405.326708629960194 ], [ 362505.323053521511611, 2032405.326708629960194 ], [ 362505.323053521511611, 2032444.119553444441408 ], [ 362479.713155184639618, 2032469.730244298232719 ], [ 362454.103449140966404, 2032495.340742852771655 ], [ 362274.080951621988788, 2032495.340742852771655 ], [ 362239.683158492611255, 2032529.739600446773693 ], [ 362214.073452448938042, 2032555.350099001312628 ], [ 362064.054704516485799, 2032555.350099001312628 ], [ 362034.050954929960426, 2032585.354777075583115 ], [ 361944.039706170384306, 2032585.354777075583115 ], [ 361914.035956583917141, 2032615.359455149853602 ], [ 361854.02845741098281, 2032615.359455149853602 ], [ 361819.630664281605277, 2032649.75831274362281 ], [ 361794.020958237932064, 2032675.368811298161745 ], [ 361764.017208651464898, 2032675.368811298161745 ], [ 361734.013459064939525, 2032705.373489372432232 ], [ 361644.002210305421613, 2032705.373489372432232 ], [ 361613.99846071889624, 2032735.378167446702719 ], [ 361523.987211959320121, 2032735.378167446702719 ], [ 361489.589418830000795, 2032769.777025040704757 ], [ 361459.58566924353363, 2032799.781703114975244 ], [ 361433.975963199860416, 2032825.392201669514179 ], [ 361163.942216921364889, 2032825.392201669514179 ], [ 361133.938467334839515, 2032855.396879743784666 ], [ 361103.93471774837235, 2032855.396879743784666 ], [ 361039.533175032469444, 2032919.800415412057191 ], [ 361013.923468988912646, 2032945.410913966363296 ], [ 360606.299399023060687, 2032945.410913966363296 ], [ 360585.083544229099061, 2032924.194402632536367 ], [ 360585.083544229099061, 2032894.18972455826588 ], [ 360546.291899850184564, 2032855.396879743784666 ], [ 360336.265652744623367, 2032855.396879743784666 ], [ 360306.261903158097994, 2032825.392201669514179 ], [ 360126.23940563906217, 2032825.392201669514179 ], [ 360100.629699595388956, 2032799.781703114975244 ], [ 360075.019801258575171, 2032774.171012261183932 ], [ 360075.019801258575171, 2032744.166334186913446 ], [ 360045.016051672049798, 2032714.161656112642959 ], [ 360045.016051672049798, 2032675.368811298161745 ], [ 359976.220657706551719, 2032675.368811298161745 ], [ 359950.610951662878506, 2032649.75831274362281 ], [ 359925.001053326064721, 2032624.147621890064329 ], [ 359925.001053326064721, 2032594.142943815793842 ], [ 359894.997303739539348, 2032564.138265741523355 ], [ 359894.997303739539348, 2032525.345420927042142 ], [ 359856.205659360566642, 2032525.345420927042142 ], [ 359826.201909774041269, 2032495.340742852771655 ], [ 359736.190661014523357, 2032495.340742852771655 ], [ 359710.580954970850144, 2032469.730244298232719 ], [ 359669.968949718924705, 2032429.11698227818124 ], [ 359603.74723842315143, 2032495.340742852771655 ], [ 359573.743488836684264, 2032495.340742852771655 ], [ 359539.345695707306731, 2032529.739600446773693 ], [ 359509.341946120781358, 2032559.74427852104418 ], [ 359483.732240077166352, 2032585.354777075583115 ], [ 359453.728490490582772, 2032585.354777075583115 ], [ 359419.330697361263447, 2032619.753634669585153 ], [ 359384.933096525142901, 2032654.152299964101985 ], [ 359384.933096525142901, 2032684.156978038372472 ], [ 359348.715599052608013, 2032720.375596287660301 ], [ 359384.933096525142901, 2032756.59421453694813 ], [ 359384.933096525142901, 2032804.175690335454419 ], [ 359354.929346938675735, 2032834.180368409724906 ], [ 359354.929346938675735, 2032984.20375878084451 ], [ 359324.925597352150362, 2033014.208436855114996 ], [ 359324.925597352150362, 2033074.21779300365597 ], [ 359294.921847765624989, 2033104.222471077926457 ], [ 359294.921847765624989, 2033194.236505300737917 ], [ 359269.311949428752996, 2033219.847196154296398 ], [ 359243.702243385079782, 2033245.457694708835334 ], [ 359153.690994625620078, 2033245.457694708835334 ], [ 359114.899350246589165, 2033284.250539523316547 ], [ 359114.899350246589165, 2033404.269251820398495 ], [ 359084.895600660122, 2033434.273929894668981 ], [ 359084.895600660122, 2033494.283286043209955 ], [ 359059.285702323250007, 2033519.893976896768436 ], [ 359033.675996279576793, 2033545.504475451307371 ], [ 359003.672246693109628, 2033545.504475451307371 ], [ 358973.668497106584255, 2033575.509153525577858 ], [ 358943.664747520117089, 2033575.509153525577858 ], [ 358909.266954390739556, 2033609.908011119579896 ], [ 358879.263204804214183, 2033639.912689193850383 ], [ 358793.645999587548431, 2033725.532543896930292 ], [ 358703.634750828088727, 2033725.532543896930292 ], [ 358664.843106449057814, 2033764.325388711411506 ], [ 358664.843106449057814, 2033974.358135231072083 ], [ 358639.233208112185821, 2033999.968826084863394 ], [ 358604.835607276065275, 2034034.367491379613057 ], [ 358604.835607276065275, 2034094.3768475279212 ], [ 358574.831857689539902, 2034124.381525602191687 ], [ 358574.831857689539902, 2034184.39088175073266 ], [ 358549.221959352667909, 2034210.001572604523972 ], [ 358514.824358516547363, 2034244.400237899273634 ], [ 358514.824358516547363, 2034274.404915973544121 ], [ 358484.82060893002199, 2034304.409594047814608 ], [ 358484.82060893002199, 2034364.418950196122751 ], [ 358454.816859343554825, 2034394.423628270393237 ], [ 358454.816859343554825, 2034595.667743806261569 ], [ 358553.616002895520069, 2034595.667743806261569 ], [ 358574.831857689539902, 2034616.884255140321329 ], [ 358574.831857689539902, 2034766.907645511440933 ], [ 358613.623502068570815, 2034805.700490325922146 ], [ 358733.638500414555892, 2034805.700490325922146 ], [ 358759.248206458229106, 2034831.310988880461082 ], [ 358793.645999587490223, 2034865.70984647446312 ], [ 358973.668497106584255, 2034865.70984647446312 ], [ 359029.281952736782841, 2034921.325023103272542 ], [ 359059.285702323250007, 2034951.329701177310199 ], [ 359093.68349545262754, 2034985.728558771312237 ], [ 359123.687245039094705, 2034985.728558771312237 ], [ 359153.690994625620078, 2035015.733236845582724 ], [ 359436.153165149560664, 2035015.733236845582724 ], [ 359470.550958278879989, 2034981.334379251580685 ], [ 359504.948559115000535, 2034946.935713956831023 ], [ 359504.948559115000535, 2034766.907645511440933 ], [ 359530.558457451872528, 2034741.296954657649621 ], [ 359560.562207038397901, 2034711.292276583379135 ], [ 359586.171913082012907, 2034685.681778028840199 ], [ 359706.186911427939776, 2034685.681778028840199 ], [ 359744.978555807028897, 2034646.888933214591816 ], [ 359744.978555807028897, 2034616.884255140321329 ], [ 359770.58845414390089, 2034591.273564286530018 ], [ 359796.198160187515896, 2034565.663065731991082 ], [ 359813.773485528712627, 2034565.663065731991082 ], [ 359839.38319157238584, 2034591.273564286530018 ], [ 359869.386941158794798, 2034621.278242360800505 ], [ 359903.784734288230538, 2034655.677099954802543 ], [ 359933.788483874755912, 2034655.677099954802543 ], [ 359963.792233461281285, 2034685.681778028840199 ], [ 360023.799732634215616, 2034685.681778028840199 ], [ 360053.803482220740989, 2034715.686456103110686 ], [ 360083.807231807208154, 2034715.686456103110686 ], [ 360113.810981393733528, 2034745.691134177381173 ], [ 360203.822230153193232, 2034745.691134177381173 ], [ 360233.825979739660397, 2034775.69581225165166 ], [ 360263.829729326243978, 2034775.69581225165166 ], [ 360293.833478912769351, 2034805.700490325922146 ], [ 360323.837228499236517, 2034805.700490325922146 ], [ 360353.840978085703682, 2034835.705168400192633 ], [ 360413.848477258754428, 2034835.705168400192633 ], [ 360435.064332052774262, 2034856.921679734252393 ], [ 360435.064332052774262, 2034904.503155532758683 ], [ 360409.454433715902269, 2034930.113846386317164 ], [ 360375.056832879781723, 2034964.512511681066826 ], [ 360375.056832879781723, 2034994.517189755337313 ], [ 360349.44693454290973, 2035020.127880609128624 ], [ 360319.443184956384357, 2035050.132558683399111 ], [ 360285.045584120263811, 2035084.531223978148773 ], [ 360285.045584120263811, 2035114.53590205241926 ], [ 360255.041834533738438, 2035144.540580126689747 ], [ 360255.041834533738438, 2035174.545258200960234 ], [ 360225.038084947213065, 2035204.549936275230721 ], [ 360225.038084947213065, 2035354.573326646350324 ], [ 360199.428186610341072, 2035380.184017500141636 ], [ 360165.030585774220526, 2035414.582682794891298 ], [ 360165.030585774220526, 2035444.587360869161785 ], [ 360139.420687437348533, 2035470.198051722953096 ], [ 360113.810981393791735, 2035495.808550277259201 ], [ 360083.807231807149947, 2035495.808550277259201 ], [ 360045.015587428235449, 2035534.601395091740415 ], [ 360045.015587428235449, 2035564.606073166010901 ], [ 360015.011837841710076, 2035594.610751240281388 ], [ 360015.011837841710076, 2035654.620107388822362 ], [ 359985.00808825524291, 2035684.624785463092849 ], [ 359985.00808825524291, 2035847.076056184247136 ], [ 360023.799732634157408, 2035885.86890099872835 ], [ 360053.803482220682781, 2035885.86890099872835 ], [ 360083.807231807149947, 2035915.873579072998837 ], [ 360113.810981393733528, 2035915.873579072998837 ], [ 360139.420687437406741, 2035941.484077627537772 ], [ 360169.424437023815699, 2035971.488755701808259 ], [ 360203.822230153251439, 2036005.887613295810297 ], [ 360233.825979739718605, 2036005.887613295810297 ], [ 360263.829729326243978, 2036035.892291370080784 ], [ 360293.833478912769351, 2036035.892291370080784 ], [ 360319.443184956442565, 2036061.502789924619719 ], [ 360349.44693454290973, 2036091.507467998657376 ], [ 360375.056832879781723, 2036117.118158852448687 ], [ 360375.056832879781723, 2036275.929715964011848 ], [ 360413.848477258754428, 2036275.929715964011848 ], [ 360435.064332052774262, 2036297.146227298071608 ], [ 360435.064332052774262, 2036314.723025022307411 ], [ 360405.060582466248889, 2036344.727703096577898 ], [ 360405.060582466248889, 2036635.985852855024859 ], [ 360443.852226845338009, 2036635.985852855024859 ], [ 360473.855976431863382, 2036665.990530929062515 ], [ 360615.087293815624435, 2036665.990530929062515 ], [ 360615.087293815624435, 2036627.197686114814132 ], [ 360636.303148609644268, 2036605.981174780754372 ], [ 360773.893472296826076, 2036605.981174780754372 ], [ 360803.897221883351449, 2036635.985852855024859 ], [ 361103.934717748430558, 2036635.985852855024859 ], [ 361129.544423791987356, 2036661.596351409330964 ], [ 361155.154322128859349, 2036687.207042263122275 ], [ 361155.154322128859349, 2036944.821264581289142 ], [ 361125.150572542333975, 2036974.825942655559629 ], [ 361125.150572542333975, 2037077.267857228405774 ], [ 361155.154322128859349, 2037107.27253530267626 ], [ 361155.154322128859349, 2037124.849333026912063 ], [ 361125.150572542333975, 2037154.85401110118255 ], [ 361125.150572542333975, 2037214.863367249490693 ], [ 361095.14682295586681, 2037244.86804532376118 ], [ 361095.14682295586681, 2037274.872723398031667 ], [ 361065.143073369341437, 2037304.877401472302154 ], [ 361065.143073369341437, 2037334.882079546572641 ], [ 361035.139323782816064, 2037364.886757620843127 ], [ 361035.139323782816064, 2037424.896113769384101 ], [ 361005.135574196348898, 2037454.900791843654588 ], [ 361005.135574196348898, 2038007.412877530092373 ], [ 361035.139323782816064, 2038037.41755560436286 ], [ 361035.139323782816064, 2038097.426911752671003 ], [ 361065.143073369341437, 2038127.43158982694149 ], [ 361065.143073369341437, 2038157.436267901211977 ], [ 361099.54067420552019, 2038191.834933195961639 ], [ 361129.544423791929148, 2038221.839611270232126 ], [ 361155.154322128859349, 2038247.450302124023438 ], [ 361155.154322128859349, 2038277.454980198293924 ], [ 361189.551922964921687, 2038311.853645493043587 ], [ 361219.555672551505268, 2038341.858323567314073 ], [ 361245.16557088837726, 2038367.469014420872554 ], [ 361245.16557088837726, 2038397.473692495143041 ], [ 361279.563171724556014, 2038431.872357789892703 ], [ 361309.566921310964972, 2038461.87703586416319 ], [ 361335.176819647895172, 2038487.487726717954502 ], [ 361335.176819647895172, 2038517.492404792224988 ], [ 361369.57442048395751, 2038551.891070086974651 ], [ 361429.581919657066464, 2038611.900426235515624 ], [ 361459.58566924353363, 2038641.90510430955328 ], [ 361485.195567580405623, 2038667.515795163344592 ], [ 361485.195567580405623, 2038697.520473237615079 ], [ 361519.593168416467961, 2038731.919138532364741 ], [ 361575.206816339923535, 2038787.534507460426539 ], [ 361575.206816339923535, 2038817.539185534697026 ], [ 361609.604417175985873, 2038851.937850829446688 ], [ 361635.214315512916073, 2038877.548541683238 ], [ 361635.214315512916073, 2038907.553219757508487 ], [ 361665.218065099383239, 2038937.557897831546143 ], [ 361665.218065099383239, 2038967.56257590581663 ], [ 361725.225564272433985, 2039027.571932054357603 ], [ 361725.225564272433985, 2039057.57661012862809 ], [ 361755.229313858959358, 2039087.581288202898577 ], [ 361755.229313858959358, 2039117.585966277169064 ], [ 361789.626914695021696, 2039151.984631571918726 ], [ 361824.024707824457437, 2039186.383489165920764 ], [ 362046.479379175289068, 2039186.383489165920764 ], [ 362076.483128761814442, 2039156.378811091650277 ], [ 362145.27852272731252, 2039156.378811091650277 ], [ 362145.27852272731252, 2039117.585966277169064 ], [ 362170.888421064184513, 2039091.975275423377752 ], [ 362230.895920237177052, 2039031.965919274836779 ], [ 362260.899669823702425, 2039001.961241200566292 ], [ 362295.297270659822971, 2038967.56257590581663 ], [ 362295.297270659822971, 2038937.557897831546143 ], [ 362320.907168996636756, 2038911.947206977987662 ], [ 362385.308519419340882, 2038847.543863608967513 ], [ 362385.308519419340882, 2038817.539185534697026 ], [ 362410.918417756212875, 2038791.928494680905715 ], [ 362440.922167342738248, 2038761.923816606635228 ], [ 362470.925916929205414, 2038731.919138532364741 ], [ 362496.535622972878627, 2038706.308639977825806 ], [ 362526.539372559345793, 2038706.308639977825806 ], [ 362560.937165688723326, 2038671.909782383823767 ], [ 362586.546871732396539, 2038646.299283829284832 ], [ 362616.550621318805497, 2038646.299283829284832 ], [ 362646.554370905272663, 2038616.294605755247176 ], [ 362706.561870078439824, 2038616.294605755247176 ], [ 362736.56561966490699, 2038586.289927680976689 ], [ 362856.580618010892067, 2038586.289927680976689 ], [ 362886.58436759741744, 2038556.285249606706202 ], [ 362916.588117183884606, 2038556.285249606706202 ], [ 362950.985910313262139, 2038521.886392012704164 ], [ 362985.383511149382684, 2038487.487726717954502 ], [ 362985.383511149382684, 2038457.483048643684015 ], [ 363040.99715907278005, 2038401.867679715622216 ], [ 363071.000908659305423, 2038371.86300164135173 ], [ 363105.398509495425969, 2038337.464336346834898 ], [ 363105.398509495425969, 2038307.459658272564411 ], [ 363135.402259081893135, 2038277.454980198293924 ], [ 363135.402259081893135, 2038247.450302124023438 ], [ 363165.406008668418508, 2038217.445624049752951 ], [ 363165.406008668418508, 2038187.440945975482464 ], [ 363195.409758254943881, 2038157.436267901211977 ], [ 363195.409758254943881, 2038127.43158982694149 ], [ 363225.413507841411047, 2038097.426911752671003 ], [ 363225.413507841411047, 2038067.422233678633347 ], [ 363246.62936263543088, 2038046.205722344573587 ], [ 363264.204687976569403, 2038046.205722344573587 ], [ 363285.420542770589236, 2038067.422233678633347 ], [ 363285.420542770589236, 2038157.436267901211977 ], [ 363315.424292357114609, 2038187.440945975482464 ], [ 363315.424292357114609, 2038277.454980198293924 ], [ 363345.428041943639982, 2038307.459658272564411 ], [ 363345.428041943639982, 2038415.050490219378844 ], [ 363315.424292357114609, 2038445.055168293649331 ], [ 363315.424292357114609, 2038685.092592887580395 ], [ 363285.420542770589236, 2038715.097270961850882 ], [ 363285.420542770589236, 2038775.106627110391855 ], [ 363255.416793184063863, 2038805.111305184662342 ], [ 363255.416793184063863, 2038835.115983258932829 ], [ 363229.80689484719187, 2038860.72667411272414 ], [ 363199.803145260724705, 2038890.731352186994627 ], [ 363165.405544424604159, 2038925.130017481511459 ], [ 363165.405544424604159, 2038955.134695555781946 ], [ 363135.401794838078786, 2038985.139373630052432 ], [ 363135.401794838078786, 2039045.148729778593406 ], [ 363105.398045251553413, 2039075.153407852863893 ], [ 363105.398045251553413, 2039135.162764001404867 ], [ 363075.394295665086247, 2039165.167442075675353 ], [ 363075.394295665086247, 2039225.176798223983496 ], [ 363045.390546078560874, 2039255.181476298253983 ], [ 363045.390546078560874, 2039285.18615437252447 ], [ 363015.386796492093708, 2039315.190832446794957 ], [ 363015.386796492093708, 2039375.200188595335931 ], [ 362985.383046905568335, 2039405.204866669606417 ], [ 362985.383046905568335, 2040587.815191915258765 ], [ 363015.386796492093708, 2040617.819869989529252 ], [ 363015.386796492093708, 2040767.843260360648856 ], [ 363045.390546078560874, 2040797.847938434919342 ], [ 363045.390546078560874, 2040887.861972657730803 ], [ 363079.788146914739627, 2040922.260637952247635 ], [ 363105.398045251553413, 2040947.871328806038946 ], [ 363105.398045251553413, 2040977.876006880309433 ], [ 363135.401794838078786, 2041007.88068495457992 ], [ 363135.401794838078786, 2041037.885363028850406 ], [ 363169.799395674257539, 2041072.284028323600069 ], [ 363199.803145260666497, 2041102.288706397870556 ], [ 363225.413043597596698, 2041127.899397251661867 ], [ 363225.413043597596698, 2041157.904075325932354 ], [ 363255.416793184063863, 2041187.908753400202841 ], [ 363255.416793184063863, 2041367.936821845592931 ], [ 363285.420542770589236, 2041397.941499919863418 ], [ 363285.420542770589236, 2041547.964890290983021 ], [ 363315.424292357114609, 2041577.969568365253508 ], [ 363315.424292357114609, 2041607.974246439523995 ], [ 363345.428041943639982, 2041637.978924513794482 ], [ 363345.428041943639982, 2041848.011671033455059 ], [ 363375.431791530107148, 2041878.016349107725546 ], [ 363375.431791530107148, 2041908.021027181996033 ], [ 363405.435541116632521, 2041938.025705256266519 ], [ 363405.435541116632521, 2041968.030383330537006 ], [ 363444.227185495547019, 2042006.82322814501822 ], [ 363474.2309350821306, 2042006.82322814501822 ], [ 363504.234684668655973, 2042036.827906219288707 ], [ 363534.238434255181346, 2042036.827906219288707 ], [ 363559.848140298796352, 2042062.438404773594812 ], [ 363585.458038635610137, 2042088.049095627386123 ], [ 363585.458038635610137, 2042298.081842147279531 ], [ 363619.855639471788891, 2042332.480507441796362 ], [ 363645.465537808660883, 2042358.091198295587674 ], [ 363645.465537808660883, 2042448.105232518399134 ], [ 363675.469287395128049, 2042478.109910592669621 ], [ 363675.469287395128049, 2042508.114588666940108 ], [ 363709.866888231306802, 2042542.51325396168977 ], [ 363739.87063781771576, 2042572.517932035960257 ], [ 363765.480536154645961, 2042598.128622889751568 ], [ 363765.480536154645961, 2042628.133300963789225 ], [ 363825.488035327696707, 2042688.142657112330198 ], [ 363825.488035327696707, 2042718.147335186600685 ], [ 363859.885636163759045, 2042752.546000481350347 ], [ 363889.889385750342626, 2042782.550678555620834 ], [ 363924.287178879603744, 2042816.949536149622872 ], [ 363954.290928466187324, 2042816.949536149622872 ], [ 363984.294678052712698, 2042846.954214223893359 ], [ 364014.298427639179863, 2042846.954214223893359 ], [ 364044.302177225705236, 2042876.958892298163846 ], [ 364074.305926812230609, 2042876.958892298163846 ], [ 364095.521781606192235, 2042898.175403631990775 ], [ 364095.521781606192235, 2042928.180081706261262 ], [ 364125.525531192717608, 2042958.184759780531749 ], [ 364125.525531192717608, 2042988.189437854802236 ], [ 364155.529280779184774, 2043018.194115929072723 ], [ 364155.529280779184774, 2043078.203472077613696 ], [ 364185.533030365710147, 2043108.208150151884183 ], [ 364185.533030365710147, 2043168.217506300425157 ], [ 364219.930631201830693, 2043202.616171594941989 ], [ 364254.328424331208225, 2043237.015029188944027 ], [ 364284.332173917733599, 2043237.015029188944027 ], [ 364314.335923504258972, 2043267.019707263214514 ], [ 364434.350921850244049, 2043267.019707263214514 ], [ 364464.354671436769422, 2043297.024385337485 ], [ 364776.820591547118966, 2043297.024385337485 ], [ 364806.824341133644339, 2043267.019707263214514 ], [ 364866.831840306695085, 2043267.019707263214514 ], [ 364896.835589893162251, 2043237.015029188944027 ], [ 364926.839339479629416, 2043237.015029188944027 ], [ 364961.237132609006949, 2043202.616171594941989 ], [ 364986.846838652563747, 2043177.005673040635884 ], [ 365004.422163993876893, 2043177.005673040635884 ], [ 365030.031870037433691, 2043202.616171594941989 ], [ 365055.641768374305684, 2043228.2268624487333 ], [ 365055.641768374305684, 2043335.817694395780563 ], [ 365025.638018787780311, 2043365.82237247005105 ], [ 365025.638018787780311, 2043395.827050544321537 ], [ 365000.028120450908318, 2043421.437741398112848 ], [ 364970.024370864441153, 2043451.442419472150505 ], [ 364935.626770028320607, 2043485.841084766900167 ], [ 364935.626770028320607, 2043515.845762841170654 ], [ 364880.013122104923241, 2043571.461131769232452 ], [ 364850.009372518397868, 2043601.465809843502939 ], [ 364820.005622931930702, 2043631.470487917773426 ], [ 364785.608022095810156, 2043665.869153212523088 ], [ 364785.608022095810156, 2043725.878509361064062 ], [ 364755.604272509284783, 2043755.883187435101718 ], [ 364755.604272509284783, 2043785.887865509372205 ], [ 364725.60052292275941, 2043815.892543583642691 ], [ 364725.60052292275941, 2044038.353170453337952 ], [ 364755.604272509284783, 2044068.357848527608439 ], [ 364755.604272509284783, 2044128.367204676149413 ], [ 364785.608022095810156, 2044158.3718827504199 ], [ 364785.608022095810156, 2044188.376560824690387 ], [ 364815.611771682277322, 2044218.381238898960873 ], [ 364815.611771682277322, 2044248.38591697323136 ], [ 364845.615521268802695, 2044278.390595047501847 ], [ 364845.615521268802695, 2044308.395273121772334 ], [ 364880.013122104923241, 2044342.793938416289166 ], [ 364905.623020441795234, 2044368.404629270080477 ], [ 364905.623020441795234, 2044398.409307344350964 ], [ 364935.626770028320607, 2044428.413985418621451 ], [ 364935.626770028320607, 2044488.423341567162424 ], [ 364959.41677172872005, 2044512.214079466415569 ], [ 364935.626770028320607, 2044536.004817365668714 ], [ 364935.626770028320607, 2044566.009495439939201 ], [ 364910.016871691448614, 2044591.620186293497682 ], [ 364880.013122104923241, 2044621.624864367768168 ], [ 364850.009372518397868, 2044651.629542442038655 ], [ 364824.399666474782862, 2044677.240040996577591 ], [ 364794.395916888315696, 2044677.240040996577591 ], [ 364755.604272509284783, 2044716.032885811058804 ], [ 364755.604272509284783, 2044998.502868829295039 ], [ 364785.608022095810156, 2045028.507546903565526 ], [ 364785.608022095810156, 2045088.5169030521065 ], [ 364820.005622931872495, 2045122.915568346856162 ], [ 364850.009372518456075, 2045152.920246421126649 ], [ 364880.013122104923241, 2045182.924924495164305 ], [ 364905.623020441795234, 2045208.535615348955616 ], [ 364905.623020441795234, 2045286.121769221732393 ], [ 364875.61927085526986, 2045316.12644729600288 ], [ 364875.61927085526986, 2045487.365884757367894 ], [ 365064.429663166811224, 2045487.365884757367894 ], [ 365094.433412753336597, 2045517.370562831638381 ], [ 365406.899332863686141, 2045517.370562831638381 ], [ 365436.903082450211514, 2045487.365884757367894 ], [ 365496.910581623145845, 2045487.365884757367894 ], [ 365526.91433120961301, 2045457.361206683330238 ], [ 365724.51215406996198, 2045457.361206683330238 ], [ 365754.515903656429145, 2045487.365884757367894 ], [ 365784.519653242838103, 2045487.365884757367894 ], [ 365810.129359286453109, 2045512.976383311906829 ], [ 365900.140608046087436, 2045602.99041753471829 ], [ 365925.750506382901222, 2045628.601108388509601 ], [ 365925.750506382901222, 2045667.393953202990815 ], [ 365964.542150761873927, 2045667.393953202990815 ], [ 365994.545900348341092, 2045697.398631277261302 ], [ 366024.549649934924673, 2045697.398631277261302 ], [ 366054.553399521450046, 2045727.403309351531789 ], [ 366114.560898694500793, 2045727.403309351531789 ], [ 366140.170604738057591, 2045753.013807905837893 ], [ 366174.568397867435124, 2045787.412665499839932 ], [ 366204.572147453902289, 2045787.412665499839932 ], [ 366234.575897040369455, 2045817.417343574110419 ], [ 366384.594644972938113, 2045817.417343574110419 ], [ 366414.598394559405278, 2045847.422021648380905 ], [ 366444.602144145930652, 2045847.422021648380905 ], [ 366465.817998939950485, 2045868.638532982440665 ], [ 366465.817998939950485, 2045898.643211056711152 ], [ 366530.219349362654611, 2045963.046554425731301 ], [ 366560.223098949063569, 2045993.051232500001788 ], [ 366594.62089207849931, 2046027.450090094003826 ], [ 366624.624641665024683, 2046027.450090094003826 ], [ 366650.234347708639689, 2046053.060588648309931 ], [ 366680.238097295165062, 2046083.065266722580418 ], [ 366710.24184688157402, 2046113.069944796850905 ], [ 366740.245596468157601, 2046143.074622871121392 ], [ 366770.249346054566558, 2046173.079300945391878 ], [ 366825.862993978022132, 2046228.694669873453677 ], [ 366825.862993978022132, 2046267.48751468793489 ], [ 367027.101810534950346, 2046267.48751468793489 ], [ 367065.893454913864844, 2046228.694669873453677 ], [ 367065.893454913864844, 2046198.68999179918319 ], [ 367091.503353250736836, 2046173.079300945391878 ], [ 367117.11305929441005, 2046147.468802390852943 ], [ 367164.692134222015738, 2046147.468802390852943 ], [ 367194.695883808482904, 2046177.47348046512343 ], [ 367344.714631741051562, 2046177.47348046512343 ], [ 367374.718381327518728, 2046207.478158539393917 ], [ 367404.722130914044101, 2046207.478158539393917 ], [ 367425.937985708063934, 2046228.694669873453677 ], [ 367425.937985708063934, 2046258.699347947724164 ], [ 367455.941735294589307, 2046288.70402602199465 ], [ 367455.941735294589307, 2046357.50154891051352 ], [ 367674.755877192597836, 2046357.50154891051352 ], [ 367704.759626779123209, 2046387.506226984784007 ], [ 367764.767125952115748, 2046387.506226984784007 ], [ 367794.770875538641121, 2046417.510905059054494 ], [ 367996.009692095511127, 2046417.510905059054494 ], [ 367996.009692095511127, 2046378.71806024457328 ], [ 368017.22554688953096, 2046357.50154891051352 ], [ 368034.800872230611276, 2046357.50154891051352 ], [ 368060.410578274226282, 2046383.112047465052456 ], [ 368120.418077447335236, 2046443.121403613593429 ], [ 368154.815870576596353, 2046477.520261207595468 ], [ 368214.8233697496471, 2046477.520261207595468 ], [ 368244.827119336172473, 2046507.524939281865954 ], [ 368424.849616855208296, 2046507.524939281865954 ], [ 368454.853366441733669, 2046537.529617356136441 ], [ 368544.864615201193374, 2046537.529617356136441 ], [ 368566.080469995213207, 2046558.746128690196201 ], [ 368566.080469995213207, 2046588.750806764466688 ], [ 368596.08421958173858, 2046618.755484838504344 ], [ 368596.08421958173858, 2046648.760162912774831 ], [ 368626.087969168205746, 2046678.764840987045318 ], [ 368626.087969168205746, 2046738.774197135586292 ], [ 368656.091718754731119, 2046768.778875209856778 ], [ 368656.091718754731119, 2046786.355672934092581 ], [ 368626.087969168205746, 2046816.360351008363068 ], [ 368626.087969168205746, 2047308.86308054625988 ], [ 368656.091718754731119, 2047338.867758620530367 ], [ 368656.091718754731119, 2047368.872436694800854 ], [ 368686.095468341198284, 2047398.877114769071341 ], [ 368686.095468341198284, 2047548.900505140190944 ], [ 368716.099217927723657, 2047578.905183214461431 ], [ 368716.099217927723657, 2047608.909861288731918 ], [ 368746.102967514249031, 2047638.914539363002405 ], [ 368746.102967514249031, 2047698.923895511543378 ], [ 368776.106717100774404, 2047728.928573585813865 ], [ 368776.106717100774404, 2047788.937929734122008 ], [ 368806.110466687241569, 2047818.942607808392495 ], [ 368806.110466687241569, 2047968.965998179744929 ], [ 368836.114216273708735, 2047998.970676254015416 ], [ 368836.114216273708735, 2048058.980032402323559 ], [ 368866.117965860234108, 2048088.984710476594046 ], [ 368866.117965860234108, 2048136.566186275100335 ], [ 368836.114216273708735, 2048166.570864349370822 ], [ 368836.114216273708735, 2048226.580220497911796 ], [ 368806.110466687241569, 2048256.584898572182283 ], [ 368806.110466687241569, 2048286.589576646219939 ], [ 368776.106717100774404, 2048316.594254720490426 ], [ 368776.106717100774404, 2048346.598932794760913 ], [ 368746.102967514249031, 2048376.603610869031399 ], [ 368746.102967514249031, 2048569.059559664689004 ], [ 368776.106717100774404, 2048599.064237738726661 ], [ 368776.106717100774404, 2048629.068915812997147 ], [ 368840.508067523303907, 2048693.472259182017297 ], [ 368866.117965860234108, 2048719.082950035808608 ], [ 368866.117965860234108, 2048736.659747760044411 ], [ 368836.114216273708735, 2048766.664425834314898 ], [ 368836.114216273708735, 2048826.673781982855871 ], [ 368806.110466687241569, 2048856.678460056893528 ], [ 368806.110466687241569, 2048997.913219444220886 ], [ 368874.905860652739648, 2048997.913219444220886 ], [ 368904.909610239265021, 2049027.917897518491372 ], [ 368934.913359825732186, 2049027.917897518491372 ], [ 368964.917109412199352, 2049057.922575592761859 ], [ 369067.356782417104114, 2049057.922575592761859 ], [ 369101.754575546481647, 2049023.523717998759821 ], [ 369127.36428159015486, 2048997.913219444220886 ], [ 369264.954605277278461, 2048997.913219444220886 ], [ 369290.564311320951674, 2049023.523717998759821 ], [ 369324.962104450212792, 2049057.922575592761859 ], [ 369354.965854036796372, 2049057.922575592761859 ], [ 369384.969603623321746, 2049087.927253667032346 ], [ 369414.973353209788911, 2049087.927253667032346 ], [ 369440.583059253403917, 2049113.537752221571282 ], [ 369470.586808839987498, 2049143.542430295841768 ], [ 369504.984601969365031, 2049177.941287889610976 ], [ 369534.988351555832196, 2049177.941287889610976 ], [ 369560.59805759950541, 2049203.551786444149911 ], [ 369590.601807185914367, 2049233.556464518420398 ], [ 369624.999600315350108, 2049267.955322112422436 ] ] ] } },
{ "type": "Feature", "properties": { "OBJECTID": 11, "乡镇名": "林旺镇", "面积km2": 118.936 }, "geometry": { "type": "MultiPolygon", "coordinates": [ [ [ [ 361116.363141993700992, 2032855.396415499970317 ], [ 361146.366891580168158, 2032855.396415499970317 ], [ 361176.370641166693531, 2032825.39173742569983 ], [ 361446.404387445305474, 2032825.39173742569983 ], [ 361480.802180574624799, 2032790.992879831697792 ], [ 361510.805930161091965, 2032760.988201757427305 ], [ 361536.415636204765178, 2032735.37770320288837 ], [ 361626.426884964224882, 2032735.37770320288837 ], [ 361656.430634550750256, 2032705.373025128617883 ], [ 361746.441883310268167, 2032705.373025128617883 ], [ 361776.445632896793541, 2032675.368347054347396 ], [ 361806.449382483202498, 2032675.368347054347396 ], [ 361840.847175612638239, 2032640.969489460578188 ], [ 361866.456881656311452, 2032615.358990906039253 ], [ 361926.464380829362199, 2032615.358990906039253 ], [ 361956.468130415829364, 2032585.354312831768766 ], [ 362046.479379175289068, 2032585.354312831768766 ], [ 362076.483128761814442, 2032555.349634757498279 ], [ 362226.5018766943831, 2032555.349634757498279 ], [ 362260.899669823702425, 2032520.950777163496241 ], [ 362286.509375867317431, 2032495.340278608957306 ], [ 362466.531873386411462, 2032495.340278608957306 ], [ 362505.32351776532596, 2032456.547433794476092 ], [ 362505.32351776532596, 2032426.542755720205605 ], [ 362526.539372559345793, 2032405.326244386145845 ], [ 362556.543122145812958, 2032405.326244386145845 ], [ 362586.546871732280124, 2032375.321566312108189 ], [ 362766.569369251432363, 2032375.321566312108189 ], [ 362800.967162380751688, 2032340.922708718106151 ], [ 362826.576868424366694, 2032315.312210163567215 ], [ 362886.584367597475648, 2032315.312210163567215 ], [ 362916.588117183942813, 2032285.307532089296728 ], [ 362976.595616356877144, 2032285.307532089296728 ], [ 363036.603115529927891, 2032225.298175940755755 ], [ 363066.606865116395056, 2032225.298175940755755 ], [ 363096.610614702920429, 2032195.293497866485268 ], [ 363366.644360981532373, 2032195.293497866485268 ], [ 363401.042154110851698, 2032160.89464027248323 ], [ 363426.651860154466704, 2032135.284141717944294 ], [ 363456.655609740933869, 2032135.284141717944294 ], [ 363486.659359327459242, 2032105.279463643673807 ], [ 363996.723102297983132, 2032105.279463643673807 ], [ 364031.120895427360665, 2032070.8806060499046 ], [ 364061.124645013886038, 2032040.875927975634113 ], [ 364086.734351057559252, 2032015.265429421095178 ], [ 364275.544743369042408, 2032015.265429421095178 ], [ 364275.544743369042408, 2031976.472584606613964 ], [ 364296.760598163062241, 2031955.256073272554204 ], [ 364326.764347749645822, 2031955.256073272554204 ], [ 364361.162140878965147, 2031920.857215678552166 ], [ 364386.771846922580153, 2031895.24671712401323 ], [ 364476.783095682156272, 2031895.24671712401323 ], [ 364515.57474006107077, 2031856.453872309532017 ], [ 364515.57474006107077, 2031826.44919423526153 ], [ 364536.790594855032396, 2031805.2326829014346 ], [ 364656.805593201075681, 2031805.2326829014346 ], [ 364686.809342787601054, 2031775.228004827164114 ], [ 364746.816841960593592, 2031775.228004827164114 ], [ 364811.218384676496498, 2031710.824469158891588 ], [ 364836.828090720169712, 2031685.213970604352653 ], [ 364926.839339479629416, 2031685.213970604352653 ], [ 364961.237132609006949, 2031650.815113010350615 ], [ 364986.846838652680162, 2031625.204614455811679 ], [ 365046.854337825614493, 2031625.204614455811679 ], [ 365076.858087412139867, 2031595.199936381541193 ], [ 365115.64973179117078, 2031595.199936381541193 ], [ 365115.64973179117078, 2031556.407091567059979 ], [ 365141.259630127984565, 2031530.796400713501498 ], [ 365166.869336171657778, 2031505.185902158962563 ], [ 365256.88058493117569, 2031505.185902158962563 ], [ 365286.884334517701063, 2031475.181224084692076 ], [ 365316.888084104168229, 2031475.181224084692076 ], [ 365351.285877233545762, 2031440.782366490690038 ], [ 365376.895583277218975, 2031415.171867936151102 ], [ 365415.687227656191681, 2031415.171867936151102 ], [ 365415.687227656191681, 2031376.379023121669888 ], [ 365436.903082450211514, 2031355.162511787610129 ], [ 365466.906832036678679, 2031355.162511787610129 ], [ 365496.910581623204052, 2031325.157833713339642 ], [ 365556.918080796196591, 2031325.157833713339642 ], [ 365586.921830382721964, 2031295.153155639069155 ], [ 365706.936828728707042, 2031295.153155639069155 ], [ 365741.334621858084574, 2031260.754298045067117 ], [ 365771.33837144455174, 2031230.74961997102946 ], [ 365801.342121031077113, 2031200.744941896758974 ], [ 365831.345870617602486, 2031170.740263822488487 ], [ 365856.955576661217492, 2031145.129765267949551 ], [ 365976.970575007318985, 2031145.129765267949551 ], [ 366011.36836813663831, 2031110.730907673947513 ], [ 366036.978074180253316, 2031085.120409119408578 ], [ 366195.784716905269306, 2031085.120409119408578 ], [ 366195.784716905269306, 2031046.327564304927364 ], [ 366225.788466491794679, 2031016.322886230656877 ], [ 366225.788466491794679, 2030986.31820815638639 ], [ 366251.398364828608464, 2030960.70751730282791 ], [ 366277.008070872281678, 2030935.097018748288974 ], [ 366315.799715251254383, 2030935.097018748288974 ], [ 366315.799715251254383, 2030896.30417393380776 ], [ 366337.015570045274217, 2030875.087662599748001 ], [ 366367.01931963179959, 2030875.087662599748001 ], [ 366405.810964010830503, 2030836.294817785266787 ], [ 366405.810964010830503, 2030806.2901397109963 ], [ 366427.026818804850336, 2030785.07362837693654 ], [ 366465.818463183823042, 2030785.07362837693654 ], [ 366465.818463183823042, 2030746.280783562455326 ], [ 366487.034317977842875, 2030725.064272228395566 ], [ 366517.03806756431004, 2030725.064272228395566 ], [ 366551.435860693687573, 2030690.665414634393528 ], [ 366577.045566737244371, 2030665.054916080087423 ], [ 366885.870957394887228, 2030665.054916080087423 ], [ 366885.870957394887228, 2030626.26207126560621 ], [ 366915.874706981354393, 2030596.257393191335723 ], [ 366915.874706981354393, 2030536.248037042794749 ], [ 366937.090561775374226, 2030515.031525708734989 ], [ 366967.094311361841392, 2030515.031525708734989 ], [ 366997.098060948366765, 2030485.026847634464502 ], [ 367177.120558467460796, 2030485.026847634464502 ], [ 367211.518351596780121, 2030450.627990040462464 ], [ 367237.128057640395127, 2030425.017491485923529 ], [ 367267.131807226804085, 2030425.017491485923529 ], [ 367297.135556813329458, 2030395.012813411885872 ], [ 367417.150555159489159, 2030395.012813411885872 ], [ 367447.154304745956324, 2030365.008135337615386 ], [ 367477.15805433242349, 2030365.008135337615386 ], [ 367507.161803918948863, 2030335.003457263344899 ], [ 367545.953448297921568, 2030335.003457263344899 ], [ 367545.953448297921568, 2030283.782732098829001 ], [ 367515.949698711454403, 2030253.778054024558514 ], [ 367515.949698711454403, 2030223.773375950288028 ], [ 367455.942199538403656, 2030163.764019801747054 ], [ 367455.942199538403656, 2030103.75466365320608 ], [ 367421.54459870228311, 2030069.355998358689249 ], [ 367395.934700365411118, 2030043.745307504897937 ], [ 367395.934700365411118, 2030013.74062943062745 ], [ 367365.930950778943952, 2029983.735951356356964 ], [ 367365.930950778943952, 2029923.72659520781599 ], [ 367335.927201192418579, 2029893.721917133545503 ], [ 367335.927201192418579, 2029863.717239059275016 ], [ 367305.923451605893206, 2029833.712560985004529 ], [ 367305.923451605893206, 2029803.707882910966873 ], [ 367275.919702019367833, 2029773.703204836696386 ], [ 367275.919702019367833, 2029683.689170613884926 ], [ 367245.915952432900667, 2029653.684492539614439 ], [ 367245.915952432900667, 2029623.679814465343952 ], [ 367215.912202846375294, 2029593.675136391073465 ], [ 367215.912202846375294, 2029533.665780242532492 ], [ 367185.908453259908129, 2029503.661102168494835 ], [ 367185.908453259908129, 2029473.656424094224349 ], [ 367155.904703673382755, 2029443.651746019953862 ], [ 367155.904703673382755, 2029383.642389871412888 ], [ 367125.900954086857382, 2029353.637711797142401 ], [ 367125.900954086857382, 2029323.633033722871915 ], [ 367095.897204500390217, 2029293.628355648601428 ], [ 367095.897204500390217, 2029233.618999500293285 ], [ 367065.893454913864844, 2029203.614321426022798 ], [ 367065.893454913864844, 2029173.609643351752311 ], [ 367035.889705327397678, 2029143.604965277481824 ], [ 367035.889705327397678, 2029083.59560912894085 ], [ 367005.885955740872305, 2029053.590931054670364 ], [ 367005.885955740872305, 2029023.586252980399877 ], [ 366975.882206154346932, 2028993.58157490612939 ], [ 366975.882206154346932, 2028963.576896831858903 ], [ 366945.878456567879766, 2028933.572218757821247 ], [ 366945.878456567879766, 2028873.562862609280273 ], [ 366915.874706981354393, 2028843.558184535009786 ], [ 366915.874706981354393, 2028783.548828386468813 ], [ 366885.870957394887228, 2028753.544150312198326 ], [ 366885.870957394887228, 2028723.539472237927839 ], [ 366855.867207808361854, 2028693.534794163657352 ], [ 366855.867207808361854, 2028633.525438015349209 ], [ 366825.863458221836481, 2028603.520759941078722 ], [ 366825.863458221836481, 2028573.516081866808236 ], [ 366795.859708635311108, 2028543.511403792537749 ], [ 366795.859708635311108, 2028483.502047643996775 ], [ 366765.855959048843943, 2028453.497369569726288 ], [ 366765.855959048843943, 2028363.483335347147658 ], [ 366735.852209462318569, 2028333.478657272877172 ], [ 366735.852209462318569, 2028303.473979198606685 ], [ 366705.848459875851404, 2028273.469301124336198 ], [ 366705.848459875851404, 2028183.455266901524737 ], [ 366675.844710289326031, 2028153.450588827254251 ], [ 366675.844710289326031, 2028123.445910752983764 ], [ 366645.840960702800658, 2028093.441232678946108 ], [ 366645.840960702800658, 2027973.42252038186416 ], [ 366615.837211116333492, 2027943.417842307593673 ], [ 366615.837211116333492, 2027883.4084861590527 ], [ 366585.833461529808119, 2027853.403808084782213 ], [ 366585.833461529808119, 2027733.385095787933096 ], [ 366555.829711943340953, 2027703.380417713662609 ], [ 366555.829711943340953, 2027553.357027342310175 ], [ 366525.82596235681558, 2027523.352349268272519 ], [ 366525.82596235681558, 2027433.338315045461059 ], [ 366495.822212770290207, 2027403.333636971190572 ], [ 366495.822212770290207, 2027343.324280822649598 ], [ 366465.818463183823042, 2027313.319602748379111 ], [ 366465.818463183823042, 2027163.296212377259508 ], [ 366435.814713597297668, 2027133.291534302989021 ], [ 366435.814713597297668, 2027043.27750008017756 ], [ 366405.810964010830503, 2027013.272822005907074 ], [ 366405.810964010830503, 2026833.244753560516983 ], [ 366375.80721442430513, 2026803.240075486246496 ], [ 366375.80721442430513, 2026743.230719337705523 ], [ 366345.803464837779757, 2026713.226041263435036 ], [ 366345.803464837779757, 2026683.22136318939738 ], [ 366315.799715251254383, 2026653.216685115126893 ], [ 366315.799715251254383, 2026563.202650892315432 ], [ 366285.795965664787218, 2026533.197972818044946 ], [ 366285.795965664787218, 2026503.193294743774459 ], [ 366255.792216078261845, 2026473.188616669503972 ], [ 366255.792216078261845, 2026353.169904372654855 ], [ 366225.788466491794679, 2026323.165226298384368 ], [ 366225.788466491794679, 2026293.160548224113882 ], [ 366165.780967318743933, 2026233.151192075572908 ], [ 366165.780967318743933, 2026203.146514001302421 ], [ 366135.777217732276767, 2026173.141835927031934 ], [ 366135.777217732276767, 2026143.137157852761447 ], [ 366105.773468145751394, 2026113.132479778723791 ], [ 366105.773468145751394, 2026023.118445555912331 ], [ 366071.375867309689056, 2025988.719780261162668 ], [ 366045.765968972758856, 2025963.109089407371357 ], [ 366045.765968972758856, 2025933.10441133310087 ], [ 366011.368368136580102, 2025898.705746038351208 ], [ 365985.758469799766317, 2025873.095055184559897 ], [ 365985.758469799766317, 2025843.09037711028941 ], [ 365955.754720213240944, 2025813.085699036251754 ], [ 365955.754720213240944, 2025753.07634288771078 ], [ 365925.750970626773778, 2025723.071664813440293 ], [ 365925.750970626773778, 2025693.066986739169806 ], [ 365895.747221040248405, 2025663.062308664899319 ], [ 365895.747221040248405, 2025633.057630590628833 ], [ 365865.743471453723032, 2025603.052952516358346 ], [ 365865.743471453723032, 2025513.038918293779716 ], [ 365831.345870617544279, 2025478.640252999030054 ], [ 365805.735972280730493, 2025453.029562145238742 ], [ 365805.735972280730493, 2025393.020205996697769 ], [ 365771.33837144455174, 2025358.621540701948106 ], [ 365741.334621858142782, 2025328.616862627677619 ], [ 365685.720973934687208, 2025273.001493699615821 ], [ 365685.720973934687208, 2025242.996815625578165 ], [ 365651.32337309862487, 2025208.598150330828503 ], [ 365621.319623512041289, 2025178.593472256558016 ], [ 365591.315873925632332, 2025148.588794182287529 ], [ 365535.702226002176758, 2025092.973425254225731 ], [ 365535.702226002176758, 2025062.968747179955244 ], [ 365501.30462516611442, 2025028.570081885205582 ], [ 365475.694726829184219, 2025002.95939103141427 ], [ 365475.694726829184219, 2024972.954712957376614 ], [ 365445.690977242717054, 2024942.950034883106127 ], [ 365445.690977242717054, 2024912.945356808835641 ], [ 365415.687227656191681, 2024882.940678734565154 ], [ 365415.687227656191681, 2024852.936000660294667 ], [ 365385.683478069666307, 2024822.93132258602418 ], [ 365385.683478069666307, 2024702.912610288942233 ], [ 365355.679728483199142, 2024672.907932214904577 ], [ 365355.679728483199142, 2024582.893897992093116 ], [ 365325.675978896673769, 2024552.889219917822629 ], [ 365325.675978896673769, 2024522.884541843552142 ], [ 365291.278378060611431, 2024488.48587654880248 ], [ 365235.664730137155857, 2024432.870507620740682 ], [ 365235.664730137155857, 2024372.861151472432539 ], [ 365205.660980550630484, 2024342.856473398162052 ], [ 365205.660980550630484, 2024222.837761101080105 ], [ 365175.657230964163318, 2024192.833083026809618 ], [ 365175.657230964163318, 2024162.828404952539131 ], [ 365145.653481377637945, 2024132.823726878268644 ], [ 365145.653481377637945, 2024072.814370729960501 ], [ 365115.64973179117078, 2024042.809692655690014 ], [ 365115.64973179117078, 2023982.800336507149041 ], [ 365085.645982204645406, 2023952.795658432878554 ], [ 365085.645982204645406, 2023922.790980358608067 ], [ 365055.642232618120033, 2023892.78630228433758 ], [ 365055.642232618120033, 2023862.781624210067093 ], [ 365025.638483031652868, 2023832.776946136029437 ], [ 365025.638483031652868, 2023802.77226806175895 ], [ 364995.634733445127495, 2023772.767589987488464 ], [ 364995.634733445127495, 2023742.762911913217977 ], [ 364965.630983858660329, 2023712.75823383894749 ], [ 364965.630983858660329, 2023652.748877690406516 ], [ 364935.627234272134956, 2023622.744199616136029 ], [ 364935.627234272134956, 2023532.7301653935574 ], [ 364905.623484685609583, 2023502.725487319286913 ], [ 364905.623484685609583, 2023412.711453096475452 ], [ 364875.619735099142417, 2023382.706775022204965 ], [ 364875.619735099142417, 2023172.674028502544388 ], [ 364845.615985512617044, 2023142.669350428273901 ], [ 364845.615985512617044, 2023022.650638131191954 ], [ 364815.612235926149879, 2022992.645960056921467 ], [ 364815.612235926149879, 2022795.041093887295574 ], [ 364845.615985512617044, 2022765.036415813025087 ], [ 364845.615985512617044, 2022392.552398572210222 ], [ 364815.612235926149879, 2022362.547720497939736 ], [ 364815.612235926149879, 2021744.877361288759857 ], [ 364845.615985512617044, 2021714.872683214489371 ], [ 364845.615985512617044, 2021684.868005140218884 ], [ 364875.619735099142417, 2021654.863327065948397 ], [ 364875.619735099142417, 2021564.849292843369767 ], [ 364905.623484685609583, 2021534.84461476909928 ], [ 364905.623484685609583, 2021504.839936694828793 ], [ 364956.843089066154789, 2021453.618747286498547 ], [ 364995.634733445127495, 2021453.618747286498547 ], [ 364995.634733445127495, 2021414.825902472017333 ], [ 365021.244631781999487, 2021389.215211618226022 ], [ 365051.248381368524861, 2021359.210533543955535 ], [ 365076.858087412139867, 2021333.600034989416599 ], [ 365154.440911926270928, 2021333.600034989416599 ], [ 365175.656766720290761, 2021354.816546323476359 ], [ 365175.656766720290761, 2021513.62810343503952 ], [ 365244.452160685847048, 2021513.62810343503952 ], [ 365270.061866729520261, 2021539.238601989578456 ], [ 365304.459659858781379, 2021573.637459583580494 ], [ 365355.679728483199142, 2021573.637459583580494 ], [ 365355.679728483199142, 2021444.83058054628782 ], [ 365370.681371154554654, 2021429.828473638277501 ], [ 365394.470908618357498, 2021453.618747286498547 ], [ 365484.482157377817202, 2021453.618747286498547 ], [ 365514.485906964284368, 2021483.623425360769033 ], [ 365694.508404483378399, 2021483.623425360769033 ], [ 365724.512154069903772, 2021513.62810343503952 ], [ 365976.970575007318985, 2021513.62810343503952 ], [ 366006.97432459378615, 2021483.623425360769033 ], [ 366096.985573353245854, 2021483.623425360769033 ], [ 366126.989322939771228, 2021453.618747286498547 ], [ 366247.004321285756305, 2021453.618747286498547 ], [ 366277.008070872281678, 2021423.61406921222806 ], [ 366405.810964010830503, 2021423.61406921222806 ], [ 366405.810964010830503, 2021324.811868249205872 ], [ 366435.814713597297668, 2021294.807190174935386 ], [ 366435.814713597297668, 2021264.802512100897729 ], [ 366461.424611934169661, 2021239.191821247106418 ], [ 366495.822212770290207, 2021204.793155952356756 ], [ 366495.822212770290207, 2021144.783799803815782 ], [ 366555.829711943340953, 2021084.774443655274808 ], [ 366555.829711943340953, 2021054.769765581004322 ], [ 366585.833461529808119, 2021024.765087506733835 ], [ 366585.833461529808119, 2020964.755731358425692 ], [ 366615.837211116333492, 2020934.751053284155205 ], [ 366615.837211116333492, 2020673.49758159997873 ], [ 366397.023069218324963, 2020673.49758159997873 ], [ 366367.01931963179959, 2020643.492903525708243 ], [ 366307.011820458807051, 2020643.492903525708243 ], [ 366277.008070872339886, 2020613.488225451437756 ], [ 366156.993072526296601, 2020613.488225451437756 ], [ 366126.989322939829435, 2020583.48354737716727 ], [ 366096.985573353304062, 2020583.48354737716727 ], [ 366066.981823766836897, 2020553.478869302896783 ], [ 366036.978074180253316, 2020553.478869302896783 ], [ 366006.974324593727943, 2020523.474191228626296 ], [ 365946.966825420793612, 2020523.474191228626296 ], [ 365916.963075834326446, 2020493.469513154355809 ], [ 365664.504654896794818, 2020493.469513154355809 ], [ 365634.500905310327653, 2020523.474191228626296 ], [ 365454.478407791291829, 2020523.474191228626296 ], [ 365424.474658204824664, 2020553.478869302896783 ], [ 365265.668015479866881, 2020553.478869302896783 ], [ 365265.668015479866881, 2020592.271714117377996 ], [ 365244.452160685847048, 2020613.488225451437756 ], [ 365214.448411099321675, 2020613.488225451437756 ], [ 365184.444661512796301, 2020643.492903525708243 ], [ 365136.865586585190613, 2020643.492903525708243 ], [ 365106.861836998723447, 2020613.488225451437756 ], [ 365076.858087412139867, 2020613.488225451437756 ], [ 365051.248381368466653, 2020587.877726896898821 ], [ 365021.244631782057695, 2020557.873048822628334 ], [ 364991.240882195474114, 2020527.868370748357847 ], [ 364965.630983858660329, 2020502.257679894566536 ], [ 364965.630983858660329, 2020472.253001820296049 ], [ 364931.233383022481576, 2020437.854336525546387 ], [ 364905.623484685609583, 2020412.243645671987906 ], [ 364905.623484685609583, 2020382.238967597717419 ], [ 364875.619735099142417, 2020352.234289523446932 ], [ 364875.619735099142417, 2020292.224933374905959 ], [ 364845.615985512617044, 2020262.220255300635472 ], [ 364845.615985512617044, 2020184.634101427858695 ], [ 364875.619735099142417, 2020154.629423353821039 ], [ 364875.619735099142417, 2020094.620067205280066 ], [ 364905.623484685609583, 2020064.615389131009579 ], [ 364905.623484685609583, 2020034.610711056739092 ], [ 364935.627234272134956, 2020004.606032982468605 ], [ 364935.627234272134956, 2019974.601354908198118 ], [ 364961.237132609006949, 2019948.990664054406807 ], [ 364991.240882195532322, 2019918.98598598013632 ], [ 365021.244631781999487, 2019888.981307905865833 ], [ 365051.248381368466653, 2019858.976629831828177 ], [ 365076.858087412139867, 2019833.366131277289242 ], [ 365106.861836998723447, 2019833.366131277289242 ], [ 365130.651374462526292, 2019809.575857629068196 ], [ 365145.653017133823596, 2019824.577964537078515 ], [ 365145.653017133823596, 2019854.582642611349002 ], [ 365180.050617969944142, 2019888.981307905865833 ], [ 365220.662623221985996, 2019929.594569925917313 ], [ 365261.27462847402785, 2019888.981307905865833 ], [ 365291.278378060553223, 2019858.976629831828177 ], [ 365331.889726782741491, 2019818.364024362061173 ], [ 365295.672229310206603, 2019782.145406112773344 ], [ 365295.672229310206603, 2019752.140728038502857 ], [ 365235.664730137155857, 2019692.131371889961883 ], [ 365235.664730137155857, 2019674.554574165726081 ], [ 365256.88058493117569, 2019653.338062831666321 ], [ 365304.459659858839586, 2019653.338062831666321 ], [ 365334.46340944536496, 2019683.342740905936807 ], [ 365364.467159031832125, 2019683.342740905936807 ], [ 365424.474658204882871, 2019743.352097054477781 ], [ 365514.485906964342576, 2019743.352097054477781 ], [ 365535.701761758362409, 2019764.568608388537541 ], [ 365535.701761758362409, 2019863.370809351559728 ], [ 365646.929329555772711, 2019863.370809351559728 ], [ 365681.327122685092036, 2019828.97195175755769 ], [ 365736.940578315232415, 2019773.356775128748268 ], [ 365796.948077488283161, 2019773.356775128748268 ], [ 365826.951827074750327, 2019743.352097054477781 ], [ 365856.955576661217492, 2019743.352097054477781 ], [ 365886.959326247742865, 2019713.347418980207294 ], [ 366307.011820458748844, 2019713.347418980207294 ], [ 366345.803464837779757, 2019674.554574165726081 ], [ 366345.803464837779757, 2019512.103303444571793 ], [ 366315.799715251254383, 2019482.098625370301306 ], [ 366315.799715251254383, 2019344.503115348983556 ], [ 366341.409613588126376, 2019318.892424495192245 ], [ 366371.413363174651749, 2019288.887746421154588 ], [ 366401.417112761177123, 2019258.883068346884102 ], [ 366431.420862347702496, 2019228.878390272613615 ], [ 366461.424611934169661, 2019198.873712198343128 ], [ 366487.034317977842875, 2019173.263213643804193 ], [ 366517.03806756431004, 2019173.263213643804193 ], [ 366547.041817150835413, 2019143.258535569533706 ], [ 366577.045566737302579, 2019143.258535569533706 ], [ 366607.049316323827952, 2019113.253857495263219 ], [ 366667.056815496820491, 2019113.253857495263219 ], [ 366697.060565083345864, 2019083.249179420992732 ], [ 366787.071813842805568, 2019083.249179420992732 ], [ 366817.075563429330941, 2019053.244501346722245 ], [ 366847.079313015798107, 2019053.244501346722245 ], [ 366881.477106145233847, 2019018.845643752953038 ], [ 366907.086812188907061, 2018993.235145198414102 ], [ 367267.131807226862293, 2018993.235145198414102 ], [ 367305.923451605893206, 2018954.442300383932889 ], [ 367305.923451605893206, 2018924.437622309662402 ], [ 367335.927201192418579, 2018894.432944235391915 ], [ 367335.927201192418579, 2018641.967639291426167 ], [ 367305.923451605893206, 2018611.96296121715568 ], [ 367305.923451605893206, 2018594.386163492919877 ], [ 367365.930950778943952, 2018534.376807344378904 ], [ 367365.930950778943952, 2018251.906824326142669 ], [ 367335.927201192418579, 2018221.902146251872182 ], [ 367335.927201192418579, 2018071.878755880752578 ], [ 367297.135556813387666, 2018033.085911066271365 ], [ 367267.1318072269205, 2018033.085911066271365 ], [ 367252.129700318968389, 2018018.083339907228947 ], [ 367267.1318072269205, 2018003.080768748186529 ], [ 367297.135556813387666, 2018003.080768748186529 ], [ 367327.139306399913039, 2017973.076090673916042 ], [ 367417.150555159489159, 2017973.076090673916042 ], [ 367455.942199538403656, 2017934.283245859434828 ], [ 367455.942199538403656, 2017771.831975138280541 ], [ 367425.938449951936491, 2017741.827297064010054 ], [ 367425.938449951936491, 2017711.822618989739567 ], [ 367391.540849115757737, 2017677.423953694989905 ], [ 367357.14305598649662, 2017643.025096100987867 ], [ 367314.710882154584397, 2017643.025096100987867 ], [ 367254.70338298153365, 2017703.03445224952884 ], [ 367224.699633395066485, 2017703.03445224952884 ], [ 367194.695883808541112, 2017733.039130323799327 ], [ 367164.692134222073946, 2017733.039130323799327 ], [ 367134.688384635548573, 2017763.043808398069814 ], [ 367117.11305929441005, 2017763.043808398069814 ], [ 367087.109309707942884, 2017733.039130323799327 ], [ 367027.101810534892138, 2017733.039130323799327 ], [ 366997.098060948366765, 2017703.03445224952884 ], [ 366834.650888770527672, 2017703.03445224952884 ], [ 366804.647139184002299, 2017733.039130323799327 ], [ 366714.635890424426179, 2017733.039130323799327 ], [ 366684.632140837959014, 2017763.043808398069814 ], [ 366504.609643318981398, 2017763.043808398069814 ], [ 366474.605893732456025, 2017793.048486472340301 ], [ 366337.015570045274217, 2017793.048486472340301 ], [ 366315.799715251254383, 2017771.831975138280541 ], [ 366315.799715251254383, 2017643.025096100987867 ], [ 365964.542150761932135, 2017643.025096100987867 ], [ 365934.538401175406761, 2017673.029774175258353 ], [ 365865.743007209908683, 2017673.029774175258353 ], [ 365865.743007209908683, 2017711.822618989739567 ], [ 365805.735508036857937, 2017771.831975138280541 ], [ 365805.735508036857937, 2017801.836653212551028 ], [ 365780.125609699985944, 2017827.447344066342339 ], [ 365750.121860113518778, 2017857.452022140612826 ], [ 365720.118110527051613, 2017887.456700214650482 ], [ 365700.72261660604272, 2017906.852794343139976 ], [ 365681.327122685033828, 2017887.456700214650482 ], [ 365651.323373098566663, 2017857.452022140612826 ], [ 365625.71347476169467, 2017831.841331286821514 ], [ 365625.71347476169467, 2017771.831975138280541 ], [ 365591.315873925632332, 2017737.433309843530878 ], [ 365531.308374752523378, 2017677.423953694989905 ], [ 365496.91058162326226, 2017643.025096100987867 ], [ 365355.679264239326585, 2017643.025096100987867 ], [ 365355.679264239326585, 2017711.822618989739567 ], [ 365330.069365902454592, 2017737.433309843530878 ], [ 365304.459659858839586, 2017763.043808398069814 ], [ 365214.448411099321675, 2017763.043808398069814 ], [ 365184.444661512796301, 2017793.048486472340301 ], [ 365124.437162339745555, 2017793.048486472340301 ], [ 365100.647624875942711, 2017816.838760120561346 ], [ 365076.858087412139867, 2017793.048486472340301 ], [ 365016.850588239147328, 2017793.048486472340301 ], [ 364986.846838652621955, 2017763.043808398069814 ], [ 364866.831840306636877, 2017763.043808398069814 ], [ 364836.828090720111504, 2017733.039130323799327 ], [ 364644.37716895568883, 2017733.039130323799327 ], [ 364609.979375826369505, 2017767.437987917801365 ], [ 364584.369669782754499, 2017793.048486472340301 ], [ 364356.768097336112987, 2017793.048486472340301 ], [ 364326.764347749645822, 2017763.043808398069814 ], [ 364266.756848576536868, 2017763.043808398069814 ], [ 364241.147142532863654, 2017737.433309843530878 ], [ 364211.143392946454696, 2017707.428631769260392 ], [ 364176.745599817018956, 2017673.029774175258353 ], [ 364116.738100644026417, 2017673.029774175258353 ], [ 364086.734351057501044, 2017643.025096100987867 ], [ 364026.726851884566713, 2017643.025096100987867 ], [ 363996.723102298099548, 2017613.02041802671738 ], [ 363876.708103951939847, 2017613.02041802671738 ], [ 363855.492249158036429, 2017591.80390669289045 ], [ 363855.492249158036429, 2017561.799228618619964 ], [ 363825.488499571511056, 2017531.794550544349477 ], [ 363825.488499571511056, 2017501.78987247007899 ], [ 363795.484749984985683, 2017471.785194395808503 ], [ 363795.484749984985683, 2017441.780516321538016 ], [ 363765.48100039846031, 2017411.775838247267529 ], [ 363765.48100039846031, 2017372.982993432786316 ], [ 363726.689356019487604, 2017372.982993432786316 ], [ 363696.685606432962231, 2017342.978315358515829 ], [ 363504.234684668655973, 2017342.978315358515829 ], [ 363474.2309350821306, 2017372.982993432786316 ], [ 363246.62936263543088, 2017372.982993432786316 ], [ 363216.625613048905507, 2017342.978315358515829 ], [ 363186.621863462438341, 2017342.978315358515829 ], [ 363156.618113875912968, 2017312.973637284245342 ], [ 363024.174691284599248, 2017312.973637284245342 ], [ 362964.167192111548502, 2017372.982993432786316 ], [ 362934.163442525081336, 2017372.982993432786316 ], [ 362899.765649395703804, 2017407.381851026788354 ], [ 362869.761899809178431, 2017437.386529101058841 ], [ 362814.148444179038052, 2017493.001705729868263 ], [ 362724.137195419461932, 2017493.001705729868263 ], [ 362694.133445832994767, 2017523.00638380413875 ], [ 362586.546871732396539, 2017523.00638380413875 ], [ 362556.543122145929374, 2017493.001705729868263 ], [ 362526.539372559345793, 2017493.001705729868263 ], [ 362496.53562297282042, 2017462.997027655597776 ], [ 362394.095949968032073, 2017462.997027655597776 ], [ 362364.0922003815067, 2017493.001705729868263 ], [ 362334.088450794981327, 2017493.001705729868263 ], [ 362304.084701208455954, 2017523.00638380413875 ], [ 362064.054704516485799, 2017523.00638380413875 ], [ 362004.047205343435053, 2017583.015739952679724 ], [ 361974.043455757026095, 2017583.015739952679724 ], [ 361939.645662627590355, 2017617.414597546448931 ], [ 361909.641913041064981, 2017647.419275620719418 ], [ 361849.634413868072443, 2017707.428631769260392 ], [ 361819.63066428154707, 2017737.433309843530878 ], [ 361785.233063445426524, 2017771.831975138280541 ], [ 361785.233063445426524, 2017861.846009361092001 ], [ 361759.623165108612739, 2017887.456700214650482 ], [ 361725.225564272433985, 2017921.855365509400144 ], [ 361725.225564272433985, 2017951.860043583670631 ], [ 361695.221814685908612, 2017981.864721657941118 ], [ 361695.221814685908612, 2018041.874077806482092 ], [ 361665.218065099383239, 2018071.878755880752578 ], [ 361665.218065099383239, 2018101.883433955023065 ], [ 361635.214315512916073, 2018131.888112029293552 ], [ 361635.214315512916073, 2018161.892790103564039 ], [ 361609.60441717604408, 2018187.50348095712252 ], [ 361583.994711132370867, 2018213.113979511661455 ], [ 361553.990961545903701, 2018213.113979511661455 ], [ 361523.987211959378328, 2018243.118657585931942 ], [ 361403.972213613393251, 2018243.118657585931942 ], [ 361373.968464026867878, 2018273.123335660202429 ], [ 361253.9534656808828, 2018273.123335660202429 ], [ 361223.949716094357427, 2018303.128013734472916 ], [ 361193.945966507773846, 2018303.128013734472916 ], [ 361163.942216921306681, 2018333.132691808743402 ], [ 361103.93471774837235, 2018333.132691808743402 ], [ 361080.145180284511298, 2018356.922965456964448 ], [ 361056.355642820650246, 2018333.132691808743402 ], [ 360996.348143647715915, 2018333.132691808743402 ], [ 360966.344394061248749, 2018303.128013734472916 ], [ 360855.116826263838448, 2018303.128013734472916 ], [ 360855.116826263838448, 2018431.93489277176559 ], [ 360829.506927926966455, 2018457.54558362532407 ], [ 360795.109327090845909, 2018491.944248920073733 ], [ 360795.109327090845909, 2018521.94892699434422 ], [ 360773.893472296826076, 2018543.16543832840398 ], [ 360653.878473950724583, 2018543.16543832840398 ], [ 360623.874724364257418, 2018573.170116402674466 ], [ 360606.299399023118895, 2018573.170116402674466 ], [ 360576.295649436593521, 2018543.16543832840398 ], [ 360546.291899850126356, 2018543.16543832840398 ], [ 360525.076045056106523, 2018521.94892699434422 ], [ 360525.076045056106523, 2018461.939570845803246 ], [ 360486.28440067707561, 2018423.146726031554863 ], [ 360353.840978085820097, 2018423.146726031554863 ], [ 360323.837228499352932, 2018453.151404105592519 ], [ 360233.825979739660397, 2018453.151404105592519 ], [ 360203.822230153193232, 2018483.156082179863006 ], [ 360186.246904812112916, 2018483.156082179863006 ], [ 360156.243155225645751, 2018453.151404105592519 ], [ 360126.239405639003962, 2018453.151404105592519 ], [ 360100.629699595388956, 2018427.540905551286414 ], [ 360066.231906466127839, 2018393.142047957284376 ], [ 359946.216908120084554, 2018393.142047957284376 ], [ 359920.607202076469548, 2018367.531549402745441 ], [ 359890.603452489885967, 2018337.526871328474954 ], [ 359860.599702903477009, 2018307.522193254204467 ], [ 359834.989804566546809, 2018281.911502400413156 ], [ 359834.989804566546809, 2018251.906824326142669 ], [ 359804.986054980021436, 2018221.902146251872182 ], [ 359804.986054980021436, 2018191.897468177601695 ], [ 359766.194410600932315, 2018153.104623363353312 ], [ 359603.747238423209637, 2018153.104623363353312 ], [ 359569.349445293832105, 2018187.50348095712252 ], [ 359539.345695707306731, 2018217.508159031393006 ], [ 359509.341946120781358, 2018247.512837105663493 ], [ 359449.33444694778882, 2018307.522193254204467 ], [ 359419.330697361263447, 2018337.526871328474954 ], [ 359389.326947774796281, 2018367.531549402745441 ], [ 359359.323198188270908, 2018397.536227477015927 ], [ 359329.319448601803742, 2018427.540905551286414 ], [ 359299.315699015278369, 2018457.54558362532407 ], [ 359269.311949428752996, 2018487.550261699594557 ], [ 359243.702243385079782, 2018513.160760254133493 ], [ 359213.698493798554409, 2018513.160760254133493 ], [ 359179.300700669235084, 2018547.559617848135531 ], [ 359119.293201496242546, 2018607.568973996676505 ], [ 359093.683495452569332, 2018633.17947255121544 ], [ 358763.642250001081266, 2018633.17947255121544 ], [ 358733.638500414555892, 2018663.184150625485927 ], [ 358643.627251654979773, 2018663.184150625485927 ], [ 358613.623502068512607, 2018693.188828699756414 ], [ 358566.044427140906919, 2018693.188828699756414 ], [ 358536.040677554381546, 2018663.184150625485927 ], [ 358506.03692796791438, 2018663.184150625485927 ], [ 358476.033178381447215, 2018633.17947255121544 ], [ 358446.029428794921841, 2018633.17947255121544 ], [ 358416.025679208454676, 2018603.174794476944953 ], [ 358356.01818003540393, 2018603.174794476944953 ], [ 358326.014430448936764, 2018573.170116402674466 ], [ 358296.010680862411391, 2018573.170116402674466 ], [ 358266.006931275944225, 2018543.16543832840398 ], [ 358236.003181689360645, 2018543.16543832840398 ], [ 358205.999432102835272, 2018513.160760254133493 ], [ 358073.556009511521552, 2018513.160760254133493 ], [ 358004.760615545965265, 2018581.958283142885193 ], [ 358004.760615545965265, 2018611.96296121715568 ], [ 357979.150717209093273, 2018637.573652070946991 ], [ 357949.146967622626107, 2018667.578330145217478 ], [ 357919.143218036100734, 2018697.583008219487965 ], [ 357889.139468449633569, 2018727.587686293525621 ], [ 357854.741867613454815, 2018761.986351588275284 ], [ 357854.741867613454815, 2018791.99102966254577 ], [ 357824.73811802698765, 2018821.995707736816257 ], [ 357824.73811802698765, 2018852.000385811086744 ], [ 357794.734368440462276, 2018882.005063885357231 ], [ 357794.734368440462276, 2018912.009741959627718 ], [ 357764.730618853995111, 2018942.014420033898205 ], [ 357764.730618853995111, 2018972.019098108168691 ], [ 357739.120720517123118, 2018997.629788961960003 ], [ 357709.116970930597745, 2019027.634467035997659 ], [ 357683.507264886924531, 2019053.244965590536594 ], [ 357653.503515300457366, 2019053.244965590536594 ], [ 357619.105722171079833, 2019087.643823184538633 ], [ 357593.496016127406619, 2019113.254321739077568 ], [ 357563.492266540939454, 2019113.254321739077568 ], [ 357529.094473411561921, 2019147.653179333079606 ], [ 357499.090723825036548, 2019177.657857407350093 ], [ 357464.693122988916002, 2019212.056522702099755 ], [ 357464.693122988916002, 2019764.568608388537541 ], [ 357494.696872575441375, 2019794.573286462808028 ], [ 357494.696872575441375, 2019974.601354908198118 ], [ 357533.488516954355873, 2020013.394199722679332 ], [ 357563.492266540939454, 2020013.394199722679332 ], [ 357589.101972584612668, 2020039.004698277218267 ], [ 357614.711870921426453, 2020064.615389131009579 ], [ 357614.711870921426453, 2020094.620067205280066 ], [ 357638.501872621942312, 2020118.41080510453321 ], [ 357614.711870921426453, 2020142.201543003786355 ], [ 357614.711870921426453, 2020292.224933374905959 ], [ 357589.10197258455446, 2020317.83562422869727 ], [ 357554.704371748433914, 2020352.234289523446932 ], [ 357554.704371748433914, 2020382.238967597717419 ], [ 357529.094473411561921, 2020407.849658451508731 ], [ 357499.090723825094756, 2020437.854336525546387 ], [ 357469.086974238569383, 2020467.859014599816874 ], [ 357439.083224652044009, 2020497.863692674087361 ], [ 357383.46976902190363, 2020553.478869302896783 ], [ 357353.466019435436465, 2020553.478869302896783 ], [ 357323.462269848911092, 2020583.48354737716727 ], [ 357284.670625469938386, 2020583.48354737716727 ], [ 357284.670625469938386, 2020622.276392191648483 ], [ 357254.666875883413013, 2020652.28107026591897 ], [ 357254.666875883413013, 2020712.290426414227113 ], [ 357199.053227960015647, 2020767.905795342288911 ], [ 357173.443521916342434, 2020793.516293896827847 ], [ 357143.43977232981706, 2020793.516293896827847 ], [ 357113.436022743349895, 2020823.520971971098334 ], [ 357083.432273156882729, 2020823.520971971098334 ], [ 357053.428523570357356, 2020853.52565004536882 ], [ 357023.424773983890191, 2020853.52565004536882 ], [ 356984.633129604859278, 2020892.318494859850034 ], [ 356984.633129604859278, 2020922.323172934120521 ], [ 356954.629380018392112, 2020952.327851008391008 ], [ 356954.629380018392112, 2021072.346563305240124 ], [ 356924.625630431866739, 2021102.351241379510611 ], [ 356924.625630431866739, 2021162.360597528051585 ], [ 356894.621880845341366, 2021192.365275602322072 ], [ 356894.621880845341366, 2021234.797834026627243 ], [ 356924.625630431866739, 2021264.802512100897729 ], [ 356924.625630431866739, 2021384.821224397746846 ], [ 356959.023231268045492, 2021419.219889692496508 ], [ 356984.633129604859278, 2021444.83058054628782 ], [ 356984.633129604859278, 2021474.835258620558307 ], [ 357014.636879191384651, 2021504.839936694828793 ], [ 357014.636879191384651, 2021534.84461476909928 ], [ 357049.034480027446989, 2021569.243280063848943 ], [ 357079.03822961403057, 2021599.247958137886599 ], [ 357104.648127950902563, 2021624.85864899167791 ], [ 357104.648127950902563, 2021654.863327065948397 ], [ 357134.651877537369728, 2021684.868005140218884 ], [ 357134.651877537369728, 2022134.938176254043356 ], [ 357164.655627123895101, 2022164.942854328081012 ], [ 357164.655627123895101, 2022224.952210476621985 ], [ 357194.659376710362267, 2022254.956888550892472 ], [ 357194.659376710362267, 2022314.966244699433446 ], [ 357224.66312629688764, 2022344.970922773703933 ], [ 357224.66312629688764, 2022374.97560084797442 ], [ 357254.666875883413013, 2022404.980278922244906 ], [ 357254.666875883413013, 2022434.984956996282563 ], [ 357293.458520262443926, 2022473.777801810763776 ], [ 357323.462269848911092, 2022473.777801810763776 ], [ 357349.071975892584305, 2022499.388300365302712 ], [ 357374.68187422939809, 2022524.998991219094023 ], [ 357374.68187422939809, 2022585.008347367634997 ], [ 357404.685623815923464, 2022615.013025441905484 ], [ 357404.685623815923464, 2022675.022381590446457 ], [ 357434.689373402448837, 2022705.027059664716944 ], [ 357434.689373402448837, 2022842.622569685801864 ], [ 357404.685623815923464, 2022872.627247760072351 ], [ 357404.685623815923464, 2022992.645960056921467 ], [ 357374.68187422939809, 2023022.650638131191954 ], [ 357374.68187422939809, 2023082.659994279732928 ], [ 357344.678124642930925, 2023112.664672354003415 ], [ 357344.678124642930925, 2023142.669350428273901 ], [ 357314.674375056405552, 2023172.674028502544388 ], [ 357314.674375056405552, 2023202.678706576814875 ], [ 357289.064476719533559, 2023228.289397430606186 ], [ 357254.666875883413013, 2023262.688062725355849 ], [ 357254.666875883413013, 2023425.139333446510136 ], [ 357284.670625469938386, 2023455.144011520780623 ], [ 357284.670625469938386, 2023823.988315152004361 ], [ 357413.473518608429004, 2023823.988315152004361 ], [ 357443.477268194954377, 2023853.992993226274848 ], [ 357683.507264886982739, 2023853.992993226274848 ], [ 357713.511014473508112, 2023883.997671300312504 ], [ 357743.514764059975278, 2023883.997671300312504 ], [ 357764.730618853995111, 2023905.214182634372264 ], [ 357764.730618853995111, 2023935.218860708642751 ], [ 357794.734368440462276, 2023965.223538782913238 ], [ 357794.734368440462276, 2024034.021061671664938 ], [ 357833.526012819434982, 2024034.021061671664938 ], [ 357859.135718863049988, 2024059.631560226203874 ], [ 357914.749366786505561, 2024115.246929154265672 ], [ 357914.749366786505561, 2024175.256285302573815 ], [ 357944.753116372972727, 2024205.260963376844302 ], [ 357944.753116372972727, 2024304.063164339866489 ], [ 358013.548510338470805, 2024304.063164339866489 ], [ 358043.552259924996179, 2024334.067842414136976 ], [ 358073.556009511463344, 2024334.067842414136976 ], [ 358099.16571555507835, 2024359.678340968675911 ], [ 358133.56350868451409, 2024394.07719856267795 ], [ 358163.567258270981256, 2024394.07719856267795 ], [ 358189.176964314654469, 2024419.687697117216885 ], [ 358214.786862651526462, 2024445.298387970775366 ], [ 358214.786862651526462, 2024505.307744119316339 ], [ 358244.790612238051835, 2024535.312422193586826 ], [ 358244.790612238051835, 2024565.317100267857313 ], [ 358274.794361824519001, 2024595.3217783421278 ], [ 358274.794361824519001, 2024634.114623156609014 ], [ 358313.586006203491706, 2024634.114623156609014 ], [ 358339.195712247106712, 2024659.725121711147949 ], [ 358364.805610584036913, 2024685.33581256493926 ], [ 358364.805610584036913, 2024715.340490638976917 ], [ 358399.203211420215666, 2024749.739155933726579 ], [ 358424.813109757029451, 2024775.34984678751789 ], [ 358424.813109757029451, 2024805.354524861788377 ], [ 358454.816859343554825, 2024835.359202936058864 ], [ 358454.816859343554825, 2024865.363881010329351 ], [ 358478.606861043954268, 2024889.154618909582496 ], [ 358454.816859343554825, 2024912.945356808835641 ], [ 358454.816859343554825, 2024942.950034883106127 ], [ 358433.601004549534991, 2024964.166546217165887 ], [ 358394.809360170562286, 2024964.166546217165887 ], [ 358394.809360170562286, 2025032.964069105684757 ], [ 358364.805610584036913, 2025062.968747179955244 ], [ 358364.805610584036913, 2025092.973425254225731 ], [ 358339.19571224716492, 2025118.584116108017042 ], [ 358304.798111411044374, 2025152.982781402766705 ], [ 358304.798111411044374, 2025212.992137551307678 ], [ 358274.794361824519001, 2025242.996815625578165 ], [ 358274.794361824519001, 2025273.001493699615821 ], [ 358244.790612238051835, 2025303.006171773886308 ], [ 358244.790612238051835, 2025633.057630590628833 ], [ 358214.786862651526462, 2025663.062308664899319 ], [ 358214.786862651526462, 2025693.066986739169806 ], [ 358184.783113065001089, 2025723.071664813440293 ], [ 358184.783113065001089, 2025753.07634288771078 ], [ 358154.779363478475716, 2025783.081020961981267 ], [ 358154.779363478475716, 2026065.551003980217502 ], [ 358184.783113065001089, 2026095.555682054487988 ], [ 358184.783113065001089, 2026155.565038202796131 ], [ 358214.786862651526462, 2026185.569716277066618 ], [ 358214.786862651526462, 2026203.146514001302421 ], [ 358184.783113065001089, 2026233.151192075572908 ], [ 358184.783113065001089, 2026425.607140870997682 ], [ 358214.786862651526462, 2026455.611818945268169 ], [ 358214.786862651526462, 2026485.616497019538656 ], [ 358244.790612238051835, 2026515.621175093809143 ], [ 358244.790612238051835, 2026545.62585316807963 ], [ 358274.794361824519001, 2026575.630531242350116 ], [ 358274.794361824519001, 2026605.635209316620603 ], [ 358309.191962660697754, 2026640.033874611370265 ], [ 358339.195712247106712, 2026670.038552685640752 ], [ 358369.199461833690293, 2026700.043230759911239 ], [ 358399.203211420215666, 2026730.047908833948895 ], [ 358429.206961006624624, 2026760.052586908219382 ], [ 358459.210710593208205, 2026790.057264982489869 ], [ 358493.608503722469322, 2026824.456122576491907 ], [ 358523.612253309052903, 2026824.456122576491907 ], [ 358549.221959352726117, 2026850.066621131030843 ], [ 358574.831857689539902, 2026875.677311984822154 ], [ 358574.831857689539902, 2026905.681990059092641 ], [ 358604.835607276065275, 2026935.686668133363128 ], [ 358604.835607276065275, 2026965.691346207633615 ], [ 358634.839356862532441, 2026995.696024281671271 ], [ 358634.839356862532441, 2027025.700702355941758 ], [ 358664.843106449057814, 2027055.705380430212244 ], [ 358664.843106449057814, 2027085.710058504482731 ], [ 358694.846856035583187, 2027115.714736578753218 ], [ 358694.846856035583187, 2027145.719414653023705 ], [ 358724.850605622050352, 2027175.724092727294192 ], [ 358724.850605622050352, 2027235.733448875835165 ], [ 358754.854355208575726, 2027265.738126950105652 ], [ 358754.854355208575726, 2027295.742805024143308 ], [ 358789.251956044638064, 2027330.141470318892971 ], [ 358814.861854381568264, 2027355.752161172684282 ], [ 358814.861854381568264, 2027403.333636971190572 ], [ 358789.251956044696271, 2027428.944327824981883 ], [ 358759.248206458170898, 2027458.94900589925237 ], [ 358729.244456871703733, 2027488.953683973522857 ], [ 358699.24070728517836, 2027518.958362047793344 ], [ 358664.843106449057814, 2027553.357027342310175 ], [ 358664.843106449057814, 2027583.361705416580662 ], [ 358639.233208112185821, 2027608.972396270371974 ], [ 358613.623502068512607, 2027634.582894824910909 ], [ 358583.619752481987234, 2027634.582894824910909 ], [ 358553.616002895520069, 2027664.587572899181396 ], [ 358493.608503722469322, 2027664.587572899181396 ], [ 358459.210710593149997, 2027698.986430493183434 ], [ 358433.601004549534991, 2027724.596929047722369 ], [ 358403.597254963067826, 2027724.596929047722369 ], [ 358373.593505376542453, 2027754.601607121992856 ], [ 358283.582256616966333, 2027754.601607121992856 ], [ 358249.184463487647008, 2027789.000464715994895 ], [ 358214.786862651526462, 2027823.399130010744557 ], [ 358214.786862651526462, 2027895.836366509087384 ], [ 358249.184463487705216, 2027930.235031803837046 ], [ 358279.188213074114174, 2027960.239709878107533 ], [ 358309.191962660697754, 2027990.24438795237802 ], [ 358343.589755789958872, 2028024.643245546380058 ], [ 358373.593505376542453, 2028024.643245546380058 ], [ 358399.203211420215666, 2028050.253744100918993 ], [ 358424.813109757029451, 2028075.864434954710305 ], [ 358424.813109757029451, 2028153.450588827254251 ], [ 358399.203211420157459, 2028179.061279681045562 ], [ 358364.805610584036913, 2028213.459944975795224 ], [ 358364.805610584036913, 2028243.464623050065711 ], [ 358334.80186099751154, 2028273.469301124336198 ], [ 358334.80186099751154, 2028333.478657272877172 ], [ 358304.798111411044374, 2028363.483335347147658 ], [ 358304.798111411044374, 2028393.488013421185315 ], [ 358283.582256617024541, 2028414.704524755245075 ], [ 358253.578507030557375, 2028414.704524755245075 ], [ 358223.574757444032002, 2028444.709202829515561 ], [ 358193.571007857506629, 2028444.709202829515561 ], [ 358163.567258270981256, 2028474.713880903786048 ], [ 358073.556009511521552, 2028474.713880903786048 ], [ 358043.552259924996179, 2028504.718558978056535 ], [ 357944.753116372972727, 2028504.718558978056535 ], [ 357944.753116372972727, 2028735.967352587962523 ], [ 357974.7568659594981, 2028765.97203066223301 ], [ 357974.7568659594981, 2028783.548828386468813 ], [ 357944.753116372972727, 2028813.5535064607393 ], [ 357944.753116372972727, 2029083.59560912894085 ], [ 357914.749366786505561, 2029113.600287203211337 ], [ 357914.749366786505561, 2029173.609643351752311 ], [ 357854.741867613454815, 2029233.618999500293285 ], [ 357854.741867613454815, 2029263.623677574330941 ], [ 357824.73811802698765, 2029293.628355648601428 ], [ 357824.73811802698765, 2029336.060914072906598 ], [ 357863.529762405902147, 2029374.853758887387812 ], [ 358013.548510338470805, 2029374.853758887387812 ], [ 358069.161965968669392, 2029430.468935516197234 ], [ 358094.771864305483177, 2029456.079626369988546 ], [ 358094.771864305483177, 2029486.084304444259033 ], [ 358124.77561389200855, 2029516.088982518529519 ], [ 358124.77561389200855, 2029593.675136391073465 ], [ 358094.771864305483177, 2029623.679814465343952 ], [ 358094.771864305483177, 2029653.684492539614439 ], [ 358069.161965968611185, 2029679.29518339340575 ], [ 358034.764365132490639, 2029713.693848688155413 ], [ 358034.764365132490639, 2029816.135763261001557 ], [ 358069.161965968669392, 2029850.534428555518389 ], [ 358099.16571555507835, 2029880.539106629788876 ], [ 358124.77561389200855, 2029906.149797483580187 ], [ 358124.77561389200855, 2029936.154475557850674 ], [ 358154.779363478475716, 2029966.159153632121161 ], [ 358154.779363478475716, 2029996.163831706391647 ], [ 358244.790612238051835, 2030086.177865929203108 ], [ 358244.790612238051835, 2030116.182544003240764 ], [ 358279.188213074114174, 2030150.581209297990426 ], [ 358313.586006203549914, 2030184.980066891992465 ], [ 358343.58975579001708, 2030184.980066891992465 ], [ 358399.203211420215666, 2030240.595243520801887 ], [ 358429.206961006624624, 2030270.599921595072374 ], [ 358454.816859343554825, 2030296.210612448863685 ], [ 358454.816859343554825, 2030356.219968597404659 ], [ 358484.82060893002199, 2030386.224646671675146 ], [ 358484.82060893002199, 2030583.829512841301039 ], [ 358454.816859343554825, 2030613.834190915571526 ], [ 358454.816859343554825, 2030673.843547063879669 ], [ 358424.813109757029451, 2030703.848225138150156 ], [ 358424.813109757029451, 2030763.857581286691129 ], [ 358399.203211420157459, 2030789.468272140482441 ], [ 358343.58975579001708, 2030845.083448769291863 ], [ 358073.556009511521552, 2030845.083448769291863 ], [ 358004.760615545965265, 2030913.880971658043563 ], [ 358004.760615545965265, 2031063.904362029163167 ], [ 357974.7568659594981, 2031093.909040103433654 ], [ 357974.7568659594981, 2031123.913718177704141 ], [ 357949.146967622626107, 2031149.524409031495452 ], [ 357923.537261578952894, 2031175.134907586034387 ], [ 357833.526012819493189, 2031175.134907586034387 ], [ 357799.128219690115657, 2031209.533765180036426 ], [ 357773.518513646558858, 2031235.14426373434253 ], [ 357743.514764059975278, 2031235.14426373434253 ], [ 357713.511014473449904, 2031265.148941808613017 ], [ 357614.711870921426453, 2031265.148941808613017 ], [ 357614.711870921426453, 2031466.393057344481349 ], [ 357649.109471757605206, 2031500.791722639231011 ], [ 357683.507264886866324, 2031535.19058023323305 ], [ 357713.511014473508112, 2031535.19058023323305 ], [ 357743.514764060033485, 2031565.195258307270706 ], [ 357803.522263232967816, 2031565.195258307270706 ], [ 357833.526012819493189, 2031595.199936381541193 ], [ 357965.969435410806909, 2031595.199936381541193 ], [ 357995.973184997332282, 2031565.195258307270706 ], [ 358296.010680862294976, 2031565.195258307270706 ], [ 358326.014430448820349, 2031535.19058023323305 ], [ 358493.608503722585738, 2031535.19058023323305 ], [ 358519.218209766200744, 2031560.801078787539154 ], [ 358553.616002895578276, 2031595.199936381541193 ], [ 358583.619752482045442, 2031595.199936381541193 ], [ 358609.229458525718655, 2031620.810434936080128 ], [ 358639.233208112127613, 2031650.815113010350615 ], [ 358699.240707285236567, 2031710.824469158891588 ], [ 358724.850605622050352, 2031736.4351600126829 ], [ 358724.850605622050352, 2031766.439838086953387 ], [ 358754.854355208575726, 2031796.444516161223873 ], [ 358754.854355208575726, 2031856.453872309532017 ], [ 358784.858104795042891, 2031886.458550383802503 ], [ 358784.858104795042891, 2031916.46322845807299 ], [ 358814.861854381568264, 2031946.467906532343477 ], [ 358814.861854381568264, 2031976.472584606613964 ], [ 358883.65724834712455, 2032045.270107495365664 ], [ 358913.660997933591716, 2032045.270107495365664 ], [ 358943.664747520117089, 2032075.274785569636151 ], [ 358973.668497106642462, 2032075.274785569636151 ], [ 359003.672246693167835, 2032105.279463643673807 ], [ 359033.675996279576793, 2032105.279463643673807 ], [ 359059.285702323191799, 2032130.889962198212743 ], [ 359084.895600660122, 2032156.500653052004054 ], [ 359084.895600660122, 2032336.528721497626975 ], [ 359123.687245039036497, 2032375.321566312108189 ], [ 359196.123168457532302, 2032375.321566312108189 ], [ 359226.126918043999467, 2032345.316888237837702 ], [ 359316.138166803459171, 2032345.316888237837702 ], [ 359346.141916389984544, 2032315.312210163567215 ], [ 359363.717241731123067, 2032315.312210163567215 ], [ 359393.720991317590233, 2032345.316888237837702 ], [ 359603.74723842315143, 2032345.316888237837702 ], [ 359629.356944466824643, 2032370.927386792376637 ], [ 359659.360694053350016, 2032400.932064866414294 ], [ 359684.970592390163802, 2032426.542755720205605 ], [ 359684.970592390163802, 2032456.547433794476092 ], [ 359723.762236769194715, 2032495.340278608957306 ], [ 359813.773485528712627, 2032495.340278608957306 ], [ 359843.777235115238, 2032525.344956683227792 ], [ 359873.780984701705165, 2032525.344956683227792 ], [ 359894.996839495724998, 2032546.561468017287552 ], [ 359894.996839495724998, 2032576.566146091558039 ], [ 359925.000589082192164, 2032606.570824165828526 ], [ 359925.000589082192164, 2032636.575502240099013 ], [ 359963.792233461281285, 2032675.368347054347396 ], [ 360023.799732634215616, 2032675.368347054347396 ], [ 360045.015587428235449, 2032696.584858388407156 ], [ 360045.015587428235449, 2032726.589536462677643 ], [ 360075.019337014702614, 2032756.59421453694813 ], [ 360075.019337014702614, 2032786.598892611218616 ], [ 360113.810981393733528, 2032825.39173742569983 ], [ 360293.833478912769351, 2032825.39173742569983 ], [ 360323.837228499294724, 2032855.396415499970317 ], [ 360533.863475604739506, 2032855.396415499970317 ], [ 360559.473181648354512, 2032881.006914054509252 ], [ 360585.083079985284712, 2032906.617604908300564 ], [ 360585.083079985284712, 2032945.410449722781777 ], [ 361026.351893234241288, 2032945.410449722781777 ], [ 361060.749686363560613, 2032911.011592128779739 ], [ 361116.363141993700992, 2032855.396415499970317 ] ] ], [ [ [ 370006.26091439119773, 2025765.504223237745464 ], [ 370036.264663977723103, 2025735.499545163474977 ], [ 370036.264663977723103, 2025705.49486708920449 ], [ 370066.268413564248476, 2025675.490189014934003 ], [ 370066.268413564248476, 2025573.048274442087859 ], [ 370036.264663977723103, 2025543.043596368050203 ], [ 370036.264663977723103, 2025504.250751553568989 ], [ 369997.473019598750398, 2025504.250751553568989 ], [ 369976.257164804730564, 2025483.034240219509229 ], [ 369976.257164804730564, 2025453.029562145238742 ], [ 369946.253415218205191, 2025423.024884070968255 ], [ 369946.253415218205191, 2025363.015527922427282 ], [ 369916.249665631738026, 2025333.010849848156795 ], [ 369916.249665631738026, 2025152.982781402766705 ], [ 369886.245916045212653, 2025122.978103328496218 ], [ 369886.245916045212653, 2024942.950034883106127 ], [ 369856.242166458687279, 2024912.945356808835641 ], [ 369856.242166458687279, 2024882.940678734565154 ], [ 369826.238416872161906, 2024852.936000660294667 ], [ 369826.238416872161906, 2024784.138477771542966 ], [ 369757.443022906722035, 2024784.138477771542966 ], [ 369731.833316863107029, 2024758.527979217004031 ], [ 369671.825817689998075, 2024698.518623068463057 ], [ 369637.428024560620543, 2024664.11976547469385 ], [ 369577.420525387686212, 2024664.11976547469385 ], [ 369547.416775801160838, 2024634.115087400423363 ], [ 369517.413026214693673, 2024634.115087400423363 ], [ 369487.409276628226507, 2024604.110409326152876 ], [ 369427.401777455175761, 2024604.110409326152876 ], [ 369367.394278282125015, 2024544.101053177611902 ], [ 369337.390528695657849, 2024544.101053177611902 ], [ 369316.174673901638016, 2024522.884541843552142 ], [ 369316.174673901638016, 2024454.087018954800442 ], [ 369054.928358171775471, 2024454.087018954800442 ], [ 369024.924608585250098, 2024484.091697029070929 ], [ 368994.920858998782933, 2024484.091697029070929 ], [ 368964.91710941225756, 2024514.096375103341416 ], [ 368934.913359825790394, 2024514.096375103341416 ], [ 368896.121715446759481, 2024552.889219917822629 ], [ 368896.121715446759481, 2024582.893897992093116 ], [ 368840.508067523362115, 2024638.509266920154914 ], [ 368810.504317936836742, 2024668.513944994425401 ], [ 368780.500568350427784, 2024698.518623068463057 ], [ 368724.887112720229197, 2024754.13379969727248 ], [ 368694.883363133645616, 2024754.13379969727248 ], [ 368656.091718754731119, 2024792.926644511753693 ], [ 368656.091718754731119, 2024822.93132258602418 ], [ 368630.481820417859126, 2024848.542013439815491 ], [ 368600.478070831333753, 2024878.546691514085978 ], [ 368574.868364787718747, 2024904.157190068624914 ], [ 368544.864615201135166, 2024904.157190068624914 ], [ 368510.466822071815841, 2024938.556047662626952 ], [ 368484.857116028200835, 2024964.166546217165887 ], [ 368454.853366441791877, 2024964.166546217165887 ], [ 368420.455573312356137, 2024998.565403810935095 ], [ 368390.451823725830764, 2025028.570081885205582 ], [ 368356.054222889710218, 2025062.968747179955244 ], [ 368356.054222889710218, 2025152.982781402766705 ], [ 368326.050473303184845, 2025182.987459477037191 ], [ 368326.050473303184845, 2025212.992137551307678 ], [ 368296.046723716717679, 2025242.996815625578165 ], [ 368296.046723716717679, 2025315.434052123920992 ], [ 368326.050473303184845, 2025345.438730198191479 ], [ 368326.050473303184845, 2025495.462120569543913 ], [ 368356.054222889710218, 2025525.4667986438144 ], [ 368356.054222889710218, 2025615.48083286639303 ], [ 368386.057972476177383, 2025645.485510940663517 ], [ 368386.057972476177383, 2025675.490189014934003 ], [ 368424.849616855208296, 2025714.283033829415217 ], [ 369204.947106104285922, 2025714.283033829415217 ], [ 369230.556812147959135, 2025739.893532383954152 ], [ 369264.954605277220253, 2025774.292389977956191 ], [ 369427.401777455233969, 2025774.292389977956191 ], [ 369457.405527041701134, 2025744.287711903685704 ], [ 369504.984601969306823, 2025744.287711903685704 ], [ 369534.988351555832196, 2025774.292389977956191 ], [ 369624.9996003152919, 2025774.292389977956191 ], [ 369655.003349901759066, 2025804.297068052226678 ], [ 369685.007099488342647, 2025804.297068052226678 ], [ 369710.61680553201586, 2025829.907566606765613 ], [ 369745.014598661393393, 2025864.306424200534821 ], [ 369967.469270012166817, 2025864.306424200534821 ], [ 370006.26091439119773, 2025825.513579386286438 ], [ 370006.26091439119773, 2025765.504223237745464 ] ] ] ] } },
{ "type": "Feature", "properties": { "OBJECTID": 12, "乡镇名": "田独镇", "面积km2": 193.423 }, "geometry": { "type": "MultiPolygon", "coordinates": [ [ [ [ 362016.475165359326638, 2011822.117085453588516 ], [ 361960.862173958623316, 2011766.502373068593442 ], [ 361935.252275621809531, 2011740.891682214802131 ], [ 361935.252275621809531, 2011723.314884490566328 ], [ 361960.862173958681524, 2011697.704193636775017 ], [ 361986.47188000229653, 2011672.093695082236081 ], [ 362004.047205343435053, 2011672.093695082236081 ], [ 362034.050954929960426, 2011702.098373156506568 ], [ 362286.509375867375638, 2011702.098373156506568 ], [ 362320.907168996694963, 2011667.69951556250453 ], [ 362346.516875040309969, 2011642.089017007965595 ], [ 362376.520624626777135, 2011642.089017007965595 ], [ 362415.312269005866256, 2011603.296172193717211 ], [ 362415.312269005866256, 2011573.291494119446725 ], [ 362445.316018592333421, 2011543.286816045176238 ], [ 362445.316018592333421, 2011513.282137970905751 ], [ 362475.319768178858794, 2011483.277459896635264 ], [ 362475.319768178858794, 2011453.272781822364777 ], [ 362500.929666515730787, 2011427.662090968573466 ], [ 362535.327267351851333, 2011393.263425673823804 ], [ 362535.327267351851333, 2011303.249391451245174 ], [ 362556.543122145871166, 2011282.032880117185414 ], [ 362646.55437090533087, 2011282.032880117185414 ], [ 362685.346015284361783, 2011243.2400353027042 ], [ 362685.346015284361783, 2011050.784086507046595 ], [ 362646.554370905272663, 2011011.991241692798212 ], [ 362574.118447487067897, 2011011.991241692798212 ], [ 362544.114697900600731, 2011041.995919766835868 ], [ 362526.539372559287585, 2011041.995919766835868 ], [ 362505.32351776532596, 2011020.779408433008939 ], [ 362505.32351776532596, 2010990.774730358738452 ], [ 362470.925916929263622, 2010956.37606506398879 ], [ 362445.316018592333421, 2010930.765374210197479 ], [ 362445.316018592333421, 2010900.760696135926992 ], [ 362406.524374213418923, 2010861.967851321445778 ], [ 362376.520624626835342, 2010861.967851321445778 ], [ 362346.516875040309969, 2010831.963173247175291 ], [ 362316.513125453842804, 2010831.963173247175291 ], [ 362286.509375867375638, 2010801.958495172904804 ], [ 362034.050954929960426, 2010801.958495172904804 ], [ 362004.047205343435053, 2010831.963173247175291 ], [ 361956.468130415829364, 2010831.963173247175291 ], [ 361926.464380829362199, 2010801.958495172904804 ], [ 361896.460631242778618, 2010801.958495172904804 ], [ 361870.850925199105404, 2010776.347996618365869 ], [ 361836.453132069727872, 2010741.949139024596661 ], [ 361806.449382483318914, 2010741.949139024596661 ], [ 361776.445632896851748, 2010711.944460950326174 ], [ 361613.998460718838032, 2010711.944460950326174 ], [ 361583.994711132370867, 2010741.949139024596661 ], [ 361553.990961545961909, 2010741.949139024596661 ], [ 361519.593168416526169, 2010776.347996618365869 ], [ 361485.195567580405623, 2010810.746661913115531 ], [ 361485.195567580405623, 2010900.760696135926992 ], [ 361455.19181799388025, 2010930.765374210197479 ], [ 361455.19181799388025, 2011020.779408433008939 ], [ 361429.581919657066464, 2011046.39009928656742 ], [ 361403.972213613393251, 2011072.000597841106355 ], [ 361326.389389099262189, 2011072.000597841106355 ], [ 361275.169320474902634, 2011020.778944174526259 ], [ 361275.169320474902634, 2011110.793442655587569 ], [ 361238.951823002367746, 2011147.012060904875398 ], [ 361275.169320474902634, 2011183.230679154163226 ], [ 361275.169320474902634, 2011252.028202042914927 ], [ 361433.975963199860416, 2011252.028202042914927 ], [ 361455.19181799388025, 2011273.244713376974687 ], [ 361455.19181799388025, 2011303.249391451245174 ], [ 361493.983462372911163, 2011342.042236265726388 ], [ 361523.987211959436536, 2011342.042236265726388 ], [ 361553.990961545961909, 2011372.046914339764044 ], [ 361583.994711132370867, 2011372.046914339764044 ], [ 361598.996818040322978, 2011387.049485498806462 ], [ 361579.600667589518707, 2011406.446236177580431 ], [ 361530.201424082100857, 2011455.847008380340412 ], [ 361510.805930161150172, 2011436.450914251850918 ], [ 361476.408137031714432, 2011402.05205665784888 ], [ 361373.968928256363142, 2011402.05205665784888 ], [ 361429.581919657066464, 2011457.666769042843953 ], [ 361459.585669243475422, 2011487.67144711711444 ], [ 361485.195567580405623, 2011513.282137970905751 ], [ 361485.195567580405623, 2011543.286816045176238 ], [ 361515.199317166872788, 2011573.291494119446725 ], [ 361515.199317166872788, 2011603.296172193717211 ], [ 361549.596918003051542, 2011637.694837488234043 ], [ 361583.994711132429074, 2011672.093695082236081 ], [ 361613.99846071889624, 2011672.093695082236081 ], [ 361644.002210305421613, 2011702.098373156506568 ], [ 361704.009709478414152, 2011702.098373156506568 ], [ 361734.013459064939525, 2011732.103051230777055 ], [ 361764.01720865140669, 2011732.103051230777055 ], [ 361794.020958237873856, 2011762.107729305047542 ], [ 361854.028457410924602, 2011762.107729305047542 ], [ 361884.032206997449975, 2011792.112407379318029 ], [ 361914.035956583917141, 2011792.112407379318029 ], [ 361944.039706170384306, 2011822.117085453588516 ], [ 362016.475165359326638, 2011822.117085453588516 ] ] ], [ [ [ 358480.427221924241167, 2015418.284274843288586 ], [ 358510.43097151076654, 2015388.279596769018099 ], [ 358540.434721097233705, 2015358.274918694747612 ], [ 358570.438470683759078, 2015328.270240620709956 ], [ 358600.442220270284452, 2015298.265562546439469 ], [ 358626.051926313899457, 2015272.655063991900533 ], [ 358656.055675900366623, 2015272.655063991900533 ], [ 358720.457218616269529, 2015208.251528323628008 ], [ 358754.854819452390075, 2015173.852863028878346 ], [ 358754.854819452390075, 2015143.848184954607859 ], [ 358780.464717789262068, 2015118.237494100816548 ], [ 358810.468467375787441, 2015088.232816026546061 ], [ 358844.866068211907987, 2015053.834150731796399 ], [ 358844.866068211907987, 2015023.829472657758743 ], [ 358896.085672592453193, 2014972.608283249428496 ], [ 358956.093171765503939, 2014972.608283249428496 ], [ 358986.096921351971105, 2014942.603605175158009 ], [ 359016.10067093843827, 2014942.603605175158009 ], [ 359046.104420524963643, 2014912.598927100887522 ], [ 359076.108170111430809, 2014912.598927100887522 ], [ 359106.111919697956182, 2014882.594249026617035 ], [ 359144.903564076928888, 2014882.594249026617035 ], [ 359144.903564076928888, 2014843.801404212135822 ], [ 359174.907313663454261, 2014813.796726137865335 ], [ 359174.907313663454261, 2014681.350133490981534 ], [ 359144.903564076928888, 2014651.345455416711047 ], [ 359144.903564076928888, 2014621.34077734244056 ], [ 359110.505963240866549, 2014586.942112047690898 ], [ 359080.502213654282968, 2014556.937433973420411 ], [ 359054.892315317469183, 2014531.3267431196291 ], [ 359054.892315317469183, 2014411.308030822779983 ], [ 358994.884816144418437, 2014351.29867467423901 ], [ 358994.884816144418437, 2014321.293996599968523 ], [ 358956.093171765503939, 2014282.501151785487309 ], [ 358926.089422178978566, 2014282.501151785487309 ], [ 358900.47971613536356, 2014256.890653230948374 ], [ 358866.08192300592782, 2014222.491795636946335 ], [ 358836.078173419402447, 2014222.491795636946335 ], [ 358806.074423832877073, 2014192.487117562675849 ], [ 358776.0706742463517, 2014192.487117562675849 ], [ 358746.066924659826327, 2014162.482439488638192 ], [ 358433.601004549593199, 2014162.482439488638192 ], [ 358403.597254963126034, 2014192.487117562675849 ], [ 358373.593505376542453, 2014192.487117562675849 ], [ 358339.19571224716492, 2014226.885975156677887 ], [ 358309.191962660639547, 2014256.890653230948374 ], [ 358283.582256617024541, 2014282.501151785487309 ], [ 358223.574757444032002, 2014282.501151785487309 ], [ 358193.571007857506629, 2014312.505829859757796 ], [ 358133.56350868451409, 2014312.505829859757796 ], [ 358099.165715555136558, 2014346.904687453759834 ], [ 358064.768114719016012, 2014381.303352748509496 ], [ 358064.768114719016012, 2014411.308030822779983 ], [ 358039.158216382144019, 2014436.918721676571295 ], [ 358004.760615545965265, 2014471.317386971088126 ], [ 358004.760615545965265, 2014501.322065045358613 ], [ 357974.7568659594981, 2014531.3267431196291 ], [ 357974.7568659594981, 2014561.331421193899587 ], [ 357944.753116372972727, 2014591.336099268170074 ], [ 357944.753116372972727, 2014651.345455416711047 ], [ 357914.749366786505561, 2014681.350133490981534 ], [ 357914.749366786505561, 2014711.354811565252021 ], [ 357884.745617199980188, 2014741.359489639522508 ], [ 357884.745617199980188, 2014981.396914233453572 ], [ 357854.741867613454815, 2015011.401592307724059 ], [ 357854.741867613454815, 2015203.857541103148833 ], [ 357884.745617199980188, 2015233.86221917741932 ], [ 357884.745617199980188, 2015263.866897251689807 ], [ 357919.143218036158942, 2015298.265562546439469 ], [ 357949.1469676225679, 2015328.270240620709956 ], [ 357983.544760752061848, 2015362.669098214479163 ], [ 358013.548510338470805, 2015362.669098214479163 ], [ 358034.764365132490639, 2015383.885609548538923 ], [ 358034.764365132490639, 2015413.89028762280941 ], [ 358073.556009511521552, 2015452.683132437290624 ], [ 358133.563508684455883, 2015452.683132437290624 ], [ 358163.567258270923048, 2015482.687810511561111 ], [ 358416.025679208454676, 2015482.687810511561111 ], [ 358450.423472337774001, 2015448.288952917559072 ], [ 358480.427221924241167, 2015418.284274843288586 ] ] ], [ [ [ 348583.583245383866597, 2018521.94892699434422 ], [ 348553.579495797399431, 2018551.953605068614706 ], [ 348553.579495797399431, 2018684.400197715731338 ], [ 348583.583245383866597, 2018714.404875790001824 ], [ 348583.583245383866597, 2018774.414231938309968 ], [ 348613.58699497039197, 2018804.418910012580454 ], [ 348613.58699497039197, 2018924.437622309662402 ], [ 348643.590744556917343, 2018954.442300383932889 ], [ 348643.590744556917343, 2019062.033132330747321 ], [ 348613.58699497039197, 2019092.037810405017808 ], [ 348613.58699497039197, 2019122.042488479288295 ], [ 348577.369497497857083, 2019158.261106728576124 ], [ 348613.58699497039197, 2019194.479724977863953 ], [ 348613.58699497039197, 2019233.272569792345166 ], [ 348652.378639349364676, 2019233.272569792345166 ], [ 348682.382388935831841, 2019263.277247866615653 ], [ 348754.818312354327645, 2019263.277247866615653 ], [ 348784.822061940794811, 2019233.272569792345166 ], [ 348814.825811527261976, 2019233.272569792345166 ], [ 348849.223604656639509, 2019198.873712198343128 ], [ 348883.621205492760055, 2019164.475046903593466 ], [ 348883.621205492760055, 2019134.470368829322979 ], [ 348904.837060286779888, 2019113.253857495263219 ], [ 349012.423634387436323, 2019113.253857495263219 ], [ 349042.427383973961696, 2019143.258535569533706 ], [ 349072.431133560428862, 2019143.258535569533706 ], [ 349123.650737940974068, 2019194.479724977863953 ], [ 349123.650737940974068, 2019254.489081126404926 ], [ 349153.654487527441233, 2019284.493759200675413 ], [ 349153.654487527441233, 2019434.517149571795017 ], [ 349192.446131906472147, 2019473.30999438627623 ], [ 349222.449881492939312, 2019473.30999438627623 ], [ 349252.453631079464685, 2019503.314672460546717 ], [ 349282.457380665990058, 2019503.314672460546717 ], [ 349308.067086709663272, 2019528.925171015085652 ], [ 349338.07083629607223, 2019558.929849089356139 ], [ 349363.68073463300243, 2019584.540539943147451 ], [ 349363.68073463300243, 2019662.126693815691397 ], [ 349333.676985046477057, 2019692.131371889961883 ], [ 349333.676985046477057, 2019752.140728038502857 ], [ 349308.067086709605064, 2019777.751418892294168 ], [ 349273.669485873484518, 2019812.150084187043831 ], [ 349273.669485873484518, 2019974.601354908198118 ], [ 349312.461130252515431, 2020013.394199722679332 ], [ 349342.464879838982597, 2020013.394199722679332 ], [ 349368.074585882655811, 2020039.004698277218267 ], [ 349393.684484219469596, 2020064.615389131009579 ], [ 349393.684484219469596, 2020094.620067205280066 ], [ 349458.085834642173722, 2020159.023410574300215 ], [ 349488.089584228640888, 2020189.028088648337871 ], [ 349522.487377358018421, 2020223.426946242339909 ], [ 349552.491126944485586, 2020223.426946242339909 ], [ 349603.710731325030793, 2020274.648135650670156 ], [ 349603.710731325030793, 2020394.666847947752103 ], [ 349633.714480911497958, 2020424.67152602202259 ], [ 349633.714480911497958, 2020454.676204096060246 ], [ 349668.112081747676712, 2020489.074869390809909 ], [ 349698.115831334085669, 2020519.079547465080395 ], [ 349783.733228844066616, 2020604.69959446741268 ], [ 349783.733228844066616, 2020634.704272541683167 ], [ 349818.130829680128954, 2020669.102937836432829 ], [ 349852.528622809564695, 2020703.501795430434868 ], [ 349912.536121982615441, 2020703.501795430434868 ], [ 349933.751976776577067, 2020724.718306764261797 ], [ 349933.751976776577067, 2020784.727662912802771 ], [ 349963.755726363044232, 2020814.732340987073258 ], [ 349963.755726363044232, 2020844.737019061343744 ], [ 349993.759475949569605, 2020874.741697135614231 ], [ 349993.759475949569605, 2020964.755731358425692 ], [ 350023.763225536036771, 2020994.760409432696179 ], [ 350023.763225536036771, 2021162.360597528051585 ], [ 349998.153327199164778, 2021187.971288381842896 ], [ 349963.755726363044232, 2021222.369953676592559 ], [ 349963.755726363044232, 2021252.374631750863045 ], [ 349933.751976776577067, 2021282.379309824900702 ], [ 349933.751976776577067, 2021354.816546323476359 ], [ 349963.755726363044232, 2021384.821224397746846 ], [ 349963.755726363044232, 2021414.825902472017333 ], [ 349993.759475949569605, 2021444.83058054628782 ], [ 349993.759475949569605, 2021483.623425360769033 ], [ 350032.551120328542311, 2021483.623425360769033 ], [ 350053.766975122562144, 2021504.839936694828793 ], [ 350053.766975122562144, 2021534.84461476909928 ], [ 350083.770724709087517, 2021564.849292843369767 ], [ 350083.770724709087517, 2021603.64213765761815 ], [ 350122.562369088060223, 2021603.64213765761815 ], [ 350152.566118674585596, 2021633.646815731888637 ], [ 350332.588616193563212, 2021633.646815731888637 ], [ 350353.804470987583045, 2021654.863327065948397 ], [ 350353.804470987583045, 2021684.868005140218884 ], [ 350383.808220574108418, 2021714.872683214489371 ], [ 350383.808220574108418, 2022062.500939755467698 ], [ 350362.592365780088585, 2022083.717451089527458 ], [ 350323.800721401115879, 2022083.717451089527458 ], [ 350323.800721401115879, 2022122.510295904008672 ], [ 350293.796971814590506, 2022152.514973978046328 ], [ 350293.796971814590506, 2022182.519652052316815 ], [ 350263.793222228123341, 2022212.524330126587301 ], [ 350263.793222228123341, 2022242.529008200857788 ], [ 350233.789472641597968, 2022272.533686275128275 ], [ 350233.789472641597968, 2022332.543042423669249 ], [ 350182.569868261052761, 2022383.764231831999496 ], [ 350143.778223882080056, 2022383.764231831999496 ], [ 350143.778223882080056, 2022452.561754720518366 ], [ 350113.774474295554683, 2022482.566432794788852 ], [ 350113.774474295554683, 2022512.571110869059339 ], [ 350083.770724709087517, 2022542.575788943329826 ], [ 350083.770724709087517, 2022572.580467017600313 ], [ 350028.157076785690151, 2022628.195835945662111 ], [ 349998.153327199164778, 2022658.200514019932598 ], [ 349963.755726363044232, 2022692.59917931468226 ], [ 349963.755726363044232, 2022902.631925834342837 ], [ 349938.145828026172239, 2022928.242616688134149 ], [ 349908.142078439705074, 2022958.247294762404636 ], [ 349882.532372396090068, 2022983.85779331671074 ], [ 349822.524873222981114, 2022983.85779331671074 ], [ 349788.127080093661789, 2023018.256650910712779 ], [ 349723.72572967101587, 2023082.659994279732928 ], [ 349723.72572967101587, 2023112.664672354003415 ], [ 349693.721980084490497, 2023142.669350428273901 ], [ 349693.721980084490497, 2023172.674028502544388 ], [ 349663.718230498023331, 2023202.678706576814875 ], [ 349663.718230498023331, 2023232.683384651085362 ], [ 349633.714480911497958, 2023262.688062725355849 ], [ 349633.714480911497958, 2023292.692740799393505 ], [ 349603.710731325030793, 2023322.697418873663992 ], [ 349603.710731325030793, 2023412.711453096475452 ], [ 349543.703232151980046, 2023472.720809245016426 ], [ 349543.703232151980046, 2023785.195470337523147 ], [ 349573.706981738505419, 2023815.200148411793634 ], [ 349573.706981738505419, 2023875.209504560101777 ], [ 349603.710731325030793, 2023905.214182634372264 ], [ 349603.710731325030793, 2024325.279675673926249 ], [ 349633.714480911497958, 2024355.284353748196736 ], [ 349633.714480911497958, 2024415.29370989673771 ], [ 349668.112081747676712, 2024449.692375191254541 ], [ 349693.721980084490497, 2024475.303066045045853 ], [ 349693.721980084490497, 2024565.317100267857313 ], [ 349732.51362446352141, 2024604.109945082338527 ], [ 349822.524873223039322, 2024604.109945082338527 ], [ 349852.528622809564695, 2024634.114623156609014 ], [ 349972.543621155549772, 2024634.114623156609014 ], [ 350002.547370742075145, 2024664.119301230879501 ], [ 350302.584866607096046, 2024664.119301230879501 ], [ 350328.19457265076926, 2024689.729799785418436 ], [ 350353.804470987583045, 2024715.340490638976917 ], [ 350353.804470987583045, 2024745.345168713247404 ], [ 350418.205821410287172, 2024809.748512082267553 ], [ 350452.603614539548289, 2024844.147369676269591 ], [ 350542.614863299124409, 2024844.147369676269591 ], [ 350572.618612885649782, 2024874.152047750540078 ], [ 350602.622362472116947, 2024874.152047750540078 ], [ 350623.83821726613678, 2024895.368559084599838 ], [ 350623.83821726613678, 2025135.405983678530902 ], [ 350658.235818102199119, 2025169.804648973280564 ], [ 350692.633611231634859, 2025204.203506567282602 ], [ 350752.641110404627398, 2025204.203506567282602 ], [ 350773.856965198647231, 2025225.420017901342362 ], [ 350773.856965198647231, 2025315.434052123920992 ], [ 350803.860714785172604, 2025345.438730198191479 ], [ 350803.860714785172604, 2025375.443408272461966 ], [ 350833.86446437163977, 2025405.448086346732453 ], [ 350833.86446437163977, 2025474.245609235484153 ], [ 350872.656108750670683, 2025474.245609235484153 ], [ 350893.871963544690516, 2025495.462120569543913 ], [ 350893.871963544690516, 2025534.254965384025127 ], [ 350932.663607923663221, 2025534.254965384025127 ], [ 350962.667357510188594, 2025564.259643458295614 ], [ 351022.674856683239341, 2025564.259643458295614 ], [ 351048.284562726854347, 2025589.870142012601718 ], [ 351078.288312313263305, 2025619.874820086872205 ], [ 351103.898210650193505, 2025645.485510940663517 ], [ 351103.898210650193505, 2025684.27835575514473 ], [ 351142.68985502916621, 2025684.27835575514473 ], [ 351163.905709823186044, 2025705.49486708920449 ], [ 351163.905709823186044, 2025744.287711903685704 ], [ 351202.697354202216957, 2025744.287711903685704 ], [ 351232.70110378874233, 2025774.292389977956191 ], [ 351262.704853375209495, 2025774.292389977956191 ], [ 351288.314559418882709, 2025799.902888532495126 ], [ 351322.712352548143826, 2025834.301746126497164 ], [ 351532.738599653821439, 2025834.301746126497164 ], [ 351562.742349240288604, 2025864.306424200534821 ], [ 351652.753597999748308, 2025864.306424200534821 ], [ 351682.757347586273681, 2025894.311102274805307 ], [ 351862.779845105251297, 2025894.311102274805307 ], [ 351892.783594691718463, 2025924.315780349075794 ], [ 352252.82858972979011, 2025924.315780349075794 ], [ 352282.832339316315483, 2025954.320458423346281 ], [ 352342.839838489308022, 2025954.320458423346281 ], [ 352364.055693283327855, 2025975.536969757406041 ], [ 352364.055693283327855, 2026005.541647831676528 ], [ 352398.453294119506609, 2026039.94031312642619 ], [ 352424.063192456320394, 2026065.551003980217502 ], [ 352424.063192456320394, 2026125.560360128758475 ], [ 352458.460793292499147, 2026159.959025423275307 ], [ 352484.07069162937114, 2026185.569716277066618 ], [ 352484.07069162937114, 2026224.362561091547832 ], [ 352672.881083940854296, 2026224.362561091547832 ], [ 352694.096938734874129, 2026245.579072425607592 ], [ 352694.096938734874129, 2026455.611818945268169 ], [ 352724.100688321341295, 2026485.616497019538656 ], [ 352724.100688321341295, 2026515.621175093809143 ], [ 352814.111937080917414, 2026605.635209316620603 ], [ 352814.111937080917414, 2026923.258787783328444 ], [ 352784.108187494392041, 2026953.263465857598931 ], [ 352784.108187494392041, 2026983.268143931636587 ], [ 352728.494539570994675, 2027038.883512859698385 ], [ 352694.096938734874129, 2027073.282178154448047 ], [ 352694.096938734874129, 2027103.286856228718534 ], [ 352664.093189148348756, 2027133.291534302989021 ], [ 352664.093189148348756, 2027265.738126950105652 ], [ 352694.096938734874129, 2027295.742805024143308 ], [ 352694.096938734874129, 2027334.535649838624522 ], [ 352732.888583113846835, 2027334.535649838624522 ], [ 352818.505788330570795, 2027420.155504541704431 ], [ 352848.509537916979752, 2027450.160182615974918 ], [ 352882.907331046415493, 2027484.559040209976956 ], [ 352942.914830219408032, 2027484.559040209976956 ], [ 352972.918579805933405, 2027514.563718284247443 ], [ 353002.92232939240057, 2027514.563718284247443 ], [ 353028.532035436073784, 2027540.174216838786379 ], [ 353054.141933772887569, 2027565.784907692344859 ], [ 353054.141933772887569, 2027715.808298063697293 ], [ 353084.145683359412942, 2027745.81297613796778 ], [ 353084.145683359412942, 2027835.827010360779241 ], [ 353114.149432945938315, 2027865.831688434816897 ], [ 353114.149432945938315, 2027895.836366509087384 ], [ 353144.153182532405481, 2027925.841044583357871 ], [ 353144.153182532405481, 2027964.633889397839084 ], [ 353182.944826911378186, 2027964.633889397839084 ], [ 353208.554532954993192, 2027990.24438795237802 ], [ 353264.168180878448766, 2028045.859756880439818 ], [ 353264.168180878448766, 2028075.864434954710305 ], [ 353294.171930464974139, 2028105.869113028980792 ], [ 353294.171930464974139, 2028165.878469177288935 ], [ 353324.175680051441304, 2028195.883147251559421 ], [ 353324.175680051441304, 2028255.892503400100395 ], [ 353354.179429637966678, 2028285.897181474370882 ], [ 353354.179429637966678, 2028423.492691495455801 ], [ 353328.569531301094685, 2028449.103382349247113 ], [ 353294.171930464974139, 2028483.502047643996775 ], [ 353294.171930464974139, 2028573.516081866808236 ], [ 353234.164431291923393, 2028633.525438015349209 ], [ 353234.164431291923393, 2028693.534794163657352 ], [ 353208.5545329550514, 2028719.145485017448664 ], [ 353174.156932118930854, 2028753.544150312198326 ], [ 353174.156932118930854, 2029006.009455256164074 ], [ 353204.160681705398019, 2029036.014133330434561 ], [ 353204.160681705398019, 2029143.604965277481824 ], [ 353178.550783368526027, 2029169.215656131273136 ], [ 353144.153182532405481, 2029203.614321426022798 ], [ 353144.153182532405481, 2029366.065592147177085 ], [ 353174.156932118930854, 2029396.070270221447572 ], [ 353174.156932118930854, 2029696.11705096391961 ], [ 353208.554532954993192, 2029730.515716258669272 ], [ 353234.164431291923393, 2029756.126407112460583 ], [ 353234.164431291923393, 2029816.135763261001557 ], [ 353264.168180878448766, 2029846.140441335039213 ], [ 353264.168180878448766, 2029876.1451194093097 ], [ 353294.171930464974139, 2029906.149797483580187 ], [ 353294.171930464974139, 2029936.154475557850674 ], [ 353328.569531301036477, 2029970.553140852600336 ], [ 353354.179429637966678, 2029996.163831706391647 ], [ 353354.179429637966678, 2030026.168509780662134 ], [ 353384.183179224433843, 2030056.173187854932621 ], [ 353384.183179224433843, 2030176.191900151781738 ], [ 353448.58452964713797, 2030240.595243520801887 ], [ 353478.588279233546928, 2030270.599921595072374 ], [ 353504.198177570477128, 2030296.210612448863685 ], [ 353504.198177570477128, 2030326.215290523134172 ], [ 353538.595778406539466, 2030360.613955817883834 ], [ 353564.205676743469667, 2030386.224646671675146 ], [ 353564.205676743469667, 2030425.017491485923529 ], [ 353602.997321122442372, 2030425.017491485923529 ], [ 353624.213175916462205, 2030446.234002819983289 ], [ 353624.213175916462205, 2030506.243358968524262 ], [ 353658.610776752640959, 2030540.642024263273925 ], [ 353688.614526339049917, 2030570.646702337544411 ], [ 353714.224424675980117, 2030596.257393191335723 ], [ 353714.224424675980117, 2030883.876293583773077 ], [ 353684.220675089454744, 2030913.880971658043563 ], [ 353684.220675089454744, 2031033.89968395489268 ], [ 353654.216925502987579, 2031063.904362029163167 ], [ 353654.216925502987579, 2031093.909040103433654 ], [ 353624.213175916462205, 2031123.913718177704141 ], [ 353624.213175916462205, 2031183.923074326245114 ], [ 353598.603277579590213, 2031209.533765180036426 ], [ 353572.993571536033414, 2031235.14426373434253 ], [ 353542.989821949391626, 2031235.14426373434253 ], [ 353512.98607236292446, 2031265.148941808613017 ], [ 353482.982322776399087, 2031265.148941808613017 ], [ 353448.584529647079762, 2031299.547799402615055 ], [ 353414.186928810959216, 2031333.946464697364718 ], [ 353414.186928810959216, 2031466.393057344481349 ], [ 353444.190678397484589, 2031496.397735418751836 ], [ 353444.190678397484589, 2031526.402413493022323 ], [ 353474.194427983951755, 2031556.407091567059979 ], [ 353474.194427983951755, 2031676.425803864141926 ], [ 353504.198177570477128, 2031706.430481938412413 ], [ 353504.198177570477128, 2031796.444516161223873 ], [ 353538.595778406597674, 2031830.843181455740705 ], [ 353564.205676743469667, 2031856.453872309532017 ], [ 353564.205676743469667, 2031886.458550383802503 ], [ 353594.20942632999504, 2031916.46322845807299 ], [ 353594.20942632999504, 2031946.467906532343477 ], [ 353624.213175916462205, 2031976.472584606613964 ], [ 353624.213175916462205, 2032006.477262680884451 ], [ 353654.216925502987579, 2032036.481940755154938 ], [ 353654.216925502987579, 2032066.486618829425424 ], [ 353684.220675089454744, 2032096.491296903463081 ], [ 353684.220675089454744, 2032444.119553444441408 ], [ 353658.610776752582751, 2032469.730244298232719 ], [ 353624.213175916462205, 2032504.128909592982382 ], [ 353624.213175916462205, 2032534.133587667252868 ], [ 353598.603277579590213, 2032559.74427852104418 ], [ 353564.205676743469667, 2032594.142943815793842 ], [ 353564.205676743469667, 2032816.603570685489103 ], [ 353594.20942632999504, 2032846.60824875975959 ], [ 353594.20942632999504, 2032906.617604908300564 ], [ 353624.213175916462205, 2032936.622282982571051 ], [ 353624.213175916462205, 2032975.415127796819434 ], [ 353663.004820295434911, 2032975.415127796819434 ], [ 353688.614526339049917, 2033001.025626351358369 ], [ 353714.224424675980117, 2033026.63631720514968 ], [ 353714.224424675980117, 2033056.640995279420167 ], [ 353778.625775098684244, 2033121.044338648440316 ], [ 353804.235673435498029, 2033146.655029502231628 ], [ 353804.235673435498029, 2033176.659707576502115 ], [ 353834.239423022023402, 2033206.664385650772601 ], [ 353834.239423022023402, 2033236.669063724810258 ], [ 353864.243172608490568, 2033266.673741799080744 ], [ 353864.243172608490568, 2033296.678419873351231 ], [ 353894.246922195015941, 2033326.683097947621718 ], [ 353894.246922195015941, 2033584.297320265788585 ], [ 353868.637023858143948, 2033609.908011119579896 ], [ 353843.027317814470734, 2033635.518509674118832 ], [ 353813.023568227945361, 2033635.518509674118832 ], [ 353778.625775098626036, 2033669.91736726812087 ], [ 353744.22817426250549, 2033704.316032562870532 ], [ 353744.22817426250549, 2033734.320710637141019 ], [ 353714.224424675980117, 2033764.325388711411506 ], [ 353714.224424675980117, 2033884.344101008260623 ], [ 353684.220675089454744, 2033914.348779082531109 ], [ 353684.220675089454744, 2033944.353457156801596 ], [ 353663.004820295434911, 2033965.569968490861356 ], [ 353633.001070708909538, 2033965.569968490861356 ], [ 353598.603277579590213, 2033999.968826084863394 ], [ 353534.201927156944294, 2034064.372169453883544 ], [ 353534.201927156944294, 2034094.3768475279212 ], [ 353512.98607236292446, 2034115.59335886198096 ], [ 353474.194427983951755, 2034115.59335886198096 ], [ 353474.194427983951755, 2034154.386203676462173 ], [ 353452.978573189931922, 2034175.602715010521933 ], [ 353392.971074016881175, 2034175.602715010521933 ], [ 353358.57328088756185, 2034210.001572604523972 ], [ 353332.963574843946844, 2034235.612071159062907 ], [ 353294.171930464974139, 2034235.612071159062907 ], [ 353294.171930464974139, 2034406.851508620427921 ], [ 353332.963574843888637, 2034445.644353434909135 ], [ 353392.971074016939383, 2034445.644353434909135 ], [ 353422.974823603464756, 2034475.649031509179622 ], [ 353452.978573189931922, 2034475.649031509179622 ], [ 353482.982322776399087, 2034505.653709583450109 ], [ 353542.989821949449833, 2034505.653709583450109 ], [ 353572.993571535975207, 2034535.658387657720596 ], [ 353735.4407437138143, 2034535.658387657720596 ], [ 353799.842286429717205, 2034471.254851989448071 ], [ 353829.846036016242579, 2034441.250173915177584 ], [ 353855.455742059857585, 2034415.639675360638648 ], [ 353903.034816987521481, 2034415.639675360638648 ], [ 353933.038566574046854, 2034445.644353434909135 ], [ 353963.042316160514019, 2034445.644353434909135 ], [ 353993.046065747039393, 2034475.649031509179622 ], [ 354023.049815333506558, 2034475.649031509179622 ], [ 354053.053564920031931, 2034505.653709583450109 ], [ 354083.057314506499097, 2034505.653709583450109 ], [ 354113.061064092966262, 2034535.658387657720596 ], [ 354173.068563266017009, 2034535.658387657720596 ], [ 354203.072312852542382, 2034565.663065731991082 ], [ 354233.076062439067755, 2034565.663065731991082 ], [ 354254.291917233087588, 2034586.879577066050842 ], [ 354254.291917233087588, 2034676.893611288629472 ], [ 354288.689518069149926, 2034711.292276583379135 ], [ 354318.693267655733507, 2034741.296954657649621 ], [ 354348.697017242142465, 2034771.301632731920108 ], [ 354404.310665165598039, 2034826.917001659981906 ], [ 354404.310665165598039, 2034856.921679734252393 ], [ 354434.314414752065204, 2034886.92635780852288 ], [ 354434.314414752065204, 2034925.719202623004094 ], [ 354665.556980895402376, 2034925.719202623004094 ], [ 354695.560730481927749, 2034895.714524548733607 ], [ 354725.564480068453122, 2034895.714524548733607 ], [ 354755.568229654978495, 2034865.70984647446312 ], [ 354965.594476760539692, 2034865.70984647446312 ], [ 354989.384014224342536, 2034841.919572826242074 ], [ 355013.17355168814538, 2034865.70984647446312 ], [ 355073.181050861137919, 2034865.70984647446312 ], [ 355094.396905655157752, 2034886.92635780852288 ], [ 355094.396905655157752, 2034916.931035882793367 ], [ 355128.794506491278298, 2034951.329701177310199 ], [ 355188.802005664329045, 2035011.339057325851172 ], [ 355218.805755250738002, 2035041.343735400121659 ], [ 355253.203548380173743, 2035075.742592994123697 ], [ 355283.207297966640908, 2035075.742592994123697 ], [ 355313.211047553166281, 2035105.747271068394184 ], [ 355403.222296312684193, 2035105.747271068394184 ], [ 355428.832002356357407, 2035131.35776962293312 ], [ 355458.835751942766365, 2035161.362447697203606 ], [ 355484.445650279696565, 2035186.973138550994918 ], [ 355484.445650279696565, 2035306.991850847844034 ], [ 355518.843251115875319, 2035341.390516142593697 ], [ 355553.241044245136436, 2035375.789373736595735 ], [ 355583.244793831661809, 2035375.789373736595735 ], [ 355613.248543418128975, 2035405.794051810866222 ], [ 355643.252293004712556, 2035405.794051810866222 ], [ 355673.256042591237929, 2035435.798729885136709 ], [ 355784.483610388531815, 2035435.798729885136709 ], [ 355784.483610388531815, 2035276.987172773573548 ], [ 355805.699465182551648, 2035255.770661439513788 ], [ 355835.703214769018814, 2035255.770661439513788 ], [ 355870.101007898454554, 2035221.37180384574458 ], [ 355900.104757484979928, 2035191.367125771474093 ], [ 355934.502358321100473, 2035156.968460476724431 ], [ 355934.502358321100473, 2035126.963782402453944 ], [ 355960.112256657972466, 2035101.353091548662633 ], [ 356024.513607080618385, 2035036.949748179642484 ], [ 356024.513607080618385, 2035006.945070105371997 ], [ 356050.123505417490378, 2034981.334379251580685 ], [ 356080.127255003957544, 2034951.329701177310199 ], [ 356114.524855840078089, 2034916.931035882793367 ], [ 356114.524855840078089, 2034886.92635780852288 ], [ 356170.138503763475455, 2034831.310988880461082 ], [ 356195.748209807148669, 2034805.700490325922146 ], [ 356264.54360377258854, 2034805.700490325922146 ], [ 356264.54360377258854, 2034766.907645511440933 ], [ 356294.547353359113913, 2034736.902967437170446 ], [ 356294.547353359113913, 2034646.888933214591816 ], [ 356324.551102945639286, 2034616.884255140321329 ], [ 356324.551102945639286, 2034586.879577066050842 ], [ 356345.766957739659119, 2034565.663065731991082 ], [ 356405.774456912709866, 2034565.663065731991082 ], [ 356440.172250042029191, 2034531.264208137989044 ], [ 356495.78570567216957, 2034475.649031509179622 ], [ 356675.808203191147186, 2034475.649031509179622 ], [ 356705.811952777672559, 2034445.644353434909135 ], [ 356765.819451950665098, 2034445.644353434909135 ], [ 356795.823201537190471, 2034415.639675360638648 ], [ 356873.406026051321533, 2034415.639675360638648 ], [ 356899.015732094936538, 2034441.250173915177584 ], [ 356963.417274810897652, 2034505.653709583450109 ], [ 357143.439772329875268, 2034505.653709583450109 ], [ 357173.443521916400641, 2034535.658387657720596 ], [ 357275.883194921247195, 2034535.658387657720596 ], [ 357305.886944507772569, 2034505.653709583450109 ], [ 357335.890694094239734, 2034505.653709583450109 ], [ 357370.288487223617267, 2034471.254851989448071 ], [ 357400.29223681014264, 2034441.250173915177584 ], [ 357425.901942853757646, 2034415.639675360638648 ], [ 357455.905692440341227, 2034415.639675360638648 ], [ 357490.303485569660552, 2034381.24081776663661 ], [ 357520.307235156127717, 2034351.236139692598954 ], [ 357554.704835992248263, 2034316.837474397849292 ], [ 357554.704835992248263, 2034286.832796323578805 ], [ 357599.710228250070941, 2034241.826011341297999 ], [ 357623.499765713873785, 2034265.616284989519045 ], [ 357803.522263232967816, 2034265.616284989519045 ], [ 357833.526012819493189, 2034295.620963063789532 ], [ 357863.529762405960355, 2034295.620963063789532 ], [ 357884.745617199980188, 2034316.837474397849292 ], [ 357884.745617199980188, 2034346.842152472119778 ], [ 357923.537261579069309, 2034385.634997286368161 ], [ 358055.980684170266613, 2034385.634997286368161 ], [ 358090.378477299702354, 2034351.236139692598954 ], [ 358124.7760781358229, 2034316.837474397849292 ], [ 358124.7760781358229, 2034286.832796323578805 ], [ 358145.991932929842733, 2034265.616284989519045 ], [ 358236.003181689360645, 2034265.616284989519045 ], [ 358270.400974818738177, 2034231.217427395517007 ], [ 358296.010680862411391, 2034205.606928840978071 ], [ 358343.58975579001708, 2034205.606928840978071 ], [ 358373.593505376542453, 2034235.611606915248558 ], [ 358536.040677554381546, 2034235.611606915248558 ], [ 358574.832321933412459, 2034196.818762100767344 ], [ 358574.832321933412459, 2034136.809405952226371 ], [ 358604.836071519879624, 2034106.804727877955884 ], [ 358604.836071519879624, 2034046.795371729647741 ], [ 358630.445969856751617, 2034021.184680875856429 ], [ 358664.843570692872163, 2033986.786015581106767 ], [ 358664.843570692872163, 2033776.75326906144619 ], [ 358716.063175073417369, 2033725.532079653115943 ], [ 358806.074423832877073, 2033725.532079653115943 ], [ 358900.479716135305353, 2033631.123865910572931 ], [ 358930.483465721830726, 2033601.119187836302444 ], [ 358956.093171765445732, 2033575.508689281763509 ], [ 358986.096921351912897, 2033575.508689281763509 ], [ 359016.10067093843827, 2033545.504011207493022 ], [ 359046.104420524905436, 2033545.504011207493022 ], [ 359084.896064903936349, 2033506.711166393244639 ], [ 359084.896064903936349, 2033446.701810244703665 ], [ 359114.899814490461722, 2033416.697132170433179 ], [ 359114.899814490461722, 2033296.678419873351231 ], [ 359140.509712827333715, 2033271.06772901955992 ], [ 359166.119418870948721, 2033245.457230465020984 ], [ 359256.130667630408425, 2033245.457230465020984 ], [ 359294.922312009439338, 2033206.664385650772601 ], [ 359294.922312009439338, 2033116.650351427961141 ], [ 359324.926061595964711, 2033086.645673353690654 ], [ 359324.926061595964711, 2033026.63631720514968 ], [ 359354.929811182490084, 2032996.631639130879194 ], [ 359354.929811182490084, 2032846.60824875975959 ], [ 359384.933560769015457, 2032816.603570685489103 ], [ 359384.933560769015457, 2032744.166334186913446 ], [ 359361.143559068499599, 2032720.375596287660301 ], [ 359384.933560769015457, 2032696.584858388407156 ], [ 359384.933560769015457, 2032666.580180314136669 ], [ 359410.543459105829243, 2032640.969489460578188 ], [ 359440.547208692354616, 2032610.964811386307701 ], [ 359466.156914736027829, 2032585.354312831768766 ], [ 359496.160664322494995, 2032585.354312831768766 ], [ 359530.558457451872528, 2032550.955455237766728 ], [ 359560.562207038397901, 2032520.950777163496241 ], [ 359586.171913082012907, 2032495.340278608957306 ], [ 359616.175662668480072, 2032495.340278608957306 ], [ 359691.184804520045873, 2032420.328815545188263 ], [ 359650.573455797857605, 2032379.716210075421259 ], [ 359616.175662668421865, 2032345.317352481652051 ], [ 359406.149415563035291, 2032345.317352481652051 ], [ 359376.145665976568125, 2032315.312674407381564 ], [ 359333.713492144655902, 2032315.312674407381564 ], [ 359303.709742558130529, 2032345.317352481652051 ], [ 359213.698493798670825, 2032345.317352481652051 ], [ 359183.694744212203659, 2032375.322030555689707 ], [ 359136.11566928436514, 2032375.322030555689707 ], [ 359110.505963240808342, 2032349.711532001383603 ], [ 359084.896064903936349, 2032324.100841147592291 ], [ 359084.896064903936349, 2032144.07277270196937 ], [ 359046.104420525021851, 2032105.279927887488157 ], [ 359016.10067093843827, 2032105.279927887488157 ], [ 358986.096921351912897, 2032075.27524981321767 ], [ 358956.093171765387524, 2032075.27524981321767 ], [ 358926.089422178862151, 2032045.270571739180014 ], [ 358896.085672592453193, 2032045.270571739180014 ], [ 358814.862318625382613, 2031964.04470425657928 ], [ 358814.862318625382613, 2031934.040026182308793 ], [ 358784.858569038915448, 2031904.035348108038306 ], [ 358784.858569038915448, 2031874.030670033767819 ], [ 358754.854819452390075, 2031844.025991959497333 ], [ 358754.854819452390075, 2031784.01663581118919 ], [ 358724.851069865922909, 2031754.011957736918703 ], [ 358724.851069865922909, 2031724.007279662648216 ], [ 358660.449719443218783, 2031659.603936293628067 ], [ 358630.445969856809825, 2031629.59925821935758 ], [ 358596.048176727374084, 2031595.200400625355542 ], [ 358566.044427140906919, 2031595.200400625355542 ], [ 358506.036927967856172, 2031535.191044476814568 ], [ 358313.586006203549914, 2031535.191044476814568 ], [ 358283.582256617024541, 2031565.195722551085055 ], [ 357983.54476075200364, 2031565.195722551085055 ], [ 357953.541011165478267, 2031595.200400625355542 ], [ 357845.954437064821832, 2031595.200400625355542 ], [ 357815.950687478296459, 2031565.195722551085055 ], [ 357755.94318830530392, 2031565.195722551085055 ], [ 357725.939438718778547, 2031535.191044476814568 ], [ 357695.935689132194966, 2031535.191044476814568 ], [ 357670.325983088638168, 2031509.580545922508463 ], [ 357640.322233502112795, 2031479.575867848237976 ], [ 357614.71233516529901, 2031453.965176994446665 ], [ 357614.71233516529901, 2031286.364988898858428 ], [ 357635.928189959318843, 2031265.148477564798668 ], [ 357725.939438718720339, 2031265.148477564798668 ], [ 357755.943188305245712, 2031235.143799490761012 ], [ 357785.946937891887501, 2031235.143799490761012 ], [ 357820.344731021206826, 2031200.744941896758974 ], [ 357845.954437064821832, 2031175.134443342220038 ], [ 357935.965685824397951, 2031175.134443342220038 ], [ 357974.757330203312449, 2031136.341598527738824 ], [ 357974.757330203312449, 2031106.336920453468338 ], [ 358004.761079789837822, 2031076.332242379197851 ], [ 358004.761079789837822, 2030926.308852008078247 ], [ 358030.370978126709815, 2030900.698161154286936 ], [ 358085.984433756850194, 2030845.082984525477514 ], [ 358356.018180035345722, 2030845.082984525477514 ], [ 358424.813574000902008, 2030776.285461636725813 ], [ 358424.813574000902008, 2030716.276105488184839 ], [ 358454.817323587369174, 2030686.271427413914353 ], [ 358454.817323587369174, 2030626.26207126560621 ], [ 358484.821073173894547, 2030596.257393191335723 ], [ 358484.821073173894547, 2030373.796766321640462 ], [ 358454.817323587369174, 2030343.792088247369975 ], [ 358454.817323587369174, 2030283.782732098829001 ], [ 358420.419722751306836, 2030249.384066804079339 ], [ 358356.018180035345722, 2030184.980531135806814 ], [ 358326.014430448878556, 2030184.980531135806814 ], [ 358300.404724405205343, 2030159.370032581267878 ], [ 358270.400974818796385, 2030129.365354506997392 ], [ 358244.791076481866185, 2030103.75466365320608 ], [ 358244.791076481866185, 2030073.749985579168424 ], [ 358180.389726059162058, 2030009.346642210148275 ], [ 358154.779827722348273, 2029983.735951356356964 ], [ 358154.779827722348273, 2029953.731273282086477 ], [ 358124.7760781358229, 2029923.72659520781599 ], [ 358124.7760781358229, 2029893.721917133545503 ], [ 358090.378477299760561, 2029859.323251838795841 ], [ 358060.374727713176981, 2029829.318573764525354 ], [ 358034.764829376304988, 2029803.707882910966873 ], [ 358034.764829376304988, 2029726.121729038190097 ], [ 358094.772328549355734, 2029666.112372889649123 ], [ 358094.772328549355734, 2029636.107694815378636 ], [ 358124.7760781358229, 2029606.103016741108149 ], [ 358124.7760781358229, 2029503.661102168494835 ], [ 358094.772328549355734, 2029473.656424094224349 ], [ 358094.772328549355734, 2029443.651746019953862 ], [ 358025.976934583799448, 2029374.854223131202161 ], [ 357875.958186651347205, 2029374.854223131202161 ], [ 357850.348480607732199, 2029349.243724576663226 ], [ 357824.738582270801999, 2029323.633033722871915 ], [ 357824.738582270801999, 2029306.056235998636112 ], [ 357854.742331857327372, 2029276.051557924365625 ], [ 357854.742331857327372, 2029246.046879850327969 ], [ 357880.352230194199365, 2029220.436188996536657 ], [ 357914.74983103031991, 2029186.037523701786995 ], [ 357914.74983103031991, 2029126.028167553246021 ], [ 357944.753580616845284, 2029096.023489478975534 ], [ 357944.753580616845284, 2028825.981386810773984 ], [ 357974.757330203312449, 2028795.976708736503497 ], [ 357974.757330203312449, 2028753.544150312198326 ], [ 357944.753580616845284, 2028723.539472237927839 ], [ 357944.753580616845284, 2028525.934606068301946 ], [ 357965.969435410865117, 2028504.718094734242186 ], [ 358055.980684170324821, 2028504.718094734242186 ], [ 358085.984433756850194, 2028474.713416659971699 ], [ 358175.995682516309898, 2028474.713416659971699 ], [ 358205.999432102835272, 2028444.708738585701212 ], [ 358236.003181689360645, 2028444.708738585701212 ], [ 358266.006931275886018, 2028414.704060511430725 ], [ 358304.798575654858723, 2028414.704060511430725 ], [ 358304.798575654858723, 2028375.911215697182342 ], [ 358334.802325241384096, 2028345.906537622911856 ], [ 358334.802325241384096, 2028285.897181474370882 ], [ 358364.806074827851262, 2028255.892503400100395 ], [ 358364.806074827851262, 2028225.887825325829908 ], [ 358424.813574000902008, 2028165.878469177288935 ], [ 358424.813574000902008, 2028063.436554604675621 ], [ 358386.021929621871095, 2028024.643709790194407 ], [ 358356.01818003540393, 2028024.643709790194407 ], [ 358330.408473991788924, 2027999.033211235655472 ], [ 358300.404724405205343, 2027969.028533161384985 ], [ 358270.400974818796385, 2027939.023855087114498 ], [ 358214.787326895340811, 2027883.4084861590527 ], [ 358214.787326895340811, 2027835.827010360779241 ], [ 358270.400974818738177, 2027780.211641432717443 ], [ 358296.010680862411391, 2027754.601142878178507 ], [ 358386.021929621871095, 2027754.601142878178507 ], [ 358416.025679208396468, 2027724.59646480390802 ], [ 358446.029428794863634, 2027724.59646480390802 ], [ 358480.427221924241167, 2027690.197607209905982 ], [ 358506.03692796791438, 2027664.587108655367047 ], [ 358566.044427140965126, 2027664.587108655367047 ], [ 358596.048176727432292, 2027634.58243058109656 ], [ 358626.051926313957665, 2027634.58243058109656 ], [ 358664.843570692872163, 2027595.789585766615346 ], [ 358664.843570692872163, 2027565.784907692344859 ], [ 358690.453469029744156, 2027540.174216838786379 ], [ 358720.457218616269529, 2027510.169538764515892 ], [ 358750.460968202794902, 2027480.164860690245405 ], [ 358780.464717789262068, 2027450.160182615974918 ], [ 358814.862318625382613, 2027415.761517321225256 ], [ 358814.862318625382613, 2027343.324280822649598 ], [ 358780.464717789320275, 2027308.925615527899936 ], [ 358754.854819452390075, 2027283.314924674108624 ], [ 358754.854819452390075, 2027253.310246600070968 ], [ 358724.851069865922909, 2027223.305568525800481 ], [ 358724.851069865922909, 2027163.296212377259508 ], [ 358694.847320279397536, 2027133.291534302989021 ], [ 358694.847320279397536, 2027103.286856228718534 ], [ 358664.843570692872163, 2027073.282178154448047 ], [ 358664.843570692872163, 2027043.27750008017756 ], [ 358634.839821106404997, 2027013.272822005907074 ], [ 358634.839821106404997, 2026983.268143931636587 ], [ 358604.836071519879624, 2026953.263465857598931 ], [ 358604.836071519879624, 2026923.258787783328444 ], [ 358574.832321933412459, 2026893.254109709057957 ], [ 358574.832321933412459, 2026863.24943163478747 ], [ 358536.040677554381546, 2026824.456586820306256 ], [ 358506.03692796791438, 2026824.456586820306256 ], [ 358480.427221924299374, 2026798.846088265767321 ], [ 358450.423472337715793, 2026768.841410191496834 ], [ 358420.419722751306836, 2026738.836732117226347 ], [ 358390.415973164723255, 2026708.83205404295586 ], [ 358360.412223578197882, 2026678.827375968918204 ], [ 358330.408473991788924, 2026648.822697894647717 ], [ 358300.404724405205343, 2026618.818019820377231 ], [ 358274.794826068391558, 2026593.207328966585919 ], [ 358274.794826068391558, 2026563.202650892315432 ], [ 358244.791076481866185, 2026533.197972818044946 ], [ 358244.791076481866185, 2026503.193294743774459 ], [ 358214.787326895340811, 2026473.188616669503972 ], [ 358214.787326895340811, 2026443.183938595233485 ], [ 358184.783577308815438, 2026413.179260520962998 ], [ 358184.783577308815438, 2026245.579072425607592 ], [ 358214.787326895340811, 2026215.574394351337105 ], [ 358214.787326895340811, 2026173.141835927031934 ], [ 358184.783577308815438, 2026143.137157852761447 ], [ 358184.783577308815438, 2026083.127801704453304 ], [ 358154.779827722348273, 2026053.123123630182818 ], [ 358154.779827722348273, 2025795.508901312015951 ], [ 358184.783577308815438, 2025765.504223237745464 ], [ 358184.783577308815438, 2025735.499545163474977 ], [ 358214.787326895340811, 2025705.49486708920449 ], [ 358214.787326895340811, 2025675.490189014934003 ], [ 358244.791076481866185, 2025645.485510940663517 ], [ 358244.791076481866185, 2025315.434052123920992 ], [ 358274.794826068391558, 2025285.429374049650505 ], [ 358274.794826068391558, 2025255.424695975612849 ], [ 358304.798575654858723, 2025225.420017901342362 ], [ 358304.798575654858723, 2025165.410661752801389 ], [ 358330.408473991730716, 2025139.799970899010077 ], [ 358364.806074827851262, 2025105.401305604260415 ], [ 358364.806074827851262, 2025075.396627529989928 ], [ 358394.809824414376635, 2025045.391949455719441 ], [ 358394.809824414376635, 2024985.382593307411298 ], [ 358416.025679208396468, 2024964.166081973351538 ], [ 358454.817323587369174, 2024964.166081973351538 ], [ 358454.817323587369174, 2024925.373237158870324 ], [ 358491.034821059904061, 2024889.154618909582496 ], [ 358454.817323587369174, 2024852.936000660294667 ], [ 358454.817323587369174, 2024822.93132258602418 ], [ 358424.813574000902008, 2024792.926644511753693 ], [ 358424.813574000902008, 2024762.921966437483206 ], [ 358364.806074827851262, 2024702.912610288942233 ], [ 358364.806074827851262, 2024672.907932214904577 ], [ 358326.014430448936764, 2024634.115087400423363 ], [ 358296.010680862411391, 2024634.115087400423363 ], [ 358274.794826068391558, 2024612.898576066363603 ], [ 358274.794826068391558, 2024582.893897992093116 ], [ 358244.791076481866185, 2024552.889219917822629 ], [ 358244.791076481866185, 2024522.884541843552142 ], [ 358214.787326895340811, 2024492.879863769281656 ], [ 358214.787326895340811, 2024432.870507620740682 ], [ 358175.995682516251691, 2024394.077662806492299 ], [ 358145.991932929842733, 2024394.077662806492299 ], [ 358120.382226886169519, 2024368.467164251953363 ], [ 358085.984433756908402, 2024334.068306657951325 ], [ 358055.980684170324821, 2024334.068306657951325 ], [ 358025.976934583799448, 2024304.063628583680838 ], [ 357965.969435410865117, 2024304.063628583680838 ], [ 357944.753580616845284, 2024282.847117249621078 ], [ 357944.753580616845284, 2024192.833083026809618 ], [ 357914.74983103031991, 2024162.828404952539131 ], [ 357914.74983103031991, 2024102.819048804230988 ], [ 357880.352230194141157, 2024068.420383509481326 ], [ 357845.95443706488004, 2024034.021525915479288 ], [ 357815.950687478354666, 2024034.021525915479288 ], [ 357794.734832684334833, 2024012.805014581419528 ], [ 357794.734832684334833, 2023952.795658432878554 ], [ 357764.73108309780946, 2023922.790980358608067 ], [ 357764.73108309780946, 2023883.998135544126853 ], [ 357725.939438718778547, 2023883.998135544126853 ], [ 357695.935689132253174, 2023853.993457469856367 ], [ 357455.905692440224811, 2023853.993457469856367 ], [ 357425.901942853699438, 2023823.98877939581871 ], [ 357305.886944507772569, 2023823.98877939581871 ], [ 357284.671089713752735, 2023802.77226806175895 ], [ 357284.671089713752735, 2023442.716131170745939 ], [ 357254.667340127227362, 2023412.711453096475452 ], [ 357254.667340127227362, 2023275.115943075390533 ], [ 357314.674839300278109, 2023215.106586926849559 ], [ 357314.674839300278109, 2023185.101908852579072 ], [ 357344.678588886745274, 2023155.097230778308585 ], [ 357344.678588886745274, 2023125.092552704038098 ], [ 357374.682338473270647, 2023095.087874629767612 ], [ 357374.682338473270647, 2023035.078518481226638 ], [ 357404.686088059737813, 2023005.073840406956151 ], [ 357404.686088059737813, 2022885.055128110107034 ], [ 357434.689837646263186, 2022855.050450035836548 ], [ 357434.689837646263186, 2022692.59917931468226 ], [ 357404.686088059737813, 2022662.594501240411773 ], [ 357404.686088059737813, 2022602.5851450918708 ], [ 357374.682338473270647, 2022572.580467017600313 ], [ 357374.682338473270647, 2022512.571110869059339 ], [ 357335.890694094239734, 2022473.778266054578125 ], [ 357305.886944507772569, 2022473.778266054578125 ], [ 357254.667340127227362, 2022422.557076646247879 ], [ 357254.667340127227362, 2022392.552398572210222 ], [ 357224.663590540701989, 2022362.547720497939736 ], [ 357224.663590540701989, 2022332.543042423669249 ], [ 357194.659840954234824, 2022302.538364349398762 ], [ 357194.659840954234824, 2022242.529008200857788 ], [ 357164.65609136770945, 2022212.524330126587301 ], [ 357164.65609136770945, 2022152.514973978046328 ], [ 357134.652341781242285, 2022122.510295904008672 ], [ 357134.652341781242285, 2021672.4401247901842 ], [ 357104.648592194716912, 2021642.435446715913713 ], [ 357104.648592194716912, 2021612.430768641643226 ], [ 357070.250991358538158, 2021578.032103346893564 ], [ 357040.247241772070993, 2021548.027425272855908 ], [ 357014.637343435199, 2021522.416734419064596 ], [ 357014.637343435199, 2021492.412056344794109 ], [ 356984.633593848731834, 2021462.407378270523623 ], [ 356984.633593848731834, 2021432.402700196253136 ], [ 356924.626094675681088, 2021372.393344047712162 ], [ 356924.626094675681088, 2021252.374631750863045 ], [ 356894.622345089213923, 2021222.369953676592559 ], [ 356894.622345089213923, 2021204.793155952356756 ], [ 356924.626094675681088, 2021174.788477878086269 ], [ 356924.626094675681088, 2021114.779121729545295 ], [ 356954.629844262206461, 2021084.774443655274808 ], [ 356954.629844262206461, 2020964.755731358425692 ], [ 356984.633593848731834, 2020934.751053284155205 ], [ 356984.633593848731834, 2020904.746375209884718 ], [ 357010.243492185603827, 2020879.135684356093407 ], [ 357035.853198229218833, 2020853.525185801554471 ], [ 357065.856947815685999, 2020853.525185801554471 ], [ 357095.860697402211372, 2020823.520507727283984 ], [ 357125.864446988794953, 2020823.520507727283984 ], [ 357155.868196575262118, 2020793.515829653013498 ], [ 357185.871946161787491, 2020793.515829653013498 ], [ 357220.269739291106816, 2020759.116972059011459 ], [ 357254.667340127227362, 2020724.718306764261797 ], [ 357254.667340127227362, 2020664.708950615953654 ], [ 357284.671089713752735, 2020634.704272541683167 ], [ 357284.671089713752735, 2020604.69959446741268 ], [ 357305.886944507772569, 2020583.48308313335292 ], [ 357335.890694094239734, 2020583.48308313335292 ], [ 357365.894443680765107, 2020553.478405059082434 ], [ 357395.898193267232273, 2020553.478405059082434 ], [ 357460.299735983135179, 2020489.074869390809909 ], [ 357490.303485569660552, 2020459.070191316539422 ], [ 357520.307235156127717, 2020429.065513242501765 ], [ 357554.704835992248263, 2020394.666847947752103 ], [ 357554.704835992248263, 2020364.662169873481616 ], [ 357614.71233516529901, 2020304.652813724940643 ], [ 357614.71233516529901, 2020154.629423353821039 ], [ 357650.929832637833897, 2020118.41080510453321 ], [ 357614.71233516529901, 2020082.192186855245382 ], [ 357614.71233516529901, 2020052.187508780974895 ], [ 357575.920690786268096, 2020013.394663966493681 ], [ 357545.916941199800931, 2020013.394663966493681 ], [ 357520.307235156185925, 2019987.784165411954746 ], [ 357494.697336819255725, 2019962.173474558163434 ], [ 357494.697336819255725, 2019782.145406112773344 ], [ 357464.693587232788559, 2019752.140728038502857 ], [ 357464.693587232788559, 2019224.484403052134439 ], [ 357490.303485569660552, 2019198.873712198343128 ], [ 357520.307235156127717, 2019168.869034124072641 ], [ 357550.310984742653091, 2019138.864356049802154 ], [ 357575.920690786268096, 2019113.253857495263219 ], [ 357605.924440372851677, 2019113.253857495263219 ], [ 357640.322233502171002, 2019078.854999901261181 ], [ 357665.931939545786008, 2019053.244501346722245 ], [ 357695.935689132194966, 2019053.244501346722245 ], [ 357730.333482261630706, 2019018.845643752953038 ], [ 357764.73108309780946, 2018984.446978458203375 ], [ 357764.73108309780946, 2018954.442300383932889 ], [ 357794.734832684334833, 2018924.437622309662402 ], [ 357794.734832684334833, 2018894.432944235391915 ], [ 357824.738582270801999, 2018864.428266161121428 ], [ 357824.738582270801999, 2018834.423588086850941 ], [ 357854.742331857327372, 2018804.418910012580454 ], [ 357854.742331857327372, 2018774.414231938309968 ], [ 357880.352230194199365, 2018748.803541084518656 ], [ 357910.35597978066653, 2018718.798863010481 ], [ 357940.359729367191903, 2018688.794184936210513 ], [ 357970.363478953717276, 2018658.789506861940026 ], [ 358004.761079789837822, 2018624.390841567190364 ], [ 358004.761079789837822, 2018594.386163492919877 ], [ 358030.370978126709815, 2018568.775472639128566 ], [ 358085.984433756850194, 2018513.160296010319144 ], [ 358193.571007857506629, 2018513.160296010319144 ], [ 358223.574757444032002, 2018543.16497408458963 ], [ 358253.578507030499168, 2018543.16497408458963 ], [ 358283.582256616966333, 2018573.169652158860117 ], [ 358313.586006203491706, 2018573.169652158860117 ], [ 358343.589755789958872, 2018603.174330233130604 ], [ 358403.597254963009618, 2018603.174330233130604 ], [ 358433.601004549476784, 2018633.179008307401091 ], [ 358463.604754136002157, 2018633.179008307401091 ], [ 358493.608503722469322, 2018663.183686381671578 ], [ 358523.612253309052903, 2018663.183686381671578 ], [ 358553.616002895578276, 2018693.188364455942065 ], [ 358626.051926313957665, 2018693.188364455942065 ], [ 358656.055675900424831, 2018663.183686381671578 ], [ 358746.066924659884535, 2018663.183686381671578 ], [ 358776.070674246409908, 2018633.179008307401091 ], [ 359106.11191969801439, 2018633.179008307401091 ], [ 359140.509712827333715, 2018598.780150713399053 ], [ 359200.517212000326253, 2018538.770794564858079 ], [ 359226.126918043999467, 2018513.160296010319144 ], [ 359256.13066763052484, 2018513.160296010319144 ], [ 359290.528460759844165, 2018478.761438416317105 ], [ 359320.532210346311331, 2018448.756760342279449 ], [ 359380.539709519362077, 2018388.747404193738475 ], [ 359410.54345910588745, 2018358.742726119467989 ], [ 359440.547208692354616, 2018328.738048045197502 ], [ 359470.550958278879989, 2018298.733369970927015 ], [ 359530.558457451872528, 2018238.724013822386041 ], [ 359560.562207038397901, 2018208.719335748115554 ], [ 359590.565956624865066, 2018178.714657674077898 ], [ 359616.17566266853828, 2018153.104159119538963 ], [ 359753.76598635566188, 2018153.104159119538963 ], [ 359779.375692399335094, 2018178.714657674077898 ], [ 359804.985590736207087, 2018204.325348527636379 ], [ 359804.985590736207087, 2018234.330026601906866 ], [ 359834.98934032273246, 2018264.334704676177353 ], [ 359834.98934032273246, 2018294.339382750447839 ], [ 359869.386941158794798, 2018328.738048045197502 ], [ 359899.390690745378379, 2018358.742726119467989 ], [ 359933.788483874639496, 2018393.141583713470027 ], [ 360053.803482220682781, 2018393.141583713470027 ], [ 360079.413188264297787, 2018418.752082268008962 ], [ 360113.810981393733528, 2018453.150939862011001 ], [ 360143.814730980317108, 2018453.150939862011001 ], [ 360173.818480566784274, 2018483.155617936048657 ], [ 360216.250654398521874, 2018483.155617936048657 ], [ 360246.25440398498904, 2018453.150939862011001 ], [ 360336.265652744681574, 2018453.150939862011001 ], [ 360366.26940233114874, 2018423.146261787740514 ], [ 360473.855976431746967, 2018423.146261787740514 ], [ 360499.465682475361973, 2018448.756760342279449 ], [ 360525.075580812292174, 2018474.36745119583793 ], [ 360525.075580812292174, 2018543.16497408458963 ], [ 360563.867225191264879, 2018543.16497408458963 ], [ 360593.870974777790252, 2018573.169652158860117 ], [ 360636.303148609702475, 2018573.169652158860117 ], [ 360666.306898196169641, 2018543.16497408458963 ], [ 360795.109791334660258, 2018543.16497408458963 ], [ 360795.109791334660258, 2018504.372129270108417 ], [ 360820.719689671532251, 2018478.761438416317105 ], [ 360855.117290507652797, 2018444.362773121800274 ], [ 360855.117290507652797, 2018324.344060824718326 ], [ 360876.33314530167263, 2018303.127549490658566 ], [ 360953.915969815803692, 2018303.127549490658566 ], [ 360983.919719402270857, 2018333.132227564929053 ], [ 361043.927218575321604, 2018333.132227564929053 ], [ 361080.145180284511298, 2018369.351310065248981 ], [ 361116.363141993700992, 2018333.132227564929053 ], [ 361176.370641166751739, 2018333.132227564929053 ], [ 361206.374390753218904, 2018303.127549490658566 ], [ 361236.37814033968607, 2018303.127549490658566 ], [ 361266.381889926211443, 2018273.12287141638808 ], [ 361386.39688827219652, 2018273.12287141638808 ], [ 361416.400637858721893, 2018243.118193342117593 ], [ 361536.415636204706971, 2018243.118193342117593 ], [ 361566.419385791232344, 2018213.113515267847106 ], [ 361596.423135377699509, 2018213.113515267847106 ], [ 361635.214779756730422, 2018174.320670453598723 ], [ 361635.214779756730422, 2018144.315992379328236 ], [ 361665.218529343255796, 2018114.311314305057749 ], [ 361665.218529343255796, 2018084.306636230787262 ], [ 361695.222278929722961, 2018054.301958156516775 ], [ 361695.222278929722961, 2017994.292602007975802 ], [ 361725.226028516248334, 2017964.287923933705315 ], [ 361725.226028516248334, 2017934.283245859434828 ], [ 361750.835926853120327, 2017908.672555005643517 ], [ 361785.233527689299081, 2017874.273889711126685 ], [ 361785.233527689299081, 2017784.259855488315225 ], [ 361810.843426026171073, 2017758.649164634523913 ], [ 361840.847175612638239, 2017728.644486560253426 ], [ 361870.850925199163612, 2017698.63980848598294 ], [ 361930.858424372156151, 2017638.630452337441966 ], [ 361960.862173958623316, 2017608.62577426340431 ], [ 361986.47188000229653, 2017583.015275708865374 ], [ 362016.475629588763695, 2017583.015275708865374 ], [ 362076.483128761814442, 2017523.005919560324401 ], [ 362316.513125453784596, 2017523.005919560324401 ], [ 362346.516875040309969, 2017493.001241486053914 ], [ 362376.520624626835342, 2017493.001241486053914 ], [ 362406.524374213360716, 2017462.996563411783427 ], [ 362484.107198727491777, 2017462.996563411783427 ], [ 362514.110948314017151, 2017493.001241486053914 ], [ 362544.114697900484316, 2017493.001241486053914 ], [ 362574.118447486951482, 2017523.005919560324401 ], [ 362706.561870078439824, 2017523.005919560324401 ], [ 362736.56561966490699, 2017493.001241486053914 ], [ 362826.576868424366694, 2017493.001241486053914 ], [ 362890.9784111402696, 2017428.597705817781389 ], [ 362920.982160726794973, 2017398.593027743510902 ], [ 362946.591866770409979, 2017372.982529188971967 ], [ 362976.595616356877144, 2017372.982529188971967 ], [ 363010.993409486254677, 2017338.583671594969928 ], [ 363036.603115529869683, 2017312.973173040663823 ], [ 363144.189689630642533, 2017312.973173040663823 ], [ 363174.193439217167906, 2017342.97785111470148 ], [ 363204.197188803576864, 2017342.97785111470148 ], [ 363234.200938390102237, 2017372.982529188971967 ], [ 363486.659359327459242, 2017372.982529188971967 ], [ 363516.663108913984615, 2017342.97785111470148 ], [ 363684.257182187633589, 2017342.97785111470148 ], [ 363714.260931774158962, 2017372.982529188971967 ], [ 363744.264681360626128, 2017372.982529188971967 ], [ 363765.480536154645961, 2017394.199040523031726 ], [ 363765.480536154645961, 2017424.203718597302213 ], [ 363795.484285741171334, 2017454.2083966715727 ], [ 363795.484285741171334, 2017484.213074745843187 ], [ 363825.488035327696707, 2017514.217752820113674 ], [ 363825.488035327696707, 2017544.222430894384161 ], [ 363855.491784914163873, 2017574.227108968654647 ], [ 363855.491784914163873, 2017613.019953783135861 ], [ 363984.294678052770905, 2017613.019953783135861 ], [ 364014.298427639238071, 2017643.024631857173517 ], [ 364074.305926812172402, 2017643.024631857173517 ], [ 364104.309676398697775, 2017673.029309931444004 ], [ 364164.317175571690314, 2017673.029309931444004 ], [ 364189.926881615363527, 2017698.63980848598294 ], [ 364219.930631201772485, 2017728.644486560253426 ], [ 364254.328424331208225, 2017763.043344154255465 ], [ 364314.335923504200764, 2017763.043344154255465 ], [ 364344.33967309066793, 2017793.048022228525952 ], [ 364596.798094028083142, 2017793.048022228525952 ], [ 364631.195887157460675, 2017758.649164634523913 ], [ 364656.805593201133888, 2017733.038666079984978 ], [ 364824.399666474782862, 2017733.038666079984978 ], [ 364854.403416061308235, 2017763.043344154255465 ], [ 364974.418414407293312, 2017763.043344154255465 ], [ 365004.422163993818685, 2017793.048022228525952 ], [ 365064.429663166811224, 2017793.048022228525952 ], [ 365100.647624876059126, 2017829.267104728845879 ], [ 365136.865586585190613, 2017793.048022228525952 ], [ 365196.873085758124944, 2017793.048022228525952 ], [ 365226.876835344650317, 2017763.043344154255465 ], [ 365316.888084104168229, 2017763.043344154255465 ], [ 365355.679728483199142, 2017724.250499339774251 ], [ 365355.679728483199142, 2017664.241143191233277 ], [ 365376.895583277218975, 2017643.024631857173517 ], [ 365484.482157377817202, 2017643.024631857173517 ], [ 365510.091863421432208, 2017668.635130411712453 ], [ 365570.099362594541162, 2017728.644486560253426 ], [ 365600.10311218095012, 2017758.649164634523913 ], [ 365625.713010517880321, 2017784.259855488315225 ], [ 365625.713010517880321, 2017844.269211636856198 ], [ 365660.110611353942659, 2017878.667876931605861 ], [ 365700.72261660604272, 2017919.281138951191679 ], [ 365741.334621858084574, 2017878.667876931605861 ], [ 365771.338371444609948, 2017848.663198857335374 ], [ 365805.735972280730493, 2017814.264533562585711 ], [ 365805.735972280730493, 2017784.259855488315225 ], [ 365831.345870617602486, 2017758.649164634523913 ], [ 365865.743471453723032, 2017724.250499339774251 ], [ 365865.743471453723032, 2017694.245821265503764 ], [ 365886.959326247742865, 2017673.029309931444004 ], [ 365946.966825420735404, 2017673.029309931444004 ], [ 365976.970575007260777, 2017643.024631857173517 ], [ 366294.583396213420201, 2017643.024631857173517 ], [ 366315.799251007440034, 2017664.241143191233277 ], [ 366315.799251007440034, 2017793.048022228525952 ], [ 366487.034317977784667, 2017793.048022228525952 ], [ 366517.03806756431004, 2017763.043344154255465 ], [ 366697.060565083404072, 2017763.043344154255465 ], [ 366727.064314669871237, 2017733.038666079984978 ], [ 366817.075563429330941, 2017733.038666079984978 ], [ 366847.079313015856314, 2017703.033988005714491 ], [ 366984.669636703038123, 2017703.033988005714491 ], [ 367014.673386289563496, 2017733.038666079984978 ], [ 367074.680885462497827, 2017733.038666079984978 ], [ 367104.684635048964992, 2017763.043344154255465 ], [ 367147.116808880877215, 2017763.043344154255465 ], [ 367177.120558467402589, 2017733.038666079984978 ], [ 367207.124308053869754, 2017733.038666079984978 ], [ 367237.128057640395127, 2017703.033988005714491 ], [ 367267.131807226862293, 2017703.033988005714491 ], [ 367305.923451605893206, 2017664.241143191233277 ], [ 367305.923451605893206, 2017613.02041802671738 ], [ 367237.12805764033692, 2017613.02041802671738 ], [ 367215.912202846375294, 2017591.80390669289045 ], [ 367215.912202846375294, 2017531.794550544349477 ], [ 367181.514602010312956, 2017497.395885249599814 ], [ 367147.116808880877215, 2017462.997027655597776 ], [ 367117.11305929441005, 2017462.997027655597776 ], [ 367091.503353250795044, 2017437.386529101058841 ], [ 367061.499603664211463, 2017407.381851026788354 ], [ 367035.889705327397678, 2017381.771160172997043 ], [ 367035.889705327397678, 2017351.766482098726556 ], [ 367005.885955740872305, 2017321.761804024456069 ], [ 367005.885955740872305, 2017051.719701356254518 ], [ 366975.882206154346932, 2017021.715023282216862 ], [ 366975.882206154346932, 2016991.710345207946375 ], [ 366945.878456567879766, 2016961.705667133675888 ], [ 366945.878456567879766, 2016931.700989059405401 ], [ 366907.086812188848853, 2016892.908144244924188 ], [ 366877.083062602381688, 2016892.908144244924188 ], [ 366847.079313015856314, 2016862.903466170653701 ], [ 366817.075563429330941, 2016862.903466170653701 ], [ 366787.071813842805568, 2016832.898788096383214 ], [ 366757.068064256338403, 2016832.898788096383214 ], [ 366727.064314669813029, 2016802.894110022112727 ], [ 366697.060565083345864, 2016802.894110022112727 ], [ 366641.447109453147277, 2016747.278933393303305 ], [ 366611.443359866680112, 2016717.274255319265649 ], [ 366581.439610280154739, 2016687.269577244995162 ], [ 366551.435860693745781, 2016657.264899170724675 ], [ 366525.82596235681558, 2016631.654208316933364 ], [ 366525.82596235681558, 2016601.649530242662877 ], [ 366487.034317977784667, 2016562.856685428181663 ], [ 366457.030568391317502, 2016562.856685428181663 ], [ 366431.420862347644288, 2016537.246186873642728 ], [ 366397.023069218383171, 2016502.847329279640689 ], [ 366367.01931963179959, 2016502.847329279640689 ], [ 366341.409613588126376, 2016477.236830725101754 ], [ 366307.011820458690636, 2016442.837973131332546 ], [ 366277.008070872281678, 2016442.837973131332546 ], [ 366247.004321285756305, 2016412.83329505706206 ], [ 366217.000571699289139, 2016412.83329505706206 ], [ 366186.996822112763766, 2016382.828616982791573 ], [ 366096.985573353304062, 2016382.828616982791573 ], [ 366066.981823766836897, 2016352.823938908521086 ], [ 365994.545900348341092, 2016352.823938908521086 ], [ 365964.542150761873927, 2016382.828616982791573 ], [ 365874.530902002414223, 2016382.828616982791573 ], [ 365844.52715241588885, 2016412.83329505706206 ], [ 365784.519653242896311, 2016412.83329505706206 ], [ 365760.730115779093467, 2016436.623568705283105 ], [ 365736.940578315290622, 2016412.83329505706206 ], [ 365676.933079142239876, 2016412.83329505706206 ], [ 365646.929329555772711, 2016382.828616982791573 ], [ 365616.925579969247337, 2016382.828616982791573 ], [ 365591.315873925632332, 2016357.218118428252637 ], [ 365556.918080796196591, 2016322.819260834250599 ], [ 365526.914331209729426, 2016322.819260834250599 ], [ 365505.698476415709592, 2016301.602749500190839 ], [ 365505.698476415709592, 2016271.598071425920352 ], [ 365481.908474715193734, 2016247.807333526667207 ], [ 365501.304625166056212, 2016228.410582847893238 ], [ 365531.308374752581585, 2016198.405904773622751 ], [ 365561.312124339048751, 2016168.401226699585095 ], [ 365591.315873925574124, 2016138.396548625314608 ], [ 365621.319623512099497, 2016108.391870551044121 ], [ 365655.717224348220043, 2016073.993205256294459 ], [ 365655.717224348220043, 2015923.969814884942025 ], [ 365685.720973934687208, 2015893.965136810904369 ], [ 365685.720973934687208, 2015863.960458736633882 ], [ 365741.334621858084574, 2015808.345089808572084 ], [ 365771.338371444609948, 2015778.340411734301597 ], [ 365801.342121031077113, 2015748.33573366003111 ], [ 365831.345870617602486, 2015718.331055585760623 ], [ 365895.747221040248405, 2015653.927712216740474 ], [ 365895.747221040248405, 2015371.457729198504239 ], [ 365861.349620204069652, 2015337.059063903754577 ], [ 365835.739721867197659, 2015311.448373050196096 ], [ 365835.739721867197659, 2015251.439016901655123 ], [ 365801.342121031135321, 2015217.04035160690546 ], [ 365771.33837144455174, 2015187.035673532634974 ], [ 365745.728473107737955, 2015161.424982678843662 ], [ 365745.728473107737955, 2015101.415626530302688 ], [ 365715.724723521212582, 2015071.410948456032202 ], [ 365715.724723521212582, 2015041.406270381761715 ], [ 365685.720973934687208, 2015011.401592307724059 ], [ 365685.720973934687208, 2014981.396914233453572 ], [ 365655.717224348220043, 2014951.392236159183085 ], [ 365655.717224348220043, 2014921.387558084912598 ], [ 365625.71347476169467, 2014891.382880010642111 ], [ 365625.71347476169467, 2014621.34077734244056 ], [ 365595.709725175227504, 2014591.336099268170074 ], [ 365595.709725175227504, 2014531.3267431196291 ], [ 365565.705975588702131, 2014501.322065045358613 ], [ 365565.705975588702131, 2014471.317386971088126 ], [ 365535.702226002176758, 2014441.31270889705047 ], [ 365535.702226002176758, 2014291.289318525698036 ], [ 365505.698476415709592, 2014261.284640451427549 ], [ 365505.698476415709592, 2014141.265928154578432 ], [ 365475.694726829184219, 2014111.261250080307946 ], [ 365475.694726829184219, 2014072.468405265826732 ], [ 365184.444661512738094, 2014072.468405265826732 ], [ 365154.440911926270928, 2014102.473083340097219 ], [ 365004.422163993818685, 2014102.473083340097219 ], [ 364970.024370864441153, 2014136.871940934099257 ], [ 364944.414664820767939, 2014162.482439488638192 ], [ 364914.410915234358981, 2014162.482439488638192 ], [ 364880.013122104923241, 2014196.8812970824074 ], [ 364850.009372518397868, 2014226.885975156677887 ], [ 364824.399666474782862, 2014252.496473711216822 ], [ 364794.395916888315696, 2014252.496473711216822 ], [ 364764.392167301790323, 2014282.501151785487309 ], [ 364704.384668128681369, 2014282.501151785487309 ], [ 364674.380918542214204, 2014312.505829859757796 ], [ 364464.354671436769422, 2014312.505829859757796 ], [ 364425.563027057738509, 2014351.29867467423901 ], [ 364425.563027057738509, 2014381.303352748509496 ], [ 364395.559277471213136, 2014411.308030822779983 ], [ 364395.559277471213136, 2014441.31270889705047 ], [ 364365.55552788474597, 2014471.317386971088126 ], [ 364365.55552788474597, 2014531.3267431196291 ], [ 364335.551778298220597, 2014561.331421193899587 ], [ 364335.551778298220597, 2014591.336099268170074 ], [ 364305.548028711753432, 2014621.34077734244056 ], [ 364305.548028711753432, 2014651.345455416711047 ], [ 364275.544279125228059, 2014681.350133490981534 ], [ 364275.544279125228059, 2014711.354811565252021 ], [ 364249.934380788356066, 2014736.965502419043332 ], [ 364219.930631201830693, 2014766.970180493080989 ], [ 364189.926881615305319, 2014796.974858567351475 ], [ 364159.923132028838154, 2014826.979536641621962 ], [ 364129.919382442312781, 2014856.984214715892449 ], [ 364074.305926812172402, 2014912.599391344701871 ], [ 364044.302177225705236, 2014912.599391344701871 ], [ 364009.904384096327703, 2014946.99824893870391 ], [ 363979.90063450980233, 2014977.002927012974396 ], [ 363954.290928466187324, 2015002.613425567513332 ], [ 363906.711853538523428, 2015002.613425567513332 ], [ 363885.495998744503595, 2014981.396914233453572 ], [ 363885.495998744503595, 2014951.392236159183085 ], [ 363851.098397908441257, 2014916.993570864433423 ], [ 363786.696855192480143, 2014852.590035196160898 ], [ 363756.693105606012978, 2014852.590035196160898 ], [ 363726.689356019545812, 2014822.585357121890411 ], [ 363486.659359327459242, 2014822.585357121890411 ], [ 363461.049653283786029, 2014796.974858567351475 ], [ 363431.045903697377071, 2014766.970180493080989 ], [ 363401.04215411079349, 2014736.965502419043332 ], [ 363371.038404524384532, 2014706.960824344772846 ], [ 363336.640611394948792, 2014672.561966750770807 ], [ 363306.636861808423419, 2014672.561966750770807 ], [ 363281.027155764750205, 2014646.951468196231872 ], [ 363251.023406178341247, 2014616.946790121961385 ], [ 363221.019656591757666, 2014586.942112047690898 ], [ 363191.015907005348708, 2014556.937433973420411 ], [ 363135.402259081893135, 2014501.322065045358613 ], [ 363135.402259081893135, 2014471.317386971088126 ], [ 363101.004658245772589, 2014436.918721676571295 ], [ 363071.000908659247216, 2014406.914043602300808 ], [ 363045.391010322433431, 2014381.303352748509496 ], [ 363045.391010322433431, 2014351.29867467423901 ], [ 363015.387260735908058, 2014321.293996599968523 ], [ 363015.387260735908058, 2014291.289318525698036 ], [ 362985.383511149382684, 2014261.284640451427549 ], [ 362985.383511149382684, 2014231.279962377157062 ], [ 362955.379761562915519, 2014201.275284302886575 ], [ 362955.379761562915519, 2014171.270606228848919 ], [ 362925.376011976390146, 2014141.265928154578432 ], [ 362925.376011976390146, 2014051.251893931766972 ], [ 362895.37226238992298, 2014021.247215857496485 ], [ 362895.37226238992298, 2013991.242537783225998 ], [ 362865.368512803397607, 2013961.237859708955511 ], [ 362865.368512803397607, 2013853.647027762141079 ], [ 362886.58436759741744, 2013832.430516428081319 ], [ 363156.618113875912968, 2013832.430516428081319 ], [ 363191.015907005290501, 2013798.03165883407928 ], [ 363216.625613048963714, 2013772.421160279540345 ], [ 363246.629362635489088, 2013772.421160279540345 ], [ 363276.633112221956253, 2013742.416482205269858 ], [ 363306.636861808423419, 2013742.416482205269858 ], [ 363375.432255773979705, 2013673.618959316518158 ], [ 363375.432255773979705, 2013643.614281242247671 ], [ 363401.04215411079349, 2013618.00359038868919 ], [ 363435.439754946972243, 2013583.604925093939528 ], [ 363435.439754946972243, 2013463.586212796857581 ], [ 363465.443504533439409, 2013433.581534722587094 ], [ 363465.443504533439409, 2013283.55814435146749 ], [ 363495.447254119964782, 2013253.553466277197003 ], [ 363495.447254119964782, 2013223.548788202926517 ], [ 363525.451003706490155, 2013193.54411012865603 ], [ 363525.451003706490155, 2013163.539432054385543 ], [ 363555.454753292957321, 2013133.534753980115056 ], [ 363555.454753292957321, 2013103.530075905844569 ], [ 363585.458502879482694, 2013073.525397831574082 ], [ 363585.458502879482694, 2013043.520719757536426 ], [ 363611.068401216354687, 2013017.910028903745115 ], [ 363671.075900389347225, 2012957.900672755204141 ], [ 363705.473501225467771, 2012923.502007460454479 ], [ 363705.473501225467771, 2012863.492651311913505 ], [ 363735.477250811993144, 2012833.487973237643018 ], [ 363735.477250811993144, 2012773.478617089102045 ], [ 363765.48100039846031, 2012743.473939015064389 ], [ 363765.48100039846031, 2012713.469260940793902 ], [ 363795.484749984985683, 2012683.464582866523415 ], [ 363795.484749984985683, 2012653.459904792252928 ], [ 363825.488499571511056, 2012623.455226717982441 ], [ 363825.488499571511056, 2012563.445870569441468 ], [ 363855.492249158036429, 2012533.441192495170981 ], [ 363855.492249158036429, 2012422.21111118234694 ], [ 363786.696855192480143, 2012422.21111118234694 ], [ 363756.69310560595477, 2012392.206433108076453 ], [ 363564.242183841648512, 2012392.206433108076453 ], [ 363534.238434255123138, 2012422.21111118234694 ], [ 363276.633112221956253, 2012422.21111118234694 ], [ 363246.629362635489088, 2012392.206433108076453 ], [ 362646.554370905389078, 2012392.206433108076453 ], [ 362616.550621318921912, 2012362.201755033805966 ], [ 362406.524374213360716, 2012362.201755033805966 ], [ 362385.308519419340882, 2012340.985243699746206 ], [ 362385.308519419340882, 2012310.98056562547572 ], [ 362346.516875040309969, 2012272.187720810994506 ], [ 362304.084701208397746, 2012272.187720810994506 ], [ 362274.080951621930581, 2012302.192398885264993 ], [ 362244.077202035405207, 2012302.192398885264993 ], [ 362209.679408906085882, 2012336.591256479267031 ], [ 362175.281808069965336, 2012370.989921774016693 ], [ 362175.281808069965336, 2012413.422480198321864 ], [ 362209.67940890614409, 2012447.821145493071526 ], [ 362235.289307242957875, 2012473.431836346862838 ], [ 362235.289307242957875, 2012503.436514420900494 ], [ 362269.686908079136629, 2012537.835179715650156 ], [ 362295.296806415950414, 2012563.445870569441468 ], [ 362295.296806415950414, 2012641.032024442218244 ], [ 362265.293056829483248, 2012671.036702516488731 ], [ 362265.293056829483248, 2012731.046058665029705 ], [ 362239.683158492611255, 2012756.656749518588185 ], [ 362205.28555765649071, 2012791.055414813337848 ], [ 362205.28555765649071, 2012821.060092887608334 ], [ 362184.069702862470876, 2012842.276604221668094 ], [ 362154.065953275887296, 2012842.276604221668094 ], [ 362124.06220368942013, 2012872.281282295938581 ], [ 362064.054704516485799, 2012872.281282295938581 ], [ 362034.050954929960426, 2012902.285960370209068 ], [ 361974.043455756967887, 2012902.285960370209068 ], [ 361939.645662627590355, 2012936.684817964211106 ], [ 361909.641913041064981, 2012966.689496038481593 ], [ 361884.032206997449975, 2012992.299994593020529 ], [ 361845.240562618419062, 2012992.299994593020529 ], [ 361845.240562618419062, 2013031.092839407501742 ], [ 361815.236813031951897, 2013061.097517481539398 ], [ 361815.236813031951897, 2013271.130264001432806 ], [ 361794.020958237932064, 2013292.346775335492566 ], [ 361764.017208651523106, 2013292.346775335492566 ], [ 361729.619415522087365, 2013326.745632929261774 ], [ 361674.005959891888779, 2013382.360809558071196 ], [ 361613.998460718838032, 2013382.360809558071196 ], [ 361583.994711132370867, 2013412.365487632341683 ], [ 361523.987211959320121, 2013412.365487632341683 ], [ 361489.589418830000795, 2013446.764345226343721 ], [ 361459.58566924353363, 2013476.769023300614208 ], [ 361425.188068407413084, 2013511.16768859536387 ], [ 361425.188068407413084, 2013541.172366669634357 ], [ 361369.574420484015718, 2013596.787735597696155 ], [ 361343.96471444045892, 2013622.39823415200226 ], [ 361313.960964853817131, 2013622.39823415200226 ], [ 361290.171427390014287, 2013646.188507800223306 ], [ 361266.381889926211443, 2013622.39823415200226 ], [ 361163.942216921364889, 2013622.39823415200226 ], [ 361125.150572542333975, 2013661.191078966483474 ], [ 361125.150572542333975, 2013763.632993539329618 ], [ 361148.940574242849834, 2013787.423731438582763 ], [ 361133.938467334839515, 2013802.426302597625181 ], [ 361095.14682295586681, 2013802.426302597625181 ], [ 361095.14682295586681, 2013871.223825486376882 ], [ 361065.143073369341437, 2013901.228503560414538 ], [ 361065.143073369341437, 2013991.242537783225998 ], [ 361035.139323782816064, 2014021.247215857496485 ], [ 361035.139323782816064, 2014081.256572006037459 ], [ 361005.135574196348898, 2014111.261250080307946 ], [ 361005.135574196348898, 2014162.481975244823843 ], [ 361043.927218575321604, 2014162.481975244823843 ], [ 361058.929325483273715, 2014177.484546403866261 ], [ 361043.927218575379811, 2014192.487117562675849 ], [ 361013.923468988854438, 2014192.487117562675849 ], [ 360975.131824609823525, 2014231.279962377157062 ], [ 360975.131824609823525, 2014372.51472176448442 ], [ 361043.927218575321604, 2014372.51472176448442 ], [ 361073.930968161846977, 2014402.519399838754907 ], [ 361103.934717748314142, 2014402.519399838754907 ], [ 361118.936824656266253, 2014417.521970997797325 ], [ 361095.14682295586681, 2014441.31270889705047 ], [ 361095.14682295586681, 2014633.768657692475244 ], [ 361129.544423791929148, 2014668.167322987224907 ], [ 361163.942216921364889, 2014702.566180581226945 ], [ 361223.949716094357427, 2014702.566180581226945 ], [ 361245.16557088837726, 2014723.782691915286705 ], [ 361245.16557088837726, 2014813.796726137865335 ], [ 361279.563171724556014, 2014848.195391432614997 ], [ 361313.960964853817131, 2014882.594249026617035 ], [ 361343.964714440342505, 2014882.594249026617035 ], [ 361369.57442048395751, 2014908.204747581155971 ], [ 361433.975963199918624, 2014972.608283249428496 ], [ 361463.97971278638579, 2014972.608283249428496 ], [ 361489.589418830059003, 2014998.218781803967431 ], [ 361523.987211959320121, 2015032.617639397969469 ], [ 361553.990961545961909, 2015032.617639397969469 ], [ 361579.600667589576915, 2015058.228137952275574 ], [ 361609.604417175985873, 2015088.232816026546061 ], [ 361644.002210305421613, 2015122.631673620548099 ], [ 361674.005959891888779, 2015122.631673620548099 ], [ 361734.013459064939525, 2015182.641029769089073 ], [ 361764.01720865140669, 2015182.641029769089073 ], [ 361789.626914695021696, 2015208.251528323628008 ], [ 361824.024707824457437, 2015242.650385917630047 ], [ 361854.028457410924602, 2015242.650385917630047 ], [ 361914.035956583975349, 2015302.65974206617102 ], [ 361944.039706170442514, 2015302.65974206617102 ], [ 361965.255560964462347, 2015323.87625340023078 ], [ 361965.255560964462347, 2015521.481119569856673 ], [ 361935.251811377936974, 2015551.48579764412716 ], [ 361935.251811377936974, 2015581.490475718397647 ], [ 361909.641913041123189, 2015607.101166571956128 ], [ 361849.634413868072443, 2015667.110522720497102 ], [ 361819.63066428154707, 2015697.115200794767588 ], [ 361789.626914695079904, 2015727.119878869038075 ], [ 361755.229313858959358, 2015761.518544163787737 ], [ 361755.229313858959358, 2015791.523222238058224 ], [ 361704.009709478414152, 2015842.744411646388471 ], [ 361674.005959891830571, 2015842.744411646388471 ], [ 361644.002210305363405, 2015872.749089720658958 ], [ 361553.990961545961909, 2015872.749089720658958 ], [ 361523.987211959436536, 2015902.753767794696614 ], [ 361493.983462372911163, 2015902.753767794696614 ], [ 361463.97971278638579, 2015932.758445868967101 ], [ 361433.975963199918624, 2015932.758445868967101 ], [ 361369.574420484015718, 2015997.161981537239626 ], [ 361343.964714440342505, 2016022.772480091778561 ], [ 361305.173070061369799, 2016022.772480091778561 ], [ 361305.173070061369799, 2016061.565324906259775 ], [ 361275.169320474902634, 2016091.570002980530262 ], [ 361275.169320474902634, 2016121.574681054800749 ], [ 361245.16557088837726, 2016151.579359129071236 ], [ 361245.16557088837726, 2016181.584037203108892 ], [ 361185.158071715326514, 2016241.593393351649866 ], [ 361185.158071715326514, 2016271.598071425920352 ], [ 361155.154322128859349, 2016301.602749500190839 ], [ 361155.154322128859349, 2016331.607427574461326 ], [ 361125.150572542333975, 2016361.612105648731813 ], [ 361125.150572542333975, 2016391.6167837230023 ], [ 361099.540674205461983, 2016417.227474576793611 ], [ 361069.536924618994817, 2016447.232152651064098 ], [ 361039.533175032469444, 2016477.236830725101754 ], [ 361005.135574196348898, 2016511.635496019851416 ], [ 361005.135574196348898, 2016541.640174094121903 ], [ 360983.919719402329065, 2016562.856685428181663 ], [ 360966.344394061190542, 2016562.856685428181663 ], [ 360945.128539267170709, 2016541.640174094121903 ], [ 360945.128539267170709, 2016442.837973131332546 ], [ 360885.120575850305613, 2016442.837973131332546 ], [ 360885.120575850305613, 2016481.63081794558093 ], [ 360863.90472105628578, 2016502.847329279640689 ], [ 360833.900971469760407, 2016502.847329279640689 ], [ 360803.897221883293241, 2016532.852007353911176 ], [ 360765.105577504320536, 2016532.852007353911176 ], [ 360765.105577504320536, 2016644.082088666968048 ], [ 360795.109327090845909, 2016674.086766741238534 ], [ 360795.109327090845909, 2016691.663564465474337 ], [ 360769.499428753973916, 2016717.274255319265649 ], [ 360743.88972271035891, 2016742.884753873571754 ], [ 360533.863475604797713, 2016742.884753873571754 ], [ 360503.85972601827234, 2016772.88943194784224 ], [ 360456.280651090608444, 2016772.88943194784224 ], [ 360435.064796296588611, 2016751.67292061378248 ], [ 360435.064796296588611, 2016652.870719650993124 ], [ 360263.829729326243978, 2016652.870719650993124 ], [ 360218.824337061203551, 2016697.877504640491679 ], [ 360255.041834533738438, 2016734.096122889779508 ], [ 360255.041834533738438, 2016811.682276762323454 ], [ 360233.825979739718605, 2016832.898788096383214 ], [ 360173.818480566667859, 2016832.898788096383214 ], [ 360143.814730980200693, 2016862.903466170653701 ], [ 359676.183161841530818, 2016862.903466170653701 ], [ 359646.179412255005445, 2016832.898788096383214 ], [ 359586.171913082012907, 2016832.898788096383214 ], [ 359556.168163495487534, 2016802.894110022112727 ], [ 359436.153165149502456, 2016802.894110022112727 ], [ 359406.149415562977083, 2016772.88943194784224 ], [ 359346.141916389984544, 2016772.88943194784224 ], [ 359316.138166803459171, 2016742.884753873571754 ], [ 359016.100670938380063, 2016742.884753873571754 ], [ 358986.096921351854689, 2016712.880075799534097 ], [ 358956.093171765445732, 2016712.880075799534097 ], [ 358930.483465721772518, 2016687.269577244995162 ], [ 358896.085672592511401, 2016652.870719650993124 ], [ 358866.08192300592782, 2016652.870719650993124 ], [ 358836.078173419402447, 2016622.866041576722637 ], [ 358806.074423832935281, 2016622.866041576722637 ], [ 358776.070674246468116, 2016592.86136350245215 ], [ 358746.066924659942742, 2016592.86136350245215 ], [ 358716.063175073475577, 2016562.856685428181663 ], [ 358686.059425486891996, 2016562.856685428181663 ], [ 358656.055675900366623, 2016532.852007353911176 ], [ 358626.051926313899457, 2016532.852007353911176 ], [ 358596.048176727374084, 2016502.847329279640689 ], [ 358566.044427140906919, 2016502.847329279640689 ], [ 358536.040677554381546, 2016472.842651205370203 ], [ 358506.036927967797965, 2016472.842651205370203 ], [ 358476.033178381330799, 2016442.837973131332546 ], [ 358446.029428794921841, 2016442.837973131332546 ], [ 358416.025679208454676, 2016412.83329505706206 ], [ 358386.021929621871095, 2016412.83329505706206 ], [ 358356.018180035345722, 2016382.828616982791573 ], [ 358266.006931275886018, 2016382.828616982791573 ], [ 358236.003181689360645, 2016352.823938908521086 ], [ 358025.976934583857656, 2016352.823938908521086 ], [ 357995.97318499739049, 2016322.819260834250599 ], [ 357473.481017781363335, 2016322.819260834250599 ], [ 357443.477268194896169, 2016352.823938908521086 ], [ 357335.890694094297942, 2016352.823938908521086 ], [ 357305.886944507830776, 2016322.819260834250599 ], [ 357125.864446988736745, 2016322.819260834250599 ], [ 357095.860697402211372, 2016292.814582759980112 ], [ 356975.845699056226294, 2016292.814582759980112 ], [ 356945.841949469700921, 2016262.809904685709625 ], [ 356855.830700710241217, 2016262.809904685709625 ], [ 356825.826951123774052, 2016232.805226611439139 ], [ 356675.808203191205394, 2016232.805226611439139 ], [ 356645.804453604738228, 2016202.800548537168652 ], [ 356465.781956085644197, 2016202.800548537168652 ], [ 356435.778206499118824, 2016172.795870462898165 ], [ 356375.770707326068077, 2016172.795870462898165 ], [ 356345.766957739600912, 2016142.791192388860509 ], [ 356255.755708980141208, 2016142.791192388860509 ], [ 356225.751959393674042, 2016112.786514314590022 ], [ 356135.740710634097923, 2016112.786514314590022 ], [ 356105.736961047572549, 2016082.781836240319535 ], [ 355955.718213115120307, 2016082.781836240319535 ], [ 355925.714463528653141, 2016052.777158166049048 ], [ 355865.706964355602395, 2016052.777158166049048 ], [ 355835.703214769077022, 2016022.772480091778561 ], [ 355775.695715596084483, 2016022.772480091778561 ], [ 355745.691966009617317, 2015992.767802017508075 ], [ 355685.684466836566571, 2015992.767802017508075 ], [ 355655.680717250041198, 2015962.763123943237588 ], [ 355625.676967663574032, 2015962.763123943237588 ], [ 355595.673218077106867, 2015932.758445868967101 ], [ 355565.669468490581494, 2015932.758445868967101 ], [ 355535.665718904114328, 2015902.753767794696614 ], [ 355475.658219730947167, 2015902.753767794696614 ], [ 355445.654470144480001, 2015872.749089720658958 ], [ 355415.650720558071043, 2015872.749089720658958 ], [ 355385.646970971603878, 2015842.744411646388471 ], [ 355355.643221385020297, 2015842.744411646388471 ], [ 355325.639471798494924, 2015812.739733572117984 ], [ 355265.631972625502385, 2015812.739733572117984 ], [ 355235.628223038977012, 2015782.735055497847497 ], [ 355205.624473452509847, 2015782.735055497847497 ], [ 355175.620723865984473, 2015752.730377423577011 ], [ 355145.616974279517308, 2015752.730377423577011 ], [ 355115.613224693050142, 2015722.725699349306524 ], [ 355055.605725519999396, 2015722.725699349306524 ], [ 355025.601975933474023, 2015692.721021275036037 ], [ 354995.598226347006857, 2015692.721021275036037 ], [ 354965.594476760539692, 2015662.71634320076555 ], [ 354935.590727174014319, 2015662.71634320076555 ], [ 354905.586977587547153, 2015632.711665126495063 ], [ 354875.583228000963572, 2015632.711665126495063 ], [ 354849.973521957290359, 2015607.101166571956128 ], [ 354815.575728827912826, 2015572.70230897818692 ], [ 354785.571979241503868, 2015572.70230897818692 ], [ 354755.568229655036703, 2015542.697630903916433 ], [ 354725.564480068453122, 2015542.697630903916433 ], [ 354669.951024438254535, 2015487.082454275107011 ], [ 354635.553231308993418, 2015452.683596681104973 ], [ 354605.549481722468045, 2015452.683596681104973 ], [ 354579.939775678853039, 2015427.073098126566038 ], [ 354515.538232962891925, 2015362.669562458293512 ], [ 354485.53448337642476, 2015362.669562458293512 ], [ 354459.924777332751546, 2015337.059063903754577 ], [ 354425.526984203374013, 2015302.660206309985369 ], [ 354395.523234616906848, 2015302.660206309985369 ], [ 354365.519485030381475, 2015272.655528235714883 ], [ 354335.515735443914309, 2015272.655528235714883 ], [ 354309.906029400241096, 2015247.045029681175947 ], [ 354275.508236270979978, 2015212.646172087173909 ], [ 354245.504486684396397, 2015212.646172087173909 ], [ 354185.496987511345651, 2015152.636815938632935 ], [ 354155.493237924878486, 2015152.636815938632935 ], [ 354129.883531881205272, 2015127.026317384094 ], [ 354099.879782294796314, 2015097.021639309823513 ], [ 354065.481989165360574, 2015062.622781715821475 ], [ 354035.478239578893408, 2015062.622781715821475 ], [ 354009.868533535278402, 2015037.012283161282539 ], [ 353975.470740405784454, 2015002.613425567513332 ], [ 353945.466990819375496, 2015002.613425567513332 ], [ 353915.463241232850123, 2014972.608747493242845 ], [ 353885.459491646382958, 2014972.608747493242845 ], [ 353859.849785602767952, 2014946.99824893870391 ], [ 353829.846036016184371, 2014916.993570864433423 ], [ 353799.842286429775413, 2014886.988892790162936 ], [ 353709.831037670141086, 2014796.974858567351475 ], [ 353675.433244540879969, 2014762.576000973349437 ], [ 353585.421995781245641, 2014762.576000973349437 ], [ 353559.812289737630635, 2014736.965502419043332 ], [ 353529.808540151221678, 2014706.960824344772846 ], [ 353499.804790564638097, 2014676.956146270502359 ], [ 353469.801040978229139, 2014646.951468196231872 ], [ 353409.793541805120185, 2014586.942112047690898 ], [ 353384.1836434683064, 2014561.331421193899587 ], [ 353384.1836434683064, 2014543.754623469663784 ], [ 353414.187393054773565, 2014513.749945395393297 ], [ 353414.187393054773565, 2014483.74526732112281 ], [ 353435.403247848735191, 2014462.528755987295881 ], [ 353495.410747021785937, 2014462.528755987295881 ], [ 353534.20239140081685, 2014423.735911172814667 ], [ 353534.20239140081685, 2014291.289318525698036 ], [ 353499.804790564638097, 2014256.890653230948374 ], [ 353469.801040978229139, 2014226.885975156677887 ], [ 353439.797291391645558, 2014196.8812970824074 ], [ 353405.399498262209818, 2014162.482439488638192 ], [ 353315.388249502808321, 2014162.482439488638192 ], [ 353294.172394708788488, 2014141.265928154578432 ], [ 353294.172394708788488, 2014051.251893931766972 ], [ 353270.382393008272629, 2014027.461156032513827 ], [ 353294.172394708788488, 2014003.670418133260682 ], [ 353294.172394708788488, 2013973.665740058990195 ], [ 353319.782293045660481, 2013948.055049205198884 ], [ 353354.179893881781027, 2013913.656383910449222 ], [ 353354.179893881781027, 2013763.632993539329618 ], [ 353384.1836434683064, 2013733.628315465059131 ], [ 353384.1836434683064, 2013661.191078966483474 ], [ 353354.179893881781027, 2013631.186400892212987 ], [ 353354.179893881781027, 2013541.172366669634357 ], [ 353324.176144295313861, 2013511.16768859536387 ], [ 353324.176144295313861, 2013451.158332446822897 ], [ 353294.172394708788488, 2013421.15365437255241 ], [ 353294.172394708788488, 2013331.139620149740949 ], [ 353264.168645122263115, 2013301.134942075703293 ], [ 353264.168645122263115, 2013031.092839407501742 ], [ 353234.164895535737742, 2013001.088161333231255 ], [ 353234.164895535737742, 2012851.064770961878821 ], [ 353204.161145949270576, 2012821.060092887608334 ], [ 353204.161145949270576, 2012722.257891924818978 ], [ 353165.369501570297871, 2012722.257891924818978 ], [ 353135.365751983830705, 2012692.253213850548491 ], [ 353105.362002397247124, 2012692.253213850548491 ], [ 353075.358252810721751, 2012662.248535776278004 ], [ 353045.354503224254586, 2012662.248535776278004 ], [ 353019.744797180581372, 2012636.638037221739069 ], [ 352989.741047594172414, 2012606.633359147468582 ], [ 352929.73354842106346, 2012546.624002998927608 ], [ 352899.729798834654503, 2012516.619324924657121 ], [ 352874.119900497724302, 2012491.00863407086581 ], [ 352874.119900497724302, 2012461.003955996828154 ], [ 352839.722299661661964, 2012426.605290702078491 ], [ 352784.10865173820639, 2012370.989921774016693 ], [ 352784.10865173820639, 2012233.394411752698943 ], [ 352809.718550075078383, 2012207.783720898907632 ], [ 352844.116150911257137, 2012173.3850556043908 ], [ 352844.116150911257137, 2012143.380377530120313 ], [ 352869.726049248129129, 2012117.769686676329002 ], [ 352899.729798834596295, 2012087.765008602058515 ], [ 352925.339504878269508, 2012062.15451004751958 ], [ 352955.343254464736674, 2012062.15451004751958 ], [ 352989.741047594114207, 2012027.755652453517541 ], [ 353024.138648430234753, 2011993.356987158767879 ], [ 353024.138648430234753, 2011963.352309084497392 ], [ 353045.354503224254586, 2011942.135797750437632 ], [ 353062.929828565393109, 2011942.135797750437632 ], [ 353092.933578151918482, 2011972.140475824708119 ], [ 353152.941077324911021, 2011972.140475824708119 ], [ 353182.944826911436394, 2012002.145153898978606 ], [ 353345.391999089275487, 2012002.145153898978606 ], [ 353375.39574867580086, 2011972.140475824708119 ], [ 353405.399498262268025, 2011972.140475824708119 ], [ 353439.797291391645558, 2011937.741618230706081 ], [ 353469.801040978170931, 2011907.736940156668425 ], [ 353499.804790564696305, 2011877.732262082397938 ], [ 353529.80854015116347, 2011847.727584008127451 ], [ 353559.812289737688843, 2011817.722905933856964 ], [ 353619.819788910681382, 2011757.71354978531599 ], [ 353654.217389746801928, 2011723.314884490566328 ], [ 353654.217389746801928, 2011380.83554532378912 ], [ 353624.213640160334762, 2011350.830867249518633 ], [ 353624.213640160334762, 2011213.235357228433713 ], [ 353645.429494954354595, 2011192.018845894373953 ], [ 353663.004820295434911, 2011192.018845894373953 ], [ 353693.008569881902076, 2011222.02352396864444 ], [ 353915.463241232850123, 2011222.02352396864444 ], [ 353945.466990819375496, 2011192.018845894373953 ], [ 353984.258635198348202, 2011192.018845894373953 ], [ 353984.258635198348202, 2011123.221323005622253 ], [ 354014.262384784873575, 2011093.216644931351766 ], [ 354014.262384784873575, 2010733.160508040571585 ], [ 354039.872283121745568, 2010707.549817186780274 ], [ 354074.269883957866114, 2010673.151151892030612 ], [ 354074.269883957866114, 2010643.146473817760125 ], [ 354104.273633544391487, 2010613.141795743489638 ], [ 354104.273633544391487, 2010583.137117669219151 ], [ 354134.277383130858652, 2010553.132439594948664 ], [ 354134.277383130858652, 2010493.123083446640521 ], [ 354164.281132717384025, 2010463.118405372370034 ], [ 354164.281132717384025, 2010433.113727298099548 ], [ 354189.891031054256018, 2010407.503036444308236 ], [ 354279.90227981377393, 2010317.489002221496776 ], [ 354314.299880649894476, 2010283.090336926747113 ], [ 354314.299880649894476, 2010253.085658852476627 ], [ 354344.303630236419849, 2010223.08098077820614 ], [ 354344.303630236419849, 2009940.610997759969905 ], [ 354305.511985857330728, 2009901.818152945721522 ], [ 354245.504486684396397, 2009901.818152945721522 ], [ 354215.500737097871024, 2009871.813474871451035 ], [ 354185.496987511403859, 2009871.813474871451035 ], [ 354159.887281467788853, 2009846.2029763169121 ], [ 354134.277383130858652, 2009820.592285463120788 ], [ 354134.277383130858652, 2009790.587607388850302 ], [ 354099.879782294796314, 2009756.188942094100639 ], [ 354074.269883957866114, 2009730.578251240309328 ], [ 354074.269883957866114, 2009580.554860869189724 ], [ 354035.478239578835201, 2009541.762016054708511 ], [ 353873.0310674009379, 2009541.762016054708511 ], [ 353843.027317814470734, 2009571.766694128978997 ], [ 353783.019818641536403, 2009571.766694128978997 ], [ 353748.622025512158871, 2009606.165551722981036 ], [ 353723.012319468543865, 2009631.77605027728714 ], [ 353693.008569881902076, 2009631.77605027728714 ], [ 353658.610776752582751, 2009666.174907871289179 ], [ 353628.607027166115586, 2009696.179585945559666 ], [ 353598.603277579590213, 2009726.184264019830152 ], [ 353572.993571535975207, 2009751.794762574369088 ], [ 353542.989821949391626, 2009751.794762574369088 ], [ 353508.592028820072301, 2009786.193620168371126 ], [ 353478.588279233605135, 2009816.198298242641613 ], [ 353448.584529647079762, 2009846.2029763169121 ], [ 353422.974823603464756, 2009871.813474871451035 ], [ 353392.971074016881175, 2009871.813474871451035 ], [ 353358.57328088756185, 2009906.212332465453073 ], [ 353328.569531301094685, 2009936.21701053949073 ], [ 353302.959825257421471, 2009961.827509094029665 ], [ 353272.956075670954306, 2009961.827509094029665 ], [ 353234.164431291923393, 2010000.620353908510879 ], [ 353234.164431291923393, 2010030.625031982781366 ], [ 353204.160681705398019, 2010060.629710057051852 ], [ 353204.160681705398019, 2010090.634388131322339 ], [ 353174.156932118930854, 2010120.639066205592826 ], [ 353174.156932118930854, 2010150.643744279863313 ], [ 353148.547033782058861, 2010176.254435133654624 ], [ 353118.543284195591696, 2010206.25911320769228 ], [ 353092.933578151918482, 2010231.869611762231216 ], [ 353002.922329392342363, 2010231.869611762231216 ], [ 352972.918579805875197, 2010261.874289836501703 ], [ 352942.914830219408032, 2010261.874289836501703 ], [ 352908.517037090030499, 2010296.273147430503741 ], [ 352878.513287503505126, 2010326.277825504774228 ], [ 352848.50953791703796, 2010356.282503579044715 ], [ 352814.111937080917414, 2010390.681168873794377 ], [ 352814.111937080917414, 2010420.685846948064864 ], [ 352754.104437907866668, 2010480.695203096605837 ], [ 352754.104437907866668, 2010510.699881170643494 ], [ 352728.494539570994675, 2010536.310572024434805 ], [ 352698.490789984469302, 2010566.315250098705292 ], [ 352668.487040398002136, 2010596.319928172975779 ], [ 352642.877334354328923, 2010621.930426727514714 ], [ 352612.873584767861757, 2010621.930426727514714 ], [ 352582.869835181336384, 2010651.935104801785201 ], [ 352565.294509840197861, 2010651.935104801785201 ], [ 352544.078655046178028, 2010630.718593467725441 ], [ 352544.078655046178028, 2010510.699881170643494 ], [ 352514.074905459710862, 2010480.695203096605837 ], [ 352514.074905459710862, 2010420.685846948064864 ], [ 352449.673555037006736, 2010356.282503579044715 ], [ 352419.669805450597778, 2010326.277825504774228 ], [ 352389.666055864014197, 2010296.273147430503741 ], [ 352359.662306277605239, 2010266.268469356233254 ], [ 352299.654807104496285, 2010206.25911320769228 ], [ 352269.651057517970912, 2010176.254435133654624 ], [ 352239.647307931561954, 2010146.249757059384137 ], [ 352209.643558344978373, 2010116.245078985113651 ], [ 352179.639808758569416, 2010086.240400910843164 ], [ 352154.029910421639215, 2010060.629710057051852 ], [ 352154.029910421639215, 2009931.822831019759178 ], [ 351982.794843451294582, 2009931.822831019759178 ], [ 351952.791093864769209, 2009961.827509094029665 ], [ 351922.787344278302044, 2009961.827509094029665 ], [ 351888.389551148924511, 2009996.226366688031703 ], [ 351858.385801562399138, 2010026.23104476230219 ], [ 351832.776095518784132, 2010051.841543316841125 ], [ 351802.772345932258759, 2010051.841543316841125 ], [ 351768.374552802881226, 2010086.240400910843164 ], [ 351712.761097172740847, 2010141.855577539652586 ], [ 351682.757347586273681, 2010141.855577539652586 ], [ 351648.359554456896149, 2010176.254435133654624 ], [ 351618.355804870370775, 2010206.25911320769228 ], [ 351598.960310949361883, 2010225.655207336181775 ], [ 351575.170773485559039, 2010201.864933687960729 ], [ 351515.163274312508292, 2010201.864933687960729 ], [ 351485.159524725982919, 2010171.860255613923073 ], [ 351395.148275966581423, 2010171.860255613923073 ], [ 351373.93242117256159, 2010150.643744279863313 ], [ 351373.93242117256159, 2010120.639066205592826 ], [ 351343.928671586036216, 2010090.634388131322339 ], [ 351343.928671586036216, 2010060.629710057051852 ], [ 351305.137027207121719, 2010021.836865242570639 ], [ 351112.686105442699045, 2010021.836865242570639 ], [ 351082.682355856173672, 2010051.841543316841125 ], [ 351052.678606269706506, 2010051.841543316841125 ], [ 350988.2770635538036, 2010116.245078985113651 ], [ 350958.273313967278227, 2010146.249757059384137 ], [ 350923.875713131157681, 2010180.6484223541338 ], [ 350923.875713131157681, 2010210.653100428171456 ], [ 350898.265814794285689, 2010236.263791281962767 ], [ 350872.656108750670683, 2010261.874289836501703 ], [ 350692.633611231634859, 2010261.874289836501703 ], [ 350662.629861645109486, 2010291.878967910772189 ], [ 350602.62236247205874, 2010291.878967910772189 ], [ 350572.618612885591574, 2010321.883645985042676 ], [ 350512.611113712540828, 2010321.883645985042676 ], [ 350482.607364126073662, 2010351.888324059313163 ], [ 350452.603614539548289, 2010351.888324059313163 ], [ 350422.599864953081124, 2010381.89300213358365 ], [ 350302.584866607037839, 2010381.89300213358365 ], [ 350268.187073477718513, 2010416.291859727585688 ], [ 350242.577367434103508, 2010441.902358282124624 ], [ 350212.573617847578134, 2010441.902358282124624 ], [ 350182.569868261052761, 2010471.90703635639511 ], [ 350152.566118674643803, 2010471.90703635639511 ], [ 350118.168325545208063, 2010506.305893950164318 ], [ 350098.772831624199171, 2010525.701988078653812 ], [ 350079.377337703248486, 2010506.305893950164318 ], [ 350044.979544573812746, 2010471.90703635639511 ], [ 350014.975794987403788, 2010471.90703635639511 ], [ 349989.366088943730574, 2010446.296537801856175 ], [ 349959.362339357321616, 2010416.291859727585688 ], [ 349899.354840184212662, 2010356.282503579044715 ], [ 349869.351090597803704, 2010326.277825504774228 ], [ 349843.741192260873504, 2010300.667134650982916 ], [ 349843.741192260873504, 2010073.057590407086536 ], [ 349873.744941847398877, 2010043.052912332816049 ], [ 349873.744941847398877, 2010013.048234258545563 ], [ 349899.35484018427087, 2009987.437543404754251 ], [ 349933.752441020391416, 2009953.038878110004589 ], [ 349933.752441020391416, 2009923.034200035966933 ], [ 349963.756190606916789, 2009893.029521961696446 ], [ 349963.756190606916789, 2009833.020165813155472 ], [ 349993.759940193383954, 2009803.015487738884985 ], [ 349993.759940193383954, 2009730.578251240309328 ], [ 349963.756190606916789, 2009700.573573166038841 ], [ 349963.756190606916789, 2009400.526792423566803 ], [ 349933.752441020391416, 2009370.522114349296317 ], [ 349933.752441020391416, 2009280.508080126717687 ], [ 349899.354840184212662, 2009246.109414831968024 ], [ 349864.957047054951545, 2009211.710557237965986 ], [ 349642.50237570394529, 2009211.710557237965986 ], [ 349612.498626117478125, 2009241.715235312236473 ], [ 349324.889554497844074, 2009241.715235312236473 ], [ 349294.885804911318701, 2009211.710557237965986 ], [ 349234.878305738326162, 2009211.710557237965986 ], [ 349209.268599694711156, 2009186.100058683427051 ], [ 349179.264850108127575, 2009156.095380609156564 ], [ 349153.65495177131379, 2009130.484689755365252 ], [ 349153.65495177131379, 2009040.470655532786623 ], [ 349123.651202184788417, 2009010.465977458516136 ], [ 349123.651202184788417, 2008962.884501660009846 ], [ 349153.65495177131379, 2008932.879823585739359 ], [ 349153.65495177131379, 2008842.865789362927899 ], [ 349183.658701357780956, 2008812.861111288657412 ], [ 349183.658701357780956, 2008752.851755140349269 ], [ 349213.662450944306329, 2008722.847077066078782 ], [ 349213.662450944306329, 2008692.842398991808295 ], [ 349243.666200530773494, 2008662.837720917537808 ], [ 349243.666200530773494, 2008632.833042843267322 ], [ 349303.673699703824241, 2008572.823686694726348 ], [ 349303.673699703824241, 2008410.37241597357206 ], [ 349264.882055324793328, 2008371.579571159090847 ], [ 348973.631990008463617, 2008371.579571159090847 ], [ 348973.631990008463617, 2008410.37241597357206 ], [ 348918.018342085066251, 2008465.987784901633859 ], [ 348892.408636041393038, 2008491.598283456172794 ], [ 348862.40488645498408, 2008491.598283456172794 ], [ 348832.401136868516915, 2008521.60296153021045 ], [ 348802.397387281933334, 2008521.60296153021045 ], [ 348772.393637695407961, 2008551.607639604480937 ], [ 348712.386138522415422, 2008551.607639604480937 ], [ 348677.988345393037889, 2008586.006497198482975 ], [ 348647.984595806512516, 2008616.011175272753462 ], [ 348587.977096633519977, 2008676.020531421294436 ], [ 348562.367390589846764, 2008701.631029975833371 ], [ 348532.363641003321391, 2008701.631029975833371 ], [ 348497.965847874002066, 2008736.02988756983541 ], [ 348463.56824703788152, 2008770.428552864585072 ], [ 348463.56824703788152, 2008800.433230938622728 ], [ 348437.958348701009527, 2008826.043921792414039 ], [ 348403.560747864888981, 2008860.442587087163702 ], [ 348403.560747864888981, 2008890.447265161434188 ], [ 348377.950849528016988, 2008916.0579560152255 ], [ 348347.947099941491615, 2008946.062634089495987 ], [ 348287.939600768499076, 2009006.07199023803696 ], [ 348257.935851181973703, 2009036.076668312307447 ], [ 348227.932101595506538, 2009066.081346386345103 ], [ 348197.928352008981165, 2009096.08602446061559 ], [ 348167.924602422455791, 2009126.090702534886077 ], [ 348112.311146792315412, 2009181.705879163695499 ], [ 348082.307397205848247, 2009181.705879163695499 ], [ 348047.909604076470714, 2009216.104736757697538 ], [ 348022.2998980327975, 2009241.715235312236473 ], [ 347992.296148446330335, 2009241.715235312236473 ], [ 347957.898355316952802, 2009276.114092906238511 ], [ 347927.894605730427429, 2009306.118770980508998 ], [ 347897.890856143960264, 2009336.123449054779485 ], [ 347867.887106557493098, 2009366.128127128817141 ], [ 347803.485756134788971, 2009430.53147049783729 ], [ 347803.485756134788971, 2009460.536148572107777 ], [ 347777.875857797916979, 2009486.146839425899088 ], [ 347743.478256961796433, 2009520.545504720648751 ], [ 347743.478256961796433, 2009550.550182794919237 ], [ 347717.86835862492444, 2009576.160873648710549 ], [ 347687.864609038399067, 2009606.165551722981036 ], [ 347657.860859451931901, 2009636.170229797018692 ], [ 347627.857109865406528, 2009666.174907871289179 ], [ 347602.247403821733315, 2009691.785406425828114 ], [ 347422.224906302697491, 2009691.785406425828114 ], [ 347387.827113173378166, 2009726.184264019830152 ], [ 347353.42951233725762, 2009760.582929314579815 ], [ 347353.42951233725762, 2009923.034200035966933 ], [ 347383.433261923782993, 2009953.038878110004589 ], [ 347383.433261923782993, 2009983.043556184275076 ], [ 347413.437011510250159, 2010013.048234258545563 ], [ 347413.437011510250159, 2010043.052912332816049 ], [ 347447.834612346428912, 2010077.451577627565712 ], [ 347477.83836193283787, 2010107.456255701836199 ], [ 347533.452009856293444, 2010163.071624629897997 ], [ 347533.452009856293444, 2010193.076302704168484 ], [ 347567.849610692413989, 2010227.474967998685315 ], [ 347602.247403821791522, 2010261.873825592687353 ], [ 347632.251153408258688, 2010261.873825592687353 ], [ 347687.864609038457274, 2010317.489002221496776 ], [ 347713.47450737527106, 2010343.099693075288087 ], [ 347713.47450737527106, 2010381.892537889769301 ], [ 347752.266151754301973, 2010381.892537889769301 ], [ 347777.875857797975186, 2010407.503036444308236 ], [ 347807.879607384384144, 2010437.507714518578723 ], [ 347842.277400513819885, 2010471.906572112580761 ], [ 347872.28115010028705, 2010471.906572112580761 ], [ 347897.890856143902056, 2010497.517070667119697 ], [ 347932.288649273396004, 2010531.915928260888904 ], [ 347962.292398859804962, 2010531.915928260888904 ], [ 347992.296148446330335, 2010561.920606335159391 ], [ 348052.303647619322874, 2010561.920606335159391 ], [ 348077.913353662996087, 2010587.531104889698327 ], [ 348107.917103249405045, 2010617.535782963968813 ], [ 348142.314896378840785, 2010651.934640557970852 ], [ 348172.318645965307951, 2010651.934640557970852 ], [ 348202.322395551775116, 2010681.939318632241338 ], [ 348232.326145138358697, 2010681.939318632241338 ], [ 348257.935851182031911, 2010707.549817186780274 ], [ 348283.545749518845696, 2010733.160508040571585 ], [ 348283.545749518845696, 2010763.165186114842072 ], [ 348313.549499105371069, 2010793.169864188879728 ], [ 348313.549499105371069, 2010853.179220337420702 ], [ 348343.553248691896442, 2010883.183898411691189 ], [ 348343.553248691896442, 2010943.193254560232162 ], [ 348373.556998278363608, 2010973.197932634502649 ], [ 348373.556998278363608, 2011050.784086507046595 ], [ 348343.553248691896442, 2011080.788764581317082 ], [ 348343.553248691896442, 2011140.798120729858056 ], [ 348313.549499105371069, 2011170.802798804128543 ], [ 348313.549499105371069, 2011230.812154952669516 ], [ 348283.545749518845696, 2011260.816833026940003 ], [ 348283.545749518845696, 2011290.82151110121049 ], [ 348253.541999932378531, 2011320.826189175480977 ], [ 348253.541999932378531, 2011350.830867249518633 ], [ 348223.538250345853157, 2011380.83554532378912 ], [ 348223.538250345853157, 2011410.840223398059607 ], [ 348193.534500759327784, 2011440.844901472330093 ], [ 348193.534500759327784, 2011470.84957954660058 ], [ 348163.530751172860619, 2011500.854257620871067 ], [ 348163.530751172860619, 2011530.858935695141554 ], [ 348142.314896378840785, 2011552.075447029201314 ], [ 348112.311146792257205, 2011552.075447029201314 ], [ 348077.91335366293788, 2011586.474304623203352 ], [ 348052.303647619381081, 2011612.084803177509457 ], [ 347932.288649273337796, 2011612.084803177509457 ], [ 347902.284899686812423, 2011642.089481251779944 ], [ 347842.277400513819885, 2011642.089481251779944 ], [ 347803.485756134788971, 2011680.882326066261157 ], [ 347803.485756134788971, 2011710.887004140531644 ], [ 347777.875857797916979, 2011736.497694994322956 ], [ 347743.478256961796433, 2011770.896360289072618 ], [ 347743.478256961796433, 2011963.352309084497392 ], [ 347782.269901340827346, 2012002.145153898978606 ], [ 347872.28115010028705, 2012002.145153898978606 ], [ 347902.284899686754216, 2012032.149831973249093 ], [ 347932.288649273279589, 2012032.149831973249093 ], [ 347962.292398859746754, 2012062.15451004751958 ], [ 348082.307397205790039, 2012062.15451004751958 ], [ 348107.917103249405045, 2012087.765008602058515 ], [ 348167.924602422513999, 2012147.774364750599489 ], [ 348197.928352008922957, 2012177.779042824869975 ], [ 348227.932101595506538, 2012207.783720898907632 ], [ 348257.935851182031911, 2012237.788398973178118 ], [ 348287.939600768440869, 2012267.793077047448605 ], [ 348313.549499105371069, 2012293.403767901239917 ], [ 348313.549499105371069, 2012323.408445975510404 ], [ 348343.553248691896442, 2012353.41312404978089 ], [ 348343.553248691896442, 2012383.417802124051377 ], [ 348373.556998278363608, 2012413.422480198321864 ], [ 348373.556998278363608, 2012443.427158272592351 ], [ 348407.954599114542361, 2012477.825823567342013 ], [ 348442.352392243919894, 2012512.224681161111221 ], [ 348472.35614183038706, 2012512.224681161111221 ], [ 348497.965847874060273, 2012537.835179715650156 ], [ 348527.969597460469231, 2012567.839857789920643 ], [ 348553.579495797399431, 2012593.450548643711954 ], [ 348553.579495797399431, 2012623.455226717982441 ], [ 348583.583245383866597, 2012653.459904792252928 ], [ 348583.583245383866597, 2012683.464582866523415 ], [ 348613.58699497039197, 2012713.469260940793902 ], [ 348613.58699497039197, 2012743.473939015064389 ], [ 348643.590744556917343, 2012773.478617089102045 ], [ 348643.590744556917343, 2012803.483295163372532 ], [ 348677.988345392979681, 2012837.881960458122194 ], [ 348703.598243729909882, 2012863.492651311913505 ], [ 348703.598243729909882, 2012893.497329386183992 ], [ 348733.601993316435255, 2012923.502007460454479 ], [ 348733.601993316435255, 2013043.520719757536426 ], [ 348763.605742902902421, 2013073.525397831574082 ], [ 348763.605742902902421, 2013103.530075905844569 ], [ 348828.007093325606547, 2013167.933419274864718 ], [ 348853.616991662420332, 2013193.54411012865603 ], [ 348853.616991662420332, 2013223.548788202926517 ], [ 348883.620741248945706, 2013253.553466277197003 ], [ 348883.620741248945706, 2013283.55814435146749 ], [ 348918.018342085008044, 2013317.956809646217152 ], [ 348948.022091671591625, 2013347.961487720254809 ], [ 348973.631990008463617, 2013373.57217857404612 ], [ 348973.631990008463617, 2013403.576856648316607 ], [ 349003.635739594930783, 2013433.581534722587094 ], [ 349003.635739594930783, 2013541.172366669634357 ], [ 348978.02584125805879, 2013566.783057523425668 ], [ 348943.628240421938244, 2013601.181722818175331 ], [ 348943.628240421938244, 2013631.186400892212987 ], [ 348922.412385627918411, 2013652.402912226272747 ], [ 348892.408636041451246, 2013652.402912226272747 ], [ 348862.404886454925872, 2013682.407590300543234 ], [ 348844.829561113787349, 2013682.407590300543234 ], [ 348814.825811527261976, 2013652.402912226272747 ], [ 348724.814562767744064, 2013652.402912226272747 ], [ 348699.204856724070851, 2013626.792413671733811 ], [ 348664.807063594693318, 2013592.393556077964604 ], [ 348634.803314008226153, 2013592.393556077964604 ], [ 348604.799564421700779, 2013562.388878003694117 ], [ 348364.769567729730625, 2013562.388878003694117 ], [ 348343.553712935710791, 2013541.172366669634357 ], [ 348343.553712935710791, 2013451.158332446822897 ], [ 348304.762068556679878, 2013412.365487632341683 ], [ 348202.322395551775116, 2013412.365487632341683 ], [ 348167.924602422455791, 2013446.764345226343721 ], [ 348133.527001586335246, 2013481.163010521093383 ], [ 348133.527001586335246, 2013553.600247019669041 ], [ 348163.530751172860619, 2013583.604925093939528 ], [ 348163.530751172860619, 2013601.181722818175331 ], [ 348142.314896378898993, 2013622.39823415200226 ], [ 348082.307397205848247, 2013622.39823415200226 ], [ 348043.515752826817334, 2013661.191078966483474 ], [ 348043.515752826817334, 2013721.200435115024447 ], [ 348022.2998980327975, 2013742.416946449084207 ], [ 347932.288649273337796, 2013742.416946449084207 ], [ 347902.284899686812423, 2013772.421624523354694 ], [ 347842.277400513819885, 2013772.421624523354694 ], [ 347812.273650927294511, 2013802.426302597625181 ], [ 347782.269901340827346, 2013802.426302597625181 ], [ 347752.266151754301973, 2013832.430980671895668 ], [ 347722.262402167718392, 2013832.430980671895668 ], [ 347692.258652581251226, 2013862.435658746166155 ], [ 347632.251153408316895, 2013862.435658746166155 ], [ 347602.24740382184973, 2013892.440336820203811 ], [ 347542.239904648798984, 2013892.440336820203811 ], [ 347512.23615506227361, 2013922.445014894474298 ], [ 347362.21740712976316, 2013922.445014894474298 ], [ 347323.425762750732247, 2013961.237859708955511 ], [ 347323.425762750732247, 2013991.242537783225998 ], [ 347293.422013164265081, 2014021.247215857496485 ], [ 347293.422013164265081, 2014333.721876950003207 ], [ 347323.425762750732247, 2014363.726555024273694 ], [ 347323.425762750732247, 2014531.3267431196291 ], [ 347297.815864413860254, 2014556.937433973420411 ], [ 347237.808365240867715, 2014616.946790121961385 ], [ 347207.804615654342342, 2014646.951468196231872 ], [ 347147.797116481349804, 2014706.960824344772846 ], [ 347117.79336689482443, 2014736.965502419043332 ], [ 347092.183660851267632, 2014762.576000973349437 ], [ 347062.179911264742259, 2014762.576000973349437 ], [ 347032.176161678216886, 2014792.580679047619924 ], [ 346702.134916226670612, 2014792.580679047619924 ], [ 346672.131166640145238, 2014822.585357121890411 ], [ 346552.116168294160161, 2014822.585357121890411 ], [ 346522.112418707634788, 2014852.590035196160898 ], [ 346432.101169948175084, 2014852.590035196160898 ], [ 346402.097420361649711, 2014882.594713270431384 ], [ 346342.089921188657172, 2014882.594713270431384 ], [ 346307.692128059279639, 2014916.993570864433423 ], [ 346282.082422015606426, 2014942.604069418972358 ], [ 346252.07867242913926, 2014942.604069418972358 ], [ 346222.074922842613887, 2014972.608747493242845 ], [ 346192.071173256146722, 2014972.608747493242845 ], [ 346162.067423669621348, 2015002.613425567513332 ], [ 346012.048675737169106, 2015002.613425567513332 ], [ 345982.044926150643732, 2015032.618103641550988 ], [ 345952.041176564118359, 2015032.618103641550988 ], [ 345922.037426977592986, 2015062.622781715821475 ], [ 345892.033677391009405, 2015062.622781715821475 ], [ 345862.02992780454224, 2015092.627459790091962 ], [ 345832.026178218016867, 2015092.627459790091962 ], [ 345793.234533839102369, 2015131.420304604573175 ], [ 345793.234533839102369, 2015281.443694975925609 ], [ 345772.018679045082536, 2015302.660206309985369 ], [ 345733.227034666051622, 2015302.660206309985369 ], [ 345733.227034666051622, 2015341.453051124233752 ], [ 345703.223285079584457, 2015371.457729198504239 ], [ 345703.223285079584457, 2015401.462407272774726 ], [ 345673.219535493059084, 2015431.467085347045213 ], [ 345673.219535493059084, 2015593.918356068432331 ], [ 345707.617136329237837, 2015628.317021362949163 ], [ 345742.014929458498955, 2015662.715878956951201 ], [ 346054.480849568906706, 2015662.715878956951201 ], [ 346084.484599155432079, 2015632.711200882680714 ], [ 346102.059924496570602, 2015632.711200882680714 ], [ 346123.275779290590435, 2015653.927712216740474 ], [ 346123.275779290590435, 2015683.932390291010961 ], [ 346192.071173256146722, 2015752.729913179762661 ], [ 346222.074922842613887, 2015752.729913179762661 ], [ 346243.29077763663372, 2015773.946424513822421 ], [ 346243.29077763663372, 2015872.748625476844609 ], [ 346312.086171602131799, 2015872.748625476844609 ], [ 346333.302026396151632, 2015893.965136810904369 ], [ 346333.302026396151632, 2015983.979171033482999 ], [ 346363.305775982618798, 2016013.983849107753485 ], [ 346363.305775982618798, 2016103.997883330564946 ], [ 346427.707126405322924, 2016168.401226699585095 ], [ 346462.104919534700457, 2016202.800084293354303 ], [ 346714.563340471941046, 2016202.800084293354303 ], [ 346748.961133601376787, 2016168.401226699585095 ], [ 346768.356627522385679, 2016149.005132571095601 ], [ 346787.752121443336364, 2016168.401226699585095 ], [ 346817.755871029861737, 2016198.405904773622751 ], [ 346847.759620616270695, 2016228.410582847893238 ], [ 346897.159520653716754, 2016277.812011600937694 ], [ 346882.157413745706435, 2016292.814582759980112 ], [ 346792.14662921562558, 2016292.814582759980112 ], [ 346852.153664159122854, 2016352.823474664706737 ], [ 346882.157413745706435, 2016352.823474664706737 ], [ 346912.161163332231808, 2016382.828152738977224 ], [ 346942.164912918698974, 2016382.828152738977224 ], [ 346967.774618962372188, 2016408.438651293516159 ], [ 347002.172412091633305, 2016442.837508887518197 ], [ 347062.179911264684051, 2016442.837508887518197 ], [ 347087.789617308299057, 2016468.448007442057133 ], [ 347122.187410437793005, 2016502.84686503582634 ], [ 347152.191160024201963, 2016502.84686503582634 ], [ 347207.80461565440055, 2016558.462041664635763 ], [ 347237.808365240809508, 2016588.466719738906249 ], [ 347293.422013164265081, 2016644.082088666968048 ], [ 347293.422013164265081, 2016682.874933481449261 ], [ 347332.213657543237787, 2016682.874933481449261 ], [ 347387.827113173436373, 2016738.490110110258684 ], [ 347422.225138417503331, 2016772.889199825935066 ], [ 347413.437011510250159, 2016781.677598688052967 ], [ 347413.437011510250159, 2016824.110157112358138 ], [ 347447.834612346428912, 2016858.5088224071078 ], [ 347477.83836193283787, 2016888.513500481378287 ], [ 347537.845861105946824, 2016948.522856629919261 ], [ 347567.849610692355782, 2016978.527534704189748 ], [ 347593.459509029285982, 2017004.138225557981059 ], [ 347593.459509029285982, 2017034.142903632251546 ], [ 347627.857109865406528, 2017068.541568926768377 ], [ 347687.864609038457274, 2017128.550925075309351 ], [ 347717.868358624866232, 2017158.555603149579838 ], [ 347752.266151754301973, 2017192.954460743581876 ], [ 347812.273650927294511, 2017192.954460743581876 ], [ 347842.277400513819885, 2017222.959138817852363 ], [ 347872.28115010028705, 2017222.959138817852363 ], [ 347902.284899686754216, 2017252.96381689212285 ], [ 347962.292398859804962, 2017252.96381689212285 ], [ 348022.299898032855708, 2017312.973173040663823 ], [ 348052.303647619381081, 2017312.973173040663823 ], [ 348077.913353662996087, 2017338.583671594969928 ], [ 348112.311146792257205, 2017372.982529188971967 ], [ 348142.314896378840785, 2017372.982529188971967 ], [ 348167.924602422513999, 2017398.593027743510902 ], [ 348197.928352008922957, 2017428.597705817781389 ], [ 348223.538250345853157, 2017454.2083966715727 ], [ 348223.538250345853157, 2017484.213074745843187 ], [ 348253.541999932378531, 2017514.217752820113674 ], [ 348253.541999932378531, 2017724.250499339774251 ], [ 348283.545749518845696, 2017754.255177414044738 ], [ 348283.545749518845696, 2017844.269211636856198 ], [ 348313.549499105371069, 2017874.273889711126685 ], [ 348313.549499105371069, 2018041.874077806482092 ], [ 348283.545749518845696, 2018071.878755880752578 ], [ 348283.545749518845696, 2018243.118193342117593 ], [ 348352.341143484343775, 2018243.118193342117593 ], [ 348382.34489307081094, 2018273.12287141638808 ], [ 348442.352392243861686, 2018273.12287141638808 ], [ 348472.35614183038706, 2018303.127549490658566 ], [ 348502.359891416854225, 2018303.127549490658566 ], [ 348532.363641003321391, 2018333.132227564929053 ], [ 348652.379103578801733, 2018333.132227564929053 ], [ 348652.378639349364676, 2018333.132691808743402 ], [ 348583.583245383866597, 2018333.132691808743402 ], [ 348583.583245383866597, 2018521.94892699434422 ] ], [ [ 348724.814098538307007, 2018333.132227564929053 ], [ 348862.405350684362929, 2018333.132227564929053 ], [ 348862.404886454925872, 2018333.132691808743402 ], [ 348724.814562767744064, 2018333.132691808743402 ], [ 348724.814098538307007, 2018333.132227564929053 ] ], [ [ 348874.832846470875666, 2017823.053164546610788 ], [ 348874.833310700312722, 2017823.052700302796438 ], [ 348892.409100270830095, 2017823.052700302796438 ], [ 348892.408636041393038, 2017823.053164546610788 ], [ 348874.832846470875666, 2017823.053164546610788 ] ], [ [ 348934.840345643868204, 2017793.048486472340301 ], [ 348934.840809873305261, 2017793.048022228525952 ], [ 348952.416599443880841, 2017793.048022228525952 ], [ 348952.416135214443784, 2017793.048486472340301 ], [ 348934.840345643868204, 2017793.048486472340301 ] ], [ [ 349024.851594403386116, 2017733.039130323799327 ], [ 349024.852058632823173, 2017733.038666079984978 ], [ 349042.427848203340545, 2017733.038666079984978 ], [ 349042.427383973903488, 2017733.039130323799327 ], [ 349024.851594403386116, 2017733.039130323799327 ] ], [ [ 348982.420349030231591, 2017312.973637284245342 ], [ 348964.844559459714219, 2017312.973637284245342 ], [ 348964.844095230509993, 2017312.973173040663823 ], [ 348982.419884801027365, 2017312.973173040663823 ], [ 348982.420349030231591, 2017312.973637284245342 ] ], [ [ 348892.409100270830095, 2017252.964281135937199 ], [ 348844.829561113787349, 2017252.964281135937199 ], [ 348844.829096884350292, 2017252.96381689212285 ], [ 348892.408636041393038, 2017252.96381689212285 ], [ 348892.409100270830095, 2017252.964281135937199 ] ], [ [ 348622.375353992159944, 2017042.931534616043791 ], [ 348604.799564421642572, 2017042.931534616043791 ], [ 348604.799100192438345, 2017042.931070372462273 ], [ 348622.374889762955718, 2017042.931070372462273 ], [ 348622.375353992159944, 2017042.931534616043791 ] ], [ [ 348562.367854819283821, 2017012.926856542006135 ], [ 348544.792065248766448, 2017012.926856542006135 ], [ 348544.791601019329391, 2017012.926392298191786 ], [ 348562.367390589846764, 2017012.926392298191786 ], [ 348562.367854819283821, 2017012.926856542006135 ] ], [ [ 348502.360355646291282, 2016982.922178467735648 ], [ 348184.747070210694801, 2016982.922178467735648 ], [ 348184.746605981257744, 2016982.921714223921299 ], [ 348502.359891416854225, 2016982.921714223921299 ], [ 348502.360355646291282, 2016982.922178467735648 ] ], [ [ 348142.315360608277842, 2016952.917500393465161 ], [ 348124.739571037702262, 2016952.917500393465161 ], [ 348124.739106808265205, 2016952.917036149650812 ], [ 348142.314896378840785, 2016952.917036149650812 ], [ 348142.315360608277842, 2016952.917500393465161 ] ], [ [ 348052.304111848759931, 2016892.908144244924188 ], [ 348034.728322278184351, 2016892.908144244924188 ], [ 348034.727858048747294, 2016892.907680001109838 ], [ 348052.303647619322874, 2016892.907680001109838 ], [ 348052.304111848759931, 2016892.908144244924188 ] ], [ [ 347962.292863089242019, 2016832.898788096383214 ], [ 347914.713323932199273, 2016832.898788096383214 ], [ 347914.712859702762216, 2016832.898323852568865 ], [ 347962.292398859804962, 2016832.898323852568865 ], [ 347962.292863089242019, 2016832.898788096383214 ] ], [ [ 347842.277864743256941, 2016772.88943194784224 ], [ 347764.694575999630615, 2016772.88943194784224 ], [ 347764.694111770193558, 2016772.888967704027891 ], [ 347842.277400513819885, 2016772.888967704027891 ], [ 347842.277864743256941, 2016772.88943194784224 ] ], [ [ 347722.262866397039033, 2016742.884753873571754 ], [ 347464.65661590534728, 2016742.884753873571754 ], [ 347464.657080134551506, 2016742.884289629990235 ], [ 347722.262402167834807, 2016742.884289629990235 ], [ 347722.262866397039033, 2016742.884753873571754 ] ] ] ] } },
{ "type": "Feature", "properties": { "OBJECTID": 13, "乡镇名": "红沙镇", "面积km2": 30.498 }, "geometry": { "type": "Polygon", "coordinates": [ [ [ 348262.32989472488407, 2024994.170760047622025 ], [ 348664.807063594809733, 2024994.170760047622025 ], [ 348694.810813181276899, 2024964.166081973351538 ], [ 348754.818312354327645, 2024964.166081973351538 ], [ 348784.822061940794811, 2024934.161403899081051 ], [ 349144.867056978866458, 2024934.161403899081051 ], [ 349183.658701357780956, 2024895.368559084599838 ], [ 349183.658701357780956, 2024865.363881010329351 ], [ 349204.874556151800789, 2024844.147369676269591 ], [ 349234.878305738267954, 2024844.147369676269591 ], [ 349264.882055324793328, 2024814.142691601999104 ], [ 349384.89705367089482, 2024814.142691601999104 ], [ 349414.900803257361986, 2024784.138013527728617 ], [ 349444.904552843829151, 2024784.138013527728617 ], [ 349479.302345973206684, 2024749.739155933726579 ], [ 349504.912052016879898, 2024724.128657379187644 ], [ 349543.703696395852603, 2024724.128657379187644 ], [ 349543.703696395852603, 2024685.33581256493926 ], [ 349564.919551189872436, 2024664.119301230879501 ], [ 349594.923300776339602, 2024664.119301230879501 ], [ 349624.927050362864975, 2024634.114623156609014 ], [ 349654.93079994933214, 2024634.114623156609014 ], [ 349693.722444328363054, 2024595.3217783421278 ], [ 349693.722444328363054, 2024462.875185695011169 ], [ 349659.3248434921843, 2024428.476520400261506 ], [ 349633.714945155370515, 2024402.865829546703026 ], [ 349633.714945155370515, 2024342.856473398162052 ], [ 349603.711195568845142, 2024312.851795323891565 ], [ 349603.711195568845142, 2023892.78630228433758 ], [ 349573.707445982319769, 2023862.781624210067093 ], [ 349573.707445982319769, 2023802.77226806175895 ], [ 349543.703696395852603, 2023772.767589987488464 ], [ 349543.703696395852603, 2023485.14868959505111 ], [ 349569.313594732724596, 2023459.537998741259798 ], [ 349603.711195568845142, 2023425.139333446510136 ], [ 349603.711195568845142, 2023335.125299223698676 ], [ 349633.714945155370515, 2023305.120621149428189 ], [ 349633.714945155370515, 2023275.115943075390533 ], [ 349663.71869474183768, 2023245.111265001120046 ], [ 349663.71869474183768, 2023215.106586926849559 ], [ 349693.722444328363054, 2023185.101908852579072 ], [ 349693.722444328363054, 2023155.097230778308585 ], [ 349723.726193914830219, 2023125.092552704038098 ], [ 349723.726193914830219, 2023095.087874629767612 ], [ 349809.343591424752958, 2023009.467827627435327 ], [ 349834.953297468309756, 2022983.857329073129222 ], [ 349894.960796641360503, 2022983.857329073129222 ], [ 349963.756190606916789, 2022915.059806184377521 ], [ 349963.756190606916789, 2022705.027059664716944 ], [ 349989.366088943788782, 2022679.416368810925633 ], [ 350019.369838530255947, 2022649.411690736655146 ], [ 350049.37358811678132, 2022619.407012662384659 ], [ 350083.771188952901866, 2022585.008347367634997 ], [ 350083.771188952901866, 2022555.00366929336451 ], [ 350113.774938539427239, 2022524.998991219094023 ], [ 350113.774938539427239, 2022494.994313144823536 ], [ 350143.778688125894405, 2022464.989635070553049 ], [ 350143.778688125894405, 2022404.980278922244906 ], [ 350164.994542919914238, 2022383.763767588185146 ], [ 350194.998292506381404, 2022383.763767588185146 ], [ 350233.789936885412317, 2022344.970922773703933 ], [ 350233.789936885412317, 2022284.961566625162959 ], [ 350263.79368647193769, 2022254.956888550892472 ], [ 350263.79368647193769, 2022224.952210476621985 ], [ 350293.797436058463063, 2022194.947532402351499 ], [ 350293.797436058463063, 2022164.942854328081012 ], [ 350323.801185644930229, 2022134.938176254043356 ], [ 350323.801185644930229, 2022104.933498179772869 ], [ 350345.017040438950062, 2022083.716986845713109 ], [ 350383.808684817922767, 2022083.716986845713109 ], [ 350383.808684817922767, 2021702.444802864454687 ], [ 350353.804935231455602, 2021672.4401247901842 ], [ 350353.804935231455602, 2021633.647279975702986 ], [ 350164.994542919914238, 2021633.647279975702986 ], [ 350134.990793333388865, 2021603.642601901432499 ], [ 350104.987043746921699, 2021603.642601901432499 ], [ 350083.771188952901866, 2021582.426090567372739 ], [ 350083.771188952901866, 2021552.421412493335083 ], [ 350053.767439366376493, 2021522.416734419064596 ], [ 350053.767439366376493, 2021483.623889604583383 ], [ 350014.975794987403788, 2021483.623889604583383 ], [ 349993.759940193383954, 2021462.407378270523623 ], [ 349993.759940193383954, 2021432.402700196253136 ], [ 349963.756190606916789, 2021402.398022121982649 ], [ 349963.756190606916789, 2021372.393344047712162 ], [ 349933.752441020391416, 2021342.388665973441675 ], [ 349933.752441020391416, 2021294.807190174935386 ], [ 349963.756190606916789, 2021264.802512100897729 ], [ 349963.756190606916789, 2021234.797834026627243 ], [ 349989.366088943788782, 2021209.187143172835931 ], [ 350023.763689779909328, 2021174.788477878086269 ], [ 350023.763689779909328, 2020982.332529082661495 ], [ 349993.759940193383954, 2020952.327851008391008 ], [ 349993.759940193383954, 2020862.313816785579547 ], [ 349963.756190606916789, 2020832.30913871130906 ], [ 349963.756190606916789, 2020802.304460637038574 ], [ 349933.752441020391416, 2020772.299782562768087 ], [ 349933.752441020391416, 2020703.502259674016386 ], [ 349864.95704705483513, 2020703.502259674016386 ], [ 349839.347341011220124, 2020677.891761119710281 ], [ 349809.343591424811166, 2020647.887083045439795 ], [ 349783.733693087880965, 2020622.276392191648483 ], [ 349783.733693087880965, 2020592.271714117377996 ], [ 349719.332342665176839, 2020527.868370748357847 ], [ 349689.328593078767881, 2020497.863692674087361 ], [ 349659.3248434921843, 2020467.859014599816874 ], [ 349633.714945155370515, 2020442.248323746025562 ], [ 349633.714945155370515, 2020412.243645671987906 ], [ 349603.711195568845142, 2020382.238967597717419 ], [ 349603.711195568845142, 2020262.220255300635472 ], [ 349564.919551189814229, 2020223.427410486154258 ], [ 349534.915801603347063, 2020223.427410486154258 ], [ 349509.306095559673849, 2020197.816911931615323 ], [ 349479.302345973264892, 2020167.812233857344836 ], [ 349449.298596386681311, 2020137.80755578330718 ], [ 349419.294846800155938, 2020107.802877709036693 ], [ 349393.684948463342153, 2020082.192186855245382 ], [ 349393.684948463342153, 2020052.187508780974895 ], [ 349354.893304084311239, 2020013.394663966493681 ], [ 349324.889554497844074, 2020013.394663966493681 ], [ 349273.669950117298868, 2019962.173474558163434 ], [ 349273.669950117298868, 2019824.577964537078515 ], [ 349333.677449290349614, 2019764.568608388537541 ], [ 349333.677449290349614, 2019704.559252239996567 ], [ 349363.681198876816779, 2019674.554574165726081 ], [ 349363.681198876816779, 2019572.112659593112767 ], [ 349329.283598040754441, 2019537.713994298363104 ], [ 349294.885804911318701, 2019503.315136704361066 ], [ 349264.882055324793328, 2019503.315136704361066 ], [ 349234.878305738267954, 2019473.310458630090579 ], [ 349204.874556151800789, 2019473.310458630090579 ], [ 349179.264850108127575, 2019447.699960075551644 ], [ 349153.65495177131379, 2019422.089269221760333 ], [ 349153.65495177131379, 2019272.065878850640729 ], [ 349123.651202184788417, 2019242.061200776370242 ], [ 349123.651202184788417, 2019182.051844627829269 ], [ 349084.859557805757504, 2019143.258999813348055 ], [ 349054.855808219290338, 2019143.258999813348055 ], [ 349024.852058632764965, 2019113.254321739077568 ], [ 348883.620741248945706, 2019113.254321739077568 ], [ 348883.620741248945706, 2019152.047166553558782 ], [ 348858.010842912073713, 2019177.657857407350093 ], [ 348828.00709332554834, 2019207.66253548162058 ], [ 348802.397387281933334, 2019233.273034036159515 ], [ 348772.393637695349753, 2019233.273034036159515 ], [ 348742.389888108882587, 2019263.277712110430002 ], [ 348694.810813181276899, 2019263.277712110430002 ], [ 348664.807063594809733, 2019233.273034036159515 ], [ 348634.803314008226153, 2019233.273034036159515 ], [ 348613.587459214206319, 2019212.056522702099755 ], [ 348613.587459214206319, 2019182.051844627829269 ], [ 348589.797457513806876, 2019158.261106728576124 ], [ 348613.587459214206319, 2019134.470368829322979 ], [ 348613.587459214206319, 2019104.465690755052492 ], [ 348643.591208800731692, 2019074.461012680782005 ], [ 348643.591208800731692, 2018942.014420033898205 ], [ 348613.587459214206319, 2018912.009741959627718 ], [ 348613.587459214206319, 2018791.99102966254577 ], [ 348583.583709627739154, 2018761.986351588275284 ], [ 348583.583709627739154, 2018701.976995439967141 ], [ 348553.579960041213781, 2018671.972317365696654 ], [ 348553.579960041213781, 2018564.38148541864939 ], [ 348583.583709627739154, 2018534.376807344378904 ], [ 348583.583709627739154, 2018333.132691808743402 ], [ 348544.792065248766448, 2018333.132691808743402 ], [ 348514.788315662299283, 2018303.128013734472916 ], [ 348484.784566075715702, 2018303.128013734472916 ], [ 348454.780816489190329, 2018273.123335660202429 ], [ 348394.773317316255998, 2018273.123335660202429 ], [ 348364.769567729788832, 2018243.118657585931942 ], [ 348304.762068556738086, 2018243.118657585931942 ], [ 348283.546213762718253, 2018221.902146251872182 ], [ 348283.546213762718253, 2018084.306636230787262 ], [ 348313.549963349185418, 2018054.301958156516775 ], [ 348313.549963349185418, 2017861.846009361092001 ], [ 348283.546213762718253, 2017831.841331286821514 ], [ 348283.546213762718253, 2017741.827297064010054 ], [ 348253.54246417619288, 2017711.822618989739567 ], [ 348253.54246417619288, 2017501.78987247007899 ], [ 348223.538714589667507, 2017471.785194395808503 ], [ 348223.538714589667507, 2017441.780516321538016 ], [ 348189.141113753605168, 2017407.381851026788354 ], [ 348154.743320624169428, 2017372.982993432786316 ], [ 348124.739571037702262, 2017372.982993432786316 ], [ 348099.129864994087256, 2017347.37249487824738 ], [ 348064.732071864651516, 2017312.973637284245342 ], [ 348034.728322278126143, 2017312.973637284245342 ], [ 348009.118616234511137, 2017287.363138729939237 ], [ 347974.720823105133604, 2017252.964281135937199 ], [ 347914.713323932199273, 2017252.964281135937199 ], [ 347884.709574345732108, 2017222.959603061666712 ], [ 347854.705824759148527, 2017222.959603061666712 ], [ 347824.702075172623154, 2017192.954924987396225 ], [ 347764.694575999630615, 2017192.954924987396225 ], [ 347739.084869955957402, 2017167.34442643285729 ], [ 347709.081120369548444, 2017137.339748358586803 ], [ 347649.07362119643949, 2017077.330392210045829 ], [ 347619.069871610030532, 2017047.325714135775343 ], [ 347593.459973273100331, 2017021.715023282216862 ], [ 347593.459973273100331, 2016991.710345207946375 ], [ 347559.062372437037993, 2016957.311679913196713 ], [ 347499.054873263929039, 2016897.302323764655739 ], [ 347469.051123677520081, 2016867.297645690385252 ], [ 347439.047374090936501, 2016837.292967616114765 ], [ 347413.437475754122715, 2016811.682276762323454 ], [ 347413.437475754122715, 2016751.67292061378248 ], [ 347379.039874917943962, 2016717.274255319265649 ], [ 347344.642081788566429, 2016682.87539772526361 ], [ 347314.638332202099264, 2016682.87539772526361 ], [ 347293.42247740807943, 2016661.658886391203851 ], [ 347293.42247740807943, 2016631.654208316933364 ], [ 347259.024876571900677, 2016597.255543022183701 ], [ 347229.021126985491719, 2016567.250864947913215 ], [ 347164.619584269530606, 2016502.847329279640689 ], [ 347134.61583468306344, 2016502.847329279640689 ], [ 347109.006128639390226, 2016477.236830725101754 ], [ 347074.608335510012694, 2016442.837973131332546 ], [ 347014.600836337078363, 2016442.837973131332546 ], [ 346988.991130293463357, 2016417.227474576793611 ], [ 346954.593337164027616, 2016382.828616982791573 ], [ 346924.589587577560451, 2016382.828616982791573 ], [ 346894.585837991035078, 2016352.823938908521086 ], [ 346864.582088404567912, 2016352.823938908521086 ], [ 346834.578338818100747, 2016322.819260834250599 ], [ 346732.138665813195985, 2016322.819260834250599 ], [ 346663.343271847639699, 2016391.6167837230023 ], [ 346663.343271847639699, 2016421.621461797272786 ], [ 346637.733373510767706, 2016447.232152651064098 ], [ 346603.33577267464716, 2016481.63081794558093 ], [ 346603.33577267464716, 2016511.635496019851416 ], [ 346577.725874337775167, 2016537.246186873642728 ], [ 346522.112418707634788, 2016592.86136350245215 ], [ 346402.097420361649711, 2016592.86136350245215 ], [ 346372.093670775124338, 2016622.866041576722637 ], [ 346234.503347088000737, 2016622.866041576722637 ], [ 346213.287492293980904, 2016601.649530242662877 ], [ 346213.287492293980904, 2016562.856685428181663 ], [ 346174.495847914949991, 2016562.856685428181663 ], [ 346148.886141871276777, 2016537.246186873642728 ], [ 346118.882392284867819, 2016507.241508799372241 ], [ 346088.878642698284239, 2016477.236830725101754 ], [ 346058.874893111758865, 2016447.232152651064098 ], [ 346028.871143525349908, 2016417.227474576793611 ], [ 345994.473350395914167, 2016382.828616982791573 ], [ 345862.029927804600447, 2016382.828616982791573 ], [ 345832.026178218075074, 2016412.83329505706206 ], [ 345784.447103290411178, 2016412.83329505706206 ], [ 345758.837397246737964, 2016387.222796502523124 ], [ 345728.833647660329007, 2016357.218118428252637 ], [ 345694.435854530893266, 2016322.819260834250599 ], [ 345652.003680698981043, 2016322.819260834250599 ], [ 345621.999931112513877, 2016352.823938908521086 ], [ 345591.996181526046712, 2016352.823938908521086 ], [ 345557.598388396669179, 2016387.222796502523124 ], [ 345531.988682352995966, 2016412.83329505706206 ], [ 345471.981183180061635, 2016412.83329505706206 ], [ 345433.189538801030722, 2016451.626139871543273 ], [ 345433.189538801030722, 2016481.63081794558093 ], [ 345407.579640464158729, 2016507.241508799372241 ], [ 345377.575890877633356, 2016537.246186873642728 ], [ 345351.96618483401835, 2016562.856685428181663 ], [ 345253.167041281994898, 2016562.856685428181663 ], [ 345253.167041281994898, 2016781.677598688052967 ], [ 345223.163291695527732, 2016811.682276762323454 ], [ 345223.163291695527732, 2016841.686954836593941 ], [ 345171.943687314982526, 2016892.908144244924188 ], [ 345133.152042936009821, 2016892.908144244924188 ], [ 345133.152042936009821, 2016931.700989059405401 ], [ 345081.932438555464614, 2016982.922178467735648 ], [ 344854.330866108823102, 2016982.922178467735648 ], [ 344824.327116522297729, 2016952.917500393465161 ], [ 344794.323366935830563, 2016952.917500393465161 ], [ 344773.10751214181073, 2016931.700989059405401 ], [ 344773.10751214181073, 2016892.908144244924188 ], [ 344734.315867762779817, 2016892.908144244924188 ], [ 344713.100012968759984, 2016871.691632910864428 ], [ 344713.100012968759984, 2016802.894110022112727 ], [ 344511.861196411948185, 2016802.894110022112727 ], [ 344451.853697238897439, 2016862.903466170653701 ], [ 344421.849947652430274, 2016862.903466170653701 ], [ 344391.8461980659049, 2016892.908144244924188 ], [ 344361.842448479437735, 2016892.908144244924188 ], [ 344297.440905763534829, 2016957.311679913196713 ], [ 344267.437156177009456, 2016987.3163579874672 ], [ 344237.43340659054229, 2017017.321036061737686 ], [ 344207.429657004016917, 2017047.325714135775343 ], [ 344173.032056167896371, 2017081.724379430525005 ], [ 344173.032056167896371, 2017111.729057504795492 ], [ 344143.028306581370998, 2017141.733735579065979 ], [ 344143.028306581370998, 2017171.738413653336465 ], [ 344117.418408244499005, 2017197.349104507127777 ], [ 344083.02080740837846, 2017231.747769801877439 ], [ 344083.02080740837846, 2017261.752447876147926 ], [ 344053.017057821853086, 2017291.757125950418413 ], [ 344053.017057821853086, 2017321.761804024456069 ], [ 344023.013308235385921, 2017351.766482098726556 ], [ 344023.013308235385921, 2017604.231787042925134 ], [ 344053.017057821853086, 2017634.23646511696279 ], [ 344053.017057821853086, 2017823.052700302796438 ], [ 344091.808702200825792, 2017823.052700302796438 ], [ 344113.024556994845625, 2017844.269211636856198 ], [ 344113.024556994845625, 2017874.273889711126685 ], [ 344143.028306581370998, 2017904.278567785164341 ], [ 344143.028306581370998, 2018041.874077806482092 ], [ 344113.024556994845625, 2018071.878755880752578 ], [ 344113.024556994845625, 2018101.883433955023065 ], [ 344087.414658657973632, 2018127.494124808814377 ], [ 344057.410909071506467, 2018157.498802883084863 ], [ 344027.407159485039301, 2018187.50348095712252 ], [ 343993.009558648860548, 2018221.902146251872182 ], [ 343993.009558648860548, 2018461.939570845803246 ], [ 343963.005809062335175, 2018491.944248920073733 ], [ 343963.005809062335175, 2018521.94892699434422 ], [ 343941.789954268315341, 2018543.16543832840398 ], [ 343902.998309889342636, 2018543.16543832840398 ], [ 343902.998309889342636, 2018581.958283142885193 ], [ 343877.388411552470643, 2018607.568973996676505 ], [ 343842.990810716350097, 2018641.967639291426167 ], [ 343842.990810716350097, 2018701.976995439967141 ], [ 343812.987061129824724, 2018731.981673514004797 ], [ 343812.987061129824724, 2018821.995707736816257 ], [ 343787.377162792952731, 2018847.606398590607569 ], [ 343752.979561956832185, 2018882.005063885357231 ], [ 343752.979561956832185, 2018912.009741959627718 ], [ 343731.763707162812352, 2018933.226253293687478 ], [ 343701.759957576345187, 2018933.226253293687478 ], [ 343662.968313197314274, 2018972.019098108168691 ], [ 343662.968313197314274, 2019062.033132330747321 ], [ 343632.9645636107889, 2019092.037810405017808 ], [ 343632.9645636107889, 2019122.042488479288295 ], [ 343602.960814024321735, 2019152.047166553558782 ], [ 343602.960814024321735, 2019233.272569792345166 ], [ 343641.75245840329444, 2019233.272569792345166 ], [ 343671.756207989819814, 2019263.277247866615653 ], [ 343851.778705508855637, 2019263.277247866615653 ], [ 343877.388411552528851, 2019288.887746421154588 ], [ 343911.786204681906383, 2019323.286604014923796 ], [ 343941.789954268315341, 2019323.286604014923796 ], [ 343971.793703854782507, 2019353.291282089194283 ], [ 344194.248375205788761, 2019353.291282089194283 ], [ 344224.252124792255927, 2019323.286604014923796 ], [ 344293.047518757754005, 2019323.286604014923796 ], [ 344293.047518757754005, 2019284.493759200675413 ], [ 344314.263373551773839, 2019263.277247866615653 ], [ 344344.267123138241004, 2019263.277247866615653 ], [ 344374.270872724766377, 2019233.272569792345166 ], [ 344614.300869416736532, 2019233.272569792345166 ], [ 344644.304619003261905, 2019203.267891718074679 ], [ 344674.308368589845486, 2019203.267891718074679 ], [ 344704.312118176312651, 2019173.263213643804193 ], [ 344901.909941036428791, 2019173.263213643804193 ], [ 344931.913690622895956, 2019203.267891718074679 ], [ 344961.917440209479537, 2019203.267891718074679 ], [ 344987.52714625315275, 2019228.878390272613615 ], [ 345021.924939382413868, 2019263.277247866615653 ], [ 345051.928688968939241, 2019263.277247866615653 ], [ 345077.538395012554247, 2019288.887746421154588 ], [ 345111.936188142048195, 2019323.286604014923796 ], [ 345141.939937728457153, 2019323.286604014923796 ], [ 345171.943687314924318, 2019353.291282089194283 ], [ 345351.96618483401835, 2019353.291282089194283 ], [ 345381.969934420543723, 2019383.29596016346477 ], [ 345471.981183180003427, 2019383.29596016346477 ], [ 345501.984932766470592, 2019413.300638237735257 ], [ 345531.988682352995966, 2019413.300638237735257 ], [ 345557.598388396610972, 2019438.911136792274192 ], [ 345591.996181526046712, 2019473.30999438627623 ], [ 345712.011179872031789, 2019473.30999438627623 ], [ 345742.014929458498955, 2019503.314672460546717 ], [ 345832.026178218075074, 2019503.314672460546717 ], [ 345862.029927804600447, 2019533.319350534817204 ], [ 345892.033677391067613, 2019533.319350534817204 ], [ 345947.6471330212662, 2019588.934527163626626 ], [ 345973.257031358079985, 2019614.545218017185107 ], [ 345973.257031358079985, 2019794.573286462808028 ], [ 346003.260780944605358, 2019824.577964537078515 ], [ 346003.260780944605358, 2019854.582642611349002 ], [ 346033.264530531072523, 2019884.587320685386658 ], [ 346033.264530531072523, 2019914.591998759657145 ], [ 346097.66588095377665, 2019978.995342128677294 ], [ 346123.275779290590435, 2020004.606032982468605 ], [ 346123.275779290590435, 2020124.624745279550552 ], [ 346153.279528877115808, 2020154.629423353821039 ], [ 346153.279528877115808, 2020184.634101427858695 ], [ 346183.283278463641182, 2020214.638779502129182 ], [ 346183.283278463641182, 2020232.215577226364985 ], [ 346153.279528877115808, 2020262.220255300635472 ], [ 346153.279528877115808, 2020322.229611449176446 ], [ 346127.669630540243816, 2020347.840302302967757 ], [ 346093.27202970412327, 2020382.238967597717419 ], [ 346093.27202970412327, 2020454.676204096060246 ], [ 346123.275779290590435, 2020484.680882170330733 ], [ 346123.275779290590435, 2020544.690238318871707 ], [ 346153.279528877115808, 2020574.694916393142194 ], [ 346153.279528877115808, 2020592.271714117377996 ], [ 346123.275779290590435, 2020622.276392191648483 ], [ 346123.275779290590435, 2020682.285748340189457 ], [ 346093.27202970412327, 2020712.290426414227113 ], [ 346093.27202970412327, 2020913.534541950095445 ], [ 346132.063674083095975, 2020913.534541950095445 ], [ 346183.283278463641182, 2020964.755731358425692 ], [ 346183.283278463641182, 2020994.760409432696179 ], [ 346213.287028050108347, 2021024.765087506733835 ], [ 346213.287028050108347, 2021042.341885230969638 ], [ 346183.283278463641182, 2021072.346563305240124 ], [ 346183.283278463641182, 2021312.383987899171188 ], [ 346153.279528877115808, 2021342.388665973441675 ], [ 346153.279528877115808, 2021372.393344047712162 ], [ 346123.275779290590435, 2021402.398022121982649 ], [ 346123.275779290590435, 2021462.407378270523623 ], [ 346093.27202970412327, 2021492.412056344794109 ], [ 346093.27202970412327, 2021522.416734419064596 ], [ 346072.056174910103437, 2021543.633245753124356 ], [ 346042.052425323636271, 2021543.633245753124356 ], [ 346007.654632194258738, 2021578.032103346893564 ], [ 345973.257031358079985, 2021612.430768641643226 ], [ 345973.257031358079985, 2021882.472871309844777 ], [ 345943.253281771612819, 2021912.477549384115264 ], [ 345943.253281771612819, 2022014.919463956961408 ], [ 345973.257031358079985, 2022044.924142031231895 ], [ 345973.257031358079985, 2022284.961566625162959 ], [ 346003.260780944605358, 2022314.966244699433446 ], [ 346003.260780944605358, 2022344.970922773703933 ], [ 346037.658381780667696, 2022379.369588068453595 ], [ 346063.268280117597897, 2022404.980278922244906 ], [ 346063.268280117597897, 2022585.008347367634997 ], [ 346093.27202970412327, 2022615.013025441905484 ], [ 346093.27202970412327, 2022812.617891611531377 ], [ 346063.268280117597897, 2022842.622569685801864 ], [ 346063.268280117597897, 2022915.059806184377521 ], [ 346102.05992449662881, 2022953.852650998858735 ], [ 346132.063674083095975, 2022953.852650998858735 ], [ 346153.279528877115808, 2022975.069162332918495 ], [ 346153.279528877115808, 2023005.073840406956151 ], [ 346183.283278463641182, 2023035.078518481226638 ], [ 346183.283278463641182, 2023133.880719444248825 ], [ 346282.082422015606426, 2023133.880719444248825 ], [ 346312.086171602073591, 2023163.885397518519312 ], [ 346342.089921188598964, 2023163.885397518519312 ], [ 346363.305775982618798, 2023185.101908852579072 ], [ 346363.305775982618798, 2023215.106586926849559 ], [ 346423.313275155669544, 2023275.115943075390533 ], [ 346423.313275155669544, 2023305.120621149428189 ], [ 346453.317024742136709, 2023335.125299223698676 ], [ 346453.317024742136709, 2023382.706775022204965 ], [ 346423.313275155669544, 2023412.711453096475452 ], [ 346423.313275155669544, 2023472.720809245016426 ], [ 346402.097420361649711, 2023493.937320579076186 ], [ 346363.305775982618798, 2023493.937320579076186 ], [ 346363.305775982618798, 2023532.7301653935574 ], [ 346337.695877645805012, 2023558.34085624711588 ], [ 346303.298276809626259, 2023592.739521541865543 ], [ 346303.298276809626259, 2023853.992993226274848 ], [ 346342.08992118871538, 2023853.992993226274848 ], [ 346367.699627232272178, 2023879.603491780580953 ], [ 346402.097420361649711, 2023914.002349374582991 ], [ 346522.112418707634788, 2023914.002349374582991 ], [ 346552.116168294160161, 2023944.007027448853478 ], [ 346582.119917880627327, 2023944.007027448853478 ], [ 346612.123667467094492, 2023974.011705523123965 ], [ 346672.131166640145238, 2023974.011705523123965 ], [ 346702.134916226670612, 2024004.016383597394451 ], [ 346873.369983197015245, 2024004.016383597394451 ], [ 346873.369983197015245, 2023965.223538782913238 ], [ 346924.589587577560451, 2023914.002349374582991 ], [ 347062.179911264684051, 2023914.002349374582991 ], [ 347087.789617308299057, 2023939.612847929121926 ], [ 347122.187410437734798, 2023974.011705523123965 ], [ 347152.191160024201963, 2023974.011705523123965 ], [ 347212.198659197252709, 2024034.021061671664938 ], [ 347272.206158370245248, 2024034.021061671664938 ], [ 347302.209907956770621, 2024064.025739745935425 ], [ 347332.213657543237787, 2024064.025739745935425 ], [ 347353.42951233725762, 2024085.242251079995185 ], [ 347353.42951233725762, 2024124.035095894476399 ], [ 347392.221156716346741, 2024124.035095894476399 ], [ 347417.830862759903539, 2024149.645594448782504 ], [ 347447.834612346428912, 2024179.65027252305299 ], [ 347473.444510683242697, 2024205.260963376844302 ], [ 347473.444510683242697, 2024235.265641451114789 ], [ 347503.44826026976807, 2024265.270319525385275 ], [ 347503.44826026976807, 2024295.274997599655762 ], [ 347542.239904648798984, 2024334.067842414136976 ], [ 347602.247403821733315, 2024334.067842414136976 ], [ 347632.25115340820048, 2024364.072520488407463 ], [ 347662.254902994784061, 2024364.072520488407463 ], [ 347687.864609038457274, 2024389.683019042946398 ], [ 347713.47450737527106, 2024415.29370989673771 ], [ 347713.47450737527106, 2024505.307744119316339 ], [ 347743.478256961796433, 2024535.312422193586826 ], [ 347743.478256961796433, 2024574.10526700806804 ], [ 347782.269901340769138, 2024574.10526700806804 ], [ 347807.879607384384144, 2024599.715765562606975 ], [ 347867.887106557493098, 2024659.725121711147949 ], [ 347893.497004894306883, 2024685.33581256493926 ], [ 347893.497004894306883, 2024724.128657379187644 ], [ 347932.288649273279589, 2024724.128657379187644 ], [ 347953.504504067299422, 2024745.345168713247404 ], [ 347953.504504067299422, 2024775.34984678751789 ], [ 347992.296148446330335, 2024814.142691601999104 ], [ 348022.2998980327975, 2024814.142691601999104 ], [ 348052.303647619264666, 2024844.147369676269591 ], [ 348172.318645965307951, 2024844.147369676269591 ], [ 348193.534500759327784, 2024865.363881010329351 ], [ 348193.534500759327784, 2024925.373237158870324 ], [ 348262.32989472488407, 2024994.170760047622025 ] ] ] } },
{ "type": "Feature", "properties": { "OBJECTID": 14, "乡镇名": "河东区", "面积km2": 18.159 }, "geometry": { "type": "Polygon", "coordinates": [ [ [ 342042.766299769980833, 2022645.018167774192989 ], [ 342042.766299769980833, 2022585.008347367634997 ], [ 342072.770049356447998, 2022555.00366929336451 ], [ 342072.770049356447998, 2022032.496261681197211 ], [ 342042.766299769980833, 2022002.491583606926724 ], [ 342042.766299769980833, 2021954.910107808420435 ], [ 342072.770049356447998, 2021924.905429734149948 ], [ 342072.770049356447998, 2021894.900751659879461 ], [ 342093.985904150467832, 2021873.684240325819701 ], [ 342183.997152909927536, 2021873.684240325819701 ], [ 342214.000902496452909, 2021843.679562251782045 ], [ 342304.012151256087236, 2021843.679562251782045 ], [ 342334.015900842554402, 2021813.674884177511558 ], [ 342364.019650429079775, 2021813.674884177511558 ], [ 342398.4174435583991, 2021779.27602658350952 ], [ 342424.027149602014106, 2021753.665528028970584 ], [ 342484.034648775006644, 2021753.665528028970584 ], [ 342514.038398361532018, 2021723.660849954700097 ], [ 342582.833792327030096, 2021723.660849954700097 ], [ 342582.833792327030096, 2021654.863327065948397 ], [ 342612.837541913555469, 2021624.85864899167791 ], [ 342612.837541913555469, 2021534.84461476909928 ], [ 342638.447440250427462, 2021509.233923915307969 ], [ 342702.848790673073381, 2021444.83058054628782 ], [ 342702.848790673073381, 2021414.825902472017333 ], [ 342732.852540259540547, 2021384.821224397746846 ], [ 342732.852540259540547, 2021294.807190174935386 ], [ 342758.462438596412539, 2021269.196499321376905 ], [ 342788.466188182937913, 2021239.191821247106418 ], [ 342822.863789019058459, 2021204.793155952356756 ], [ 342822.863789019058459, 2021024.765087506733835 ], [ 342852.867538605583832, 2020994.760409432696179 ], [ 342852.867538605583832, 2020964.755731358425692 ], [ 342882.871288192050997, 2020934.751053284155205 ], [ 342882.871288192050997, 2020904.746375209884718 ], [ 342912.87503777857637, 2020874.741697135614231 ], [ 342912.87503777857637, 2020784.727662912802771 ], [ 342938.484936115448363, 2020759.116972059011459 ], [ 342964.094642159121577, 2020733.506473504472524 ], [ 342994.098391745530535, 2020733.506473504472524 ], [ 343028.496184874908067, 2020699.107615910703316 ], [ 343062.893785711086821, 2020664.708950615953654 ], [ 343062.893785711086821, 2020604.69959446741268 ], [ 343092.897535297612194, 2020574.694916393142194 ], [ 343092.897535297612194, 2020484.680882170330733 ], [ 343122.901284884079359, 2020454.676204096060246 ], [ 343122.901284884079359, 2020334.65749179921113 ], [ 343152.905034470604733, 2020304.652813724940643 ], [ 343152.905034470604733, 2020274.648135650670156 ], [ 343182.908784057130106, 2020244.643457576399669 ], [ 343182.908784057130106, 2020214.638779502129182 ], [ 343212.912533643597271, 2020184.634101427858695 ], [ 343212.912533643597271, 2020064.615389131009579 ], [ 343242.916283230122644, 2020034.610711056739092 ], [ 343242.916283230122644, 2019974.601354908198118 ], [ 343268.526181566994637, 2019948.990664054406807 ], [ 343324.139637197135016, 2019893.375487425597385 ], [ 343362.931281576107722, 2019893.375487425597385 ], [ 343362.931281576107722, 2019824.577964537078515 ], [ 343422.938780749158468, 2019764.568608388537541 ], [ 343422.938780749158468, 2019734.563930314267054 ], [ 343452.942530335625634, 2019704.559252239996567 ], [ 343452.942530335625634, 2019644.549896091455594 ], [ 343478.552428672497626, 2019618.939205237664282 ], [ 343512.950029508618172, 2019584.540539943147451 ], [ 343512.950029508618172, 2019284.493759200675413 ], [ 343568.563677432015538, 2019228.878390272613615 ], [ 343602.961278268136084, 2019194.479724977863953 ], [ 343602.961278268136084, 2019164.475046903593466 ], [ 343632.965027854661457, 2019134.470368829322979 ], [ 343632.965027854661457, 2019104.465690755052492 ], [ 343662.968777441128623, 2019074.461012680782005 ], [ 343662.968777441128623, 2018984.446978458203375 ], [ 343714.188381821673829, 2018933.225789049873129 ], [ 343752.980026200646535, 2018933.225789049873129 ], [ 343752.980026200646535, 2018894.432944235391915 ], [ 343812.987525373697281, 2018834.423588086850941 ], [ 343812.987525373697281, 2018744.409553864039481 ], [ 343842.991274960164446, 2018714.404875790001824 ], [ 343842.991274960164446, 2018654.395519641460851 ], [ 343902.998774133215193, 2018594.386163492919877 ], [ 343902.998774133215193, 2018564.38148541864939 ], [ 343924.214628927235026, 2018543.16497408458963 ], [ 343963.006273306207731, 2018543.16497408458963 ], [ 343963.006273306207731, 2018504.372129270108417 ], [ 343993.010022892674897, 2018474.36745119583793 ], [ 343993.010022892674897, 2018234.330026601906866 ], [ 344018.61992122954689, 2018208.719335748115554 ], [ 344048.623670816072263, 2018178.714657674077898 ], [ 344078.627420402597636, 2018148.709979599807411 ], [ 344113.025021238718182, 2018114.311314305057749 ], [ 344113.025021238718182, 2018084.306636230787262 ], [ 344143.028770825185347, 2018054.301958156516775 ], [ 344143.028770825185347, 2017891.850687435129657 ], [ 344113.025021238718182, 2017861.846009361092001 ], [ 344113.025021238718182, 2017823.053164546610788 ], [ 344074.233376859745476, 2017823.053164546610788 ], [ 344053.017522065725643, 2017801.836653212551028 ], [ 344053.017522065725643, 2017621.808584766928107 ], [ 344023.01377247920027, 2017591.80390669289045 ], [ 344023.01377247920027, 2017364.19436244876124 ], [ 344053.017522065725643, 2017334.189684374490753 ], [ 344053.017522065725643, 2017304.185006300453097 ], [ 344083.021271652192809, 2017274.18032822618261 ], [ 344083.021271652192809, 2017244.175650151912123 ], [ 344108.631169989064801, 2017218.564959298120812 ], [ 344143.028770825185347, 2017184.166294003371149 ], [ 344143.028770825185347, 2017154.161615929100662 ], [ 344173.032520411710721, 2017124.156937854830176 ], [ 344173.032520411710721, 2017094.152259780559689 ], [ 344198.642418748582713, 2017068.541568926768377 ], [ 344228.646168335049879, 2017038.536890852730721 ], [ 344288.653667508100625, 2016978.527534704189748 ], [ 344318.657417094625998, 2016948.522856629919261 ], [ 344374.270872724766377, 2016892.907680001109838 ], [ 344404.274622311233543, 2016892.907680001109838 ], [ 344434.278371897758916, 2016862.903001926839352 ], [ 344464.282121484226082, 2016862.903001926839352 ], [ 344524.289620657276828, 2016802.893645778298378 ], [ 344691.883693930925801, 2016802.893645778298378 ], [ 344713.099548724945635, 2016824.110157112358138 ], [ 344713.099548724945635, 2016892.907680001109838 ], [ 344751.89119310391834, 2016892.907680001109838 ], [ 344773.107047897938173, 2016914.124191335169598 ], [ 344773.107047897938173, 2016952.917036149650812 ], [ 344811.898692276969086, 2016952.917036149650812 ], [ 344841.90244186349446, 2016982.921714223921299 ], [ 345094.360862800793257, 2016982.921714223921299 ], [ 345133.15250717982417, 2016944.128869409440085 ], [ 345133.15250717982417, 2016914.124191335169598 ], [ 345154.368361973844003, 2016892.907680001109838 ], [ 345184.372111560311168, 2016892.907680001109838 ], [ 345223.163755939342082, 2016854.114835186628625 ], [ 345223.163755939342082, 2016824.110157112358138 ], [ 345253.167505525867455, 2016794.105479038087651 ], [ 345253.167505525867455, 2016584.072732518427074 ], [ 345274.383360319887288, 2016562.856221184367314 ], [ 345364.394609079346992, 2016562.856221184367314 ], [ 345398.792402208724525, 2016528.457363590365276 ], [ 345433.190003044845071, 2016494.058698295615613 ], [ 345433.190003044845071, 2016464.054020221577957 ], [ 345484.409607425390277, 2016412.83283081324771 ], [ 345544.417106598441023, 2016412.83283081324771 ], [ 345578.814899727760348, 2016378.433973219245672 ], [ 345604.424605771375354, 2016352.823474664706737 ], [ 345634.428355357958935, 2016352.823474664706737 ], [ 345673.219999736873433, 2016314.030629850225523 ], [ 345673.219999736873433, 2016271.598071425920352 ], [ 345638.822398900811095, 2016237.19940613117069 ], [ 345574.420856184849981, 2016172.795870462898165 ], [ 345544.417106598324608, 2016172.795870462898165 ], [ 345514.413357011799235, 2016142.791192388860509 ], [ 345484.409607425390277, 2016142.791192388860509 ], [ 345454.405857838864904, 2016112.786514314590022 ], [ 345394.398358665872365, 2016112.786514314590022 ], [ 345364.394609079346992, 2016082.781836240319535 ], [ 345334.390859492879827, 2016082.781836240319535 ], [ 345304.387109906354453, 2016052.777158166049048 ], [ 345274.383360319887288, 2016052.777158166049048 ], [ 345244.379610733420122, 2016022.772480091778561 ], [ 345124.36461238731863, 2016022.772480091778561 ], [ 345103.148757593298797, 2016001.555968757718801 ], [ 345103.148757593298797, 2015881.537256460869685 ], [ 345064.357113214384299, 2015842.744411646388471 ], [ 345004.349614041333552, 2015842.744411646388471 ], [ 344974.345864454808179, 2015812.739733572117984 ], [ 344884.334615695348475, 2015812.739733572117984 ], [ 344858.724909651733469, 2015787.129235017579049 ], [ 344833.115011314803269, 2015761.518544163787737 ], [ 344833.115011314803269, 2015731.513866089517251 ], [ 344809.32500961428741, 2015707.723128190264106 ], [ 344863.118760901328642, 2015653.927712216740474 ], [ 344863.118760901328642, 2015623.923034142469987 ], [ 344888.728659238142427, 2015598.312343288911507 ], [ 344918.7324088246678, 2015568.30766521464102 ], [ 344953.130009660788346, 2015533.908999919891357 ], [ 344953.130009660788346, 2015503.904321845620871 ], [ 344983.133759247313719, 2015473.899643771350384 ], [ 344983.133759247313719, 2015443.894965697079897 ], [ 345004.349614041333552, 2015422.678454363020137 ], [ 345304.387109906354453, 2015422.678454363020137 ], [ 345334.390859492879827, 2015392.67377628874965 ], [ 345514.413357011857443, 2015392.67377628874965 ], [ 345544.417106598382816, 2015362.669098214479163 ], [ 345604.424605771317147, 2015362.669098214479163 ], [ 345634.42835535784252, 2015332.664420140441507 ], [ 345664.432104944367893, 2015332.664420140441507 ], [ 345733.227498909924179, 2015263.866897251689807 ], [ 345733.227498909924179, 2015083.838828806066886 ], [ 345763.231248496391345, 2015053.834150731796399 ], [ 345763.231248496391345, 2014321.293996599968523 ], [ 345733.227498909924179, 2014291.289318525698036 ], [ 345733.227498909924179, 2014141.265928154578432 ], [ 345703.223749323398806, 2014111.261250080307946 ], [ 345703.223749323398806, 2013901.228503560414538 ], [ 345673.219999736873433, 2013871.223825486376882 ], [ 345673.219999736873433, 2013811.214469337835908 ], [ 345643.216250150406267, 2013781.209791263565421 ], [ 345643.216250150406267, 2013751.205113189294934 ], [ 345613.212500563880894, 2013721.200435115024447 ], [ 345613.212500563880894, 2013631.186400892212987 ], [ 345583.208750977355521, 2013601.181722818175331 ], [ 345583.208750977355521, 2013541.172366669634357 ], [ 345553.205001390888356, 2013511.16768859536387 ], [ 345553.205001390888356, 2013481.163010521093383 ], [ 345514.413357011857443, 2013442.37016570661217 ], [ 345454.405857838864904, 2013442.37016570661217 ], [ 345424.402108252339531, 2013412.365487632341683 ], [ 345231.951186488033272, 2013412.365487632341683 ], [ 345167.549643772130366, 2013476.769023300614208 ], [ 345141.939937728457153, 2013502.379521855153143 ], [ 344931.913690622895956, 2013502.379521855153143 ], [ 344901.909941036428791, 2013532.38419992942363 ], [ 344871.906191449903417, 2013532.38419992942363 ], [ 344841.902441863436252, 2013562.388878003694117 ], [ 344803.110797484463546, 2013562.388878003694117 ], [ 344803.110797484463546, 2013601.181722818175331 ], [ 344777.500899147591554, 2013626.792413671733811 ], [ 344743.103298311471008, 2013661.191078966483474 ], [ 344743.103298311471008, 2013721.200435115024447 ], [ 344713.099548724945635, 2013751.205113189294934 ], [ 344713.099548724945635, 2013931.233181634685025 ], [ 344683.095799138420261, 2013961.237859708955511 ], [ 344683.095799138420261, 2014171.270606228848919 ], [ 344657.485900801606476, 2014196.8812970824074 ], [ 344601.87244517140789, 2014252.496473711216822 ], [ 344571.868695584940724, 2014252.496473711216822 ], [ 344537.470902455563191, 2014286.895331305218861 ], [ 344511.861196411889978, 2014312.505829859757796 ], [ 344481.857446825422812, 2014312.505829859757796 ], [ 344447.45965369604528, 2014346.904687453759834 ], [ 344421.849947652372066, 2014372.51518600829877 ], [ 344391.846198065846693, 2014372.51518600829877 ], [ 344357.448404936527368, 2014406.914043602300808 ], [ 344331.838698892912362, 2014432.524542156839743 ], [ 344301.834949306445196, 2014432.524542156839743 ], [ 344271.831199719978031, 2014462.529220230877399 ], [ 344241.82745013339445, 2014462.529220230877399 ], [ 344207.429657004016917, 2014496.928077824879438 ], [ 344181.819950960343704, 2014522.538576379418373 ], [ 344151.816201373876538, 2014522.538576379418373 ], [ 344117.418408244499005, 2014556.937433973420411 ], [ 344091.808702200825792, 2014582.547932527959347 ], [ 344061.804952614300419, 2014582.547932527959347 ], [ 344027.407159484981094, 2014616.946790121961385 ], [ 344001.797453441366088, 2014642.55728867650032 ], [ 343963.005809062335175, 2014642.55728867650032 ], [ 343963.005809062335175, 2014681.350133490981534 ], [ 343933.002059475868009, 2014711.354811565252021 ], [ 343933.002059475868009, 2014741.359489639522508 ], [ 343902.998309889342636, 2014771.364167713560164 ], [ 343902.998309889342636, 2014831.373523862101138 ], [ 343872.99456030287547, 2014861.378201936371624 ], [ 343872.99456030287547, 2014951.392236159183085 ], [ 343842.990810716350097, 2014981.396914233453572 ], [ 343842.990810716350097, 2015131.420304604573175 ], [ 343812.987061129824724, 2015161.424982678843662 ], [ 343812.987061129824724, 2015251.439016901655123 ], [ 343791.771206335804891, 2015272.655528235714883 ], [ 343731.763707162754145, 2015272.655528235714883 ], [ 343701.759957576286979, 2015302.660206309985369 ], [ 343461.729960884375032, 2015302.660206309985369 ], [ 343431.726211297849659, 2015332.664884384023026 ], [ 343324.139637197076809, 2015332.664884384023026 ], [ 343294.135887610551436, 2015302.660206309985369 ], [ 343264.132138024142478, 2015302.660206309985369 ], [ 343234.128388437675312, 2015272.655528235714883 ], [ 342994.098391745588742, 2015272.655528235714883 ], [ 342964.094642159063369, 2015242.650850161444396 ], [ 342844.079643813078292, 2015242.650850161444396 ], [ 342814.075894226552919, 2015212.646172087173909 ], [ 342784.072144640085753, 2015212.646172087173909 ], [ 342769.070037732075434, 2015197.643600928131491 ], [ 342792.860039432591293, 2015173.852863028878346 ], [ 342792.860039432591293, 2015071.410948456032202 ], [ 342754.06839505356038, 2015032.618103641550988 ], [ 342694.060895880509634, 2015032.618103641550988 ], [ 342664.05714629398426, 2015002.613425567513332 ], [ 342621.62497246224666, 2015002.613425567513332 ], [ 342591.621222875779495, 2015032.618103641550988 ], [ 342471.606224529619794, 2015032.618103641550988 ], [ 342441.602474943152629, 2015062.622781715821475 ], [ 342411.598725356685463, 2015062.622781715821475 ], [ 342377.200932227307931, 2015097.021639309823513 ], [ 342347.197182640782557, 2015127.026317384094 ], [ 342317.193433054315392, 2015157.030995458364487 ], [ 342287.189683467790019, 2015187.035673532634974 ], [ 342231.57622783764964, 2015242.650850161444396 ], [ 342201.572478251182474, 2015242.650850161444396 ], [ 342137.170935535279568, 2015307.054385829716921 ], [ 342111.56122949172277, 2015332.664884384023026 ], [ 342081.557479905139189, 2015332.664884384023026 ], [ 342047.159686775761656, 2015367.063741978025064 ], [ 342017.155937189236283, 2015397.068420052295551 ], [ 341982.758336353115737, 2015431.467085347045213 ], [ 341982.758336353115737, 2015503.904321845620871 ], [ 342012.762085939641111, 2015533.908999919891357 ], [ 342012.762085939641111, 2015671.504509940976277 ], [ 341982.758336353115737, 2015701.509188015246764 ], [ 341982.758336353115737, 2015911.541934534907341 ], [ 341957.148438016243745, 2015937.152625388698652 ], [ 341931.538731972628739, 2015962.763123943237588 ], [ 341913.963406631490216, 2015962.763123943237588 ], [ 341883.95965704502305, 2015932.758445868967101 ], [ 341853.955907458497677, 2015932.758445868967101 ], [ 341823.952157872030511, 2015902.753767794696614 ], [ 341793.948408285388723, 2015902.753767794696614 ], [ 341768.338702241773717, 2015877.143269240390509 ], [ 341733.9409091125126, 2015842.744411646388471 ], [ 341703.937159525929019, 2015842.744411646388471 ], [ 341673.933409939403646, 2015812.739733572117984 ], [ 341541.489987348089926, 2015812.739733572117984 ], [ 341507.092194218712393, 2015847.138591166120023 ], [ 341477.08844463218702, 2015877.143269240390509 ], [ 341447.084695045719855, 2015907.147947314428166 ], [ 341417.080945459194481, 2015937.152625388698652 ], [ 341391.471239415521268, 2015962.763123943237588 ], [ 341361.467489828995895, 2015962.763123943237588 ], [ 341327.06969669967657, 2015997.161981537239626 ], [ 341267.062197526684031, 2016057.1713376857806 ], [ 341237.058447940158658, 2016087.176015760051087 ], [ 341181.444992310018279, 2016142.791192388860509 ], [ 341151.441242723609321, 2016142.791192388860509 ], [ 341117.04344959417358, 2016177.190049982629716 ], [ 341087.039700007648207, 2016207.194728056900203 ], [ 341057.035950421122834, 2016237.19940613117069 ], [ 341022.638349585002288, 2016271.598071425920352 ], [ 341022.638349585002288, 2016391.6167837230023 ], [ 340992.634599998535123, 2016421.621461797272786 ], [ 340992.634599998535123, 2016481.63081794558093 ], [ 340962.63085041200975, 2016511.635496019851416 ], [ 340962.63085041200975, 2016592.860899258637801 ], [ 341031.426244377507828, 2016592.860899258637801 ], [ 341061.429993964033201, 2016622.865577332908288 ], [ 341091.433743550500367, 2016622.865577332908288 ], [ 341121.43749313702574, 2016652.870255407178774 ], [ 341223.877166141872294, 2016652.870255407178774 ], [ 341253.880915728397667, 2016622.865577332908288 ], [ 341343.892164487973787, 2016622.865577332908288 ], [ 341373.895914074440952, 2016592.860899258637801 ], [ 341403.899663660966326, 2016592.860899258637801 ], [ 341433.903413247433491, 2016562.856221184367314 ], [ 341463.907162833900657, 2016562.856221184367314 ], [ 341498.304955963278189, 2016528.457363590365276 ], [ 341523.914662006951403, 2016502.84686503582634 ], [ 341553.918411593360361, 2016502.84686503582634 ], [ 341588.316204722737893, 2016468.448007442057133 ], [ 341613.925910766411107, 2016442.837508887518197 ], [ 341673.933409939403646, 2016442.837508887518197 ], [ 341697.722947403264698, 2016419.047235239297152 ], [ 341717.11844132427359, 2016438.443329367786646 ], [ 341747.122190910682548, 2016468.448007442057133 ], [ 341777.125940497266129, 2016498.452685516094789 ], [ 341802.735838834138121, 2016524.0633763698861 ], [ 341802.735838834138121, 2016554.068054444156587 ], [ 341837.13343967020046, 2016588.466719738906249 ], [ 341867.13718925678404, 2016618.471397813176736 ], [ 341897.140938843192998, 2016648.476075887447223 ], [ 341922.750837180123199, 2016674.086766741238534 ], [ 341922.750837180123199, 2016704.091444815509021 ], [ 341957.148438016301952, 2016738.490110110258684 ], [ 341982.758336353115737, 2016764.100800963817164 ], [ 341982.758336353115737, 2016794.105479038087651 ], [ 342012.762085939641111, 2016824.110157112358138 ], [ 342012.762085939641111, 2016854.114835186628625 ], [ 342042.765835526108276, 2016884.119513260899112 ], [ 342042.765835526108276, 2016914.124191335169598 ], [ 342072.769585112633649, 2016944.128869409440085 ], [ 342072.769585112633649, 2016974.133547483710572 ], [ 342102.773334699159022, 2017004.138225557981059 ], [ 342102.773334699159022, 2017064.147581706289202 ], [ 342132.777084285626188, 2017094.152259780559689 ], [ 342132.777084285626188, 2017154.161615929100662 ], [ 342162.780833872151561, 2017184.166294003371149 ], [ 342162.780833872151561, 2017531.794550544349477 ], [ 342132.777084285626188, 2017561.799228618619964 ], [ 342132.777084285626188, 2017681.81794091546908 ], [ 342102.773334699159022, 2017711.822618989739567 ], [ 342102.773334699159022, 2017981.864721657941118 ], [ 342072.769585112633649, 2018011.869399732211605 ], [ 342072.769585112633649, 2018161.892790103564039 ], [ 342042.765835526108276, 2018191.897468177601695 ], [ 342042.765835526108276, 2018311.916180474683642 ], [ 342012.762085939641111, 2018341.920858548954129 ], [ 342012.762085939641111, 2018461.939570845803246 ], [ 341982.758336353115737, 2018491.944248920073733 ], [ 341982.758336353115737, 2018954.442300383932889 ], [ 342012.762085939641111, 2018984.446978458203375 ], [ 342012.762085939641111, 2019362.079913073219359 ], [ 341982.758336353115737, 2019392.084591147489846 ], [ 341982.758336353115737, 2019512.103303444571793 ], [ 341952.754586766648572, 2019542.10798151884228 ], [ 341952.754586766648572, 2019572.112659593112767 ], [ 341922.750837180123199, 2019602.117337667150423 ], [ 341922.750837180123199, 2019632.12201574142091 ], [ 341897.140938843251206, 2019657.732706595212221 ], [ 341862.74333800713066, 2019692.131371889961883 ], [ 341862.74333800713066, 2019722.13604996423237 ], [ 341837.133439670258667, 2019747.746740818023682 ], [ 341807.129690083733294, 2019777.751418892294168 ], [ 341781.519984040118288, 2019803.361917446833104 ], [ 341712.72459007462021, 2019803.361917446833104 ], [ 341712.72459007462021, 2019842.154762261314318 ], [ 341687.114691737748217, 2019867.765453114872798 ], [ 341657.110942151222844, 2019897.770131189143285 ], [ 341622.713341315102298, 2019932.168796483892947 ], [ 341622.713341315102298, 2019962.173474558163434 ], [ 341567.099693391704932, 2020017.788843486225232 ], [ 341532.702092555584386, 2020052.187508780974895 ], [ 341532.702092555584386, 2020082.192186855245382 ], [ 341511.486237761564553, 2020103.408698189305142 ], [ 341481.482488175097387, 2020103.408698189305142 ], [ 341451.478738588572014, 2020133.413376263575628 ], [ 341421.474989002104849, 2020133.413376263575628 ], [ 341391.471239415637683, 2020163.418054337613285 ], [ 341361.467489828995895, 2020163.418054337613285 ], [ 341331.463740242528729, 2020193.422732411883771 ], [ 341091.433743550442159, 2020193.422732411883771 ], [ 341057.035950421122834, 2020227.82159000588581 ], [ 341027.032200834655669, 2020257.826268080156296 ], [ 340997.028451248130295, 2020287.830946154426783 ], [ 340937.020952075137757, 2020347.840302302967757 ], [ 340907.017202488612384, 2020377.844980377238244 ], [ 340872.619601652491838, 2020412.243645671987906 ], [ 340872.619601652491838, 2020442.248323746025562 ], [ 340847.009703315619845, 2020467.859014599816874 ], [ 340812.612102479499299, 2020502.257679894566536 ], [ 340812.612102479499299, 2020532.262357968837023 ], [ 340782.608352892973926, 2020562.26703604310751 ], [ 340782.608352892973926, 2020622.276392191648483 ], [ 340752.60460330650676, 2020652.28107026591897 ], [ 340752.60460330650676, 2020682.285748340189457 ], [ 340722.600853719981387, 2020712.290426414227113 ], [ 340722.600853719981387, 2020742.2951044884976 ], [ 340692.597104133456014, 2020772.299782562768087 ], [ 340692.597104133456014, 2020832.30913871130906 ], [ 340662.593354546988849, 2020862.313816785579547 ], [ 340662.593354546988849, 2021144.783799803815782 ], [ 340696.990955383051187, 2021179.182465098565444 ], [ 340722.600853719981387, 2021204.793155952356756 ], [ 340722.600853719981387, 2021402.398022121982649 ], [ 340692.597104133456014, 2021432.402700196253136 ], [ 340692.597104133456014, 2021513.62810343503952 ], [ 340803.824671930808108, 2021513.62810343503952 ], [ 340833.828421517333481, 2021483.623425360769033 ], [ 340863.832171103917062, 2021483.623425360769033 ], [ 340893.835920690384228, 2021453.618747286498547 ], [ 340923.839670276909601, 2021453.618747286498547 ], [ 340953.843419863376766, 2021423.61406921222806 ], [ 340983.847169449843932, 2021423.61406921222806 ], [ 341013.850919036369305, 2021393.609391137957573 ], [ 341103.862167795829009, 2021393.609391137957573 ], [ 341133.865917382354382, 2021363.604713063687086 ], [ 341151.441242723492905, 2021363.604713063687086 ], [ 341177.050948767107911, 2021389.215211618226022 ], [ 341202.660847104038112, 2021414.825902472017333 ], [ 341202.660847104038112, 2021534.84461476909928 ], [ 341237.058447940216865, 2021569.243280063848943 ], [ 341262.668346277030651, 2021594.853970917407423 ], [ 341262.668346277030651, 2021654.863327065948397 ], [ 341292.672095863556024, 2021684.868005140218884 ], [ 341292.672095863556024, 2021744.877361288759857 ], [ 341322.675845450081397, 2021774.882039363030344 ], [ 341322.675845450081397, 2021804.886717437300831 ], [ 341357.073446286143735, 2021839.285382732050493 ], [ 341382.683344623073936, 2021864.896073585608974 ], [ 341382.683344623073936, 2022044.924142031231895 ], [ 341417.080945459136274, 2022079.322807325981557 ], [ 341472.694593382591847, 2022134.938176254043356 ], [ 341472.694593382591847, 2022164.942854328081012 ], [ 341502.698342969059013, 2022194.947532402351499 ], [ 341502.698342969059013, 2022254.956888550892472 ], [ 341541.489987348089926, 2022293.749733365373686 ], [ 341571.493736934557091, 2022293.749733365373686 ], [ 341601.497486521082465, 2022323.754411439644173 ], [ 341631.50123610754963, 2022323.754411439644173 ], [ 341657.110942151164636, 2022349.364909994183108 ], [ 341682.720840488094836, 2022374.97560084797442 ], [ 341682.720840488094836, 2022404.980278922244906 ], [ 341712.72459007462021, 2022434.984956996282563 ], [ 341712.72459007462021, 2022464.989635070553049 ], [ 341742.728339661087375, 2022494.994313144823536 ], [ 341742.728339661087375, 2022524.998991219094023 ], [ 341781.519984040118288, 2022563.791836033575237 ], [ 341901.534982386103366, 2022563.791836033575237 ], [ 341931.538731972628739, 2022593.796514107845724 ], [ 341991.546231145621277, 2022593.796514107845724 ], [ 342042.766299769980833, 2022645.018167774192989 ] ] ] } },
{ "type": "Feature", "properties": { "OBJECTID": 15, "乡镇名": "河西区", "面积km2": 12.385 }, "geometry": { "type": "Polygon", "coordinates": [ [ [ 340731.388748512486927, 2023914.002349374582991 ], [ 340803.824671930808108, 2023914.002349374582991 ], [ 340833.828421517333481, 2023883.997671300312504 ], [ 340863.832171103800647, 2023883.997671300312504 ], [ 340893.835920690267812, 2023853.992993226274848 ], [ 340923.839670276909601, 2023853.992993226274848 ], [ 340953.843419863376766, 2023823.988315152004361 ], [ 341073.858418209420051, 2023823.988315152004361 ], [ 341112.650062588334549, 2023785.195470337523147 ], [ 341112.650062588334549, 2023665.1767580404412 ], [ 341163.869666968879756, 2023613.955568632110953 ], [ 341193.873416555346921, 2023613.955568632110953 ], [ 341223.877166141872294, 2023583.950890557840466 ], [ 341373.895914074324537, 2023583.950890557840466 ], [ 341403.89966366084991, 2023553.94621248380281 ], [ 341523.914662006893195, 2023553.94621248380281 ], [ 341553.918411593418568, 2023523.941534409532323 ], [ 341673.933409939403646, 2023523.941534409532323 ], [ 341703.937159525929019, 2023493.936856335261837 ], [ 341853.955907458439469, 2023493.936856335261837 ], [ 341892.747551837470382, 2023455.144011520780623 ], [ 341892.747551837470382, 2023322.697418873663992 ], [ 341858.349951001291629, 2023288.298753578914329 ], [ 341832.740052664477844, 2023262.688062725355849 ], [ 341832.740052664477844, 2023232.683384651085362 ], [ 341802.736303077952471, 2023202.678706576814875 ], [ 341802.736303077952471, 2023112.664672354003415 ], [ 341772.732553491427097, 2023082.659994279732928 ], [ 341772.732553491427097, 2023052.655316205462441 ], [ 341742.728803904959932, 2023022.650638131191954 ], [ 341742.728803904959932, 2022992.645960056921467 ], [ 341712.725054318434559, 2022962.641281982883811 ], [ 341712.725054318434559, 2022855.050450035836548 ], [ 341738.334952655306552, 2022829.439759182045236 ], [ 341772.732553491427097, 2022795.041093887295574 ], [ 341772.732553491427097, 2022765.036415813025087 ], [ 341798.34245182829909, 2022739.425724959233776 ], [ 341823.952157871914096, 2022713.815226404927671 ], [ 341883.95965704502305, 2022713.815226404927671 ], [ 341918.357450174342375, 2022679.416368810925633 ], [ 341943.967156217957381, 2022653.805870256386697 ], [ 341973.970905804540962, 2022653.805870256386697 ], [ 342033.977940748038236, 2022593.796978351660073 ], [ 341943.967156217957381, 2022593.796978351660073 ], [ 341913.963406631432008, 2022563.792300277389586 ], [ 341793.948408285446931, 2022563.792300277389586 ], [ 341768.338702241773717, 2022538.181801722850651 ], [ 341742.728803904959932, 2022512.571110869059339 ], [ 341742.728803904959932, 2022482.566432794788852 ], [ 341712.725054318434559, 2022452.561754720518366 ], [ 341712.725054318434559, 2022422.557076646247879 ], [ 341682.721304731909186, 2022392.552398572210222 ], [ 341682.721304731909186, 2022362.547720497939736 ], [ 341643.929660352994688, 2022323.754875683458522 ], [ 341613.925910766411107, 2022323.754875683458522 ], [ 341583.922161179885734, 2022293.750197609188035 ], [ 341553.918411593418568, 2022293.750197609188035 ], [ 341528.308705549745355, 2022268.1396990546491 ], [ 341502.69880721293157, 2022242.529008200857788 ], [ 341502.69880721293157, 2022182.519652052316815 ], [ 341472.695057626406197, 2022152.514973978046328 ], [ 341472.695057626406197, 2022122.510295904008672 ], [ 341438.297456790227443, 2022088.111630609259009 ], [ 341408.293707203818485, 2022058.106952534988523 ], [ 341382.683808866888285, 2022032.496261681197211 ], [ 341382.683808866888285, 2021852.46819323557429 ], [ 341348.286208030767739, 2021818.069527941057459 ], [ 341322.676309693895746, 2021792.458837087266147 ], [ 341322.676309693895746, 2021762.45415901299566 ], [ 341292.672560107370373, 2021732.449480938725173 ], [ 341292.672560107370373, 2021672.4401247901842 ], [ 341262.668810520903207, 2021642.435446715913713 ], [ 341262.668810520903207, 2021582.426090567372739 ], [ 341228.271209684724454, 2021548.027425272855908 ], [ 341202.661311347852461, 2021522.416734419064596 ], [ 341202.661311347852461, 2021402.398022121982649 ], [ 341163.869666968937963, 2021363.605177307501435 ], [ 341121.43749313702574, 2021363.605177307501435 ], [ 341091.433743550500367, 2021393.609855381771922 ], [ 341001.422494791040663, 2021393.609855381771922 ], [ 340971.41874520451529, 2021423.614533456042409 ], [ 340941.414995617931709, 2021423.614533456042409 ], [ 340911.411246031464543, 2021453.619211530312896 ], [ 340881.40749644493917, 2021453.619211530312896 ], [ 340851.403746858472005, 2021483.623889604583383 ], [ 340821.399997272004839, 2021483.623889604583383 ], [ 340791.396247685479466, 2021513.628567678853869 ], [ 340713.813423171348404, 2021513.628567678853869 ], [ 340692.597568377328571, 2021492.412056344794109 ], [ 340692.597568377328571, 2021444.83058054628782 ], [ 340722.601317963795736, 2021414.825902472017333 ], [ 340722.601317963795736, 2021192.365275602322072 ], [ 340688.203717127733398, 2021157.96661030757241 ], [ 340662.593818790803198, 2021132.355919453781098 ], [ 340662.593818790803198, 2020874.741697135614231 ], [ 340692.597568377328571, 2020844.737019061343744 ], [ 340692.597568377328571, 2020784.727662912802771 ], [ 340722.601317963795736, 2020754.722984838532284 ], [ 340722.601317963795736, 2020724.718306764261797 ], [ 340752.60506755032111, 2020694.713628690224141 ], [ 340752.60506755032111, 2020664.708950615953654 ], [ 340782.608817136846483, 2020634.704272541683167 ], [ 340782.608817136846483, 2020574.694916393142194 ], [ 340812.612566723313648, 2020544.690238318871707 ], [ 340812.612566723313648, 2020514.68556024460122 ], [ 340872.620065896364395, 2020454.676204096060246 ], [ 340872.620065896364395, 2020424.67152602202259 ], [ 340898.229964233236387, 2020399.060835168231279 ], [ 340928.233713819703553, 2020369.056157093960792 ], [ 340958.237463406228926, 2020339.051479019690305 ], [ 341018.244962579221465, 2020279.042122871149331 ], [ 341048.248712165746838, 2020249.037444796878844 ], [ 341078.252461752214003, 2020219.032766722608358 ], [ 341103.862167795887217, 2020193.422268168069422 ], [ 341343.892164487857372, 2020193.422268168069422 ], [ 341373.895914074324537, 2020163.417590094031766 ], [ 341403.899663660966326, 2020163.417590094031766 ], [ 341433.903413247433491, 2020133.412912019761279 ], [ 341463.907162833900657, 2020133.412912019761279 ], [ 341493.91091242042603, 2020103.408233945490792 ], [ 341532.702556799398735, 2020103.408233945490792 ], [ 341532.702556799398735, 2020064.615389131009579 ], [ 341558.312455136270728, 2020039.004698277218267 ], [ 341588.316204722796101, 2020009.00002020294778 ], [ 341622.713805558916647, 2019974.601354908198118 ], [ 341622.713805558916647, 2019944.596676833927631 ], [ 341648.32370389578864, 2019918.98598598013632 ], [ 341678.327453482314013, 2019888.981307905865833 ], [ 341712.725054318434559, 2019854.582642611349002 ], [ 341712.725054318434559, 2019824.577964537078515 ], [ 341733.940909112454392, 2019803.361453203018755 ], [ 341793.948408285446931, 2019803.361453203018755 ], [ 341828.346201414824463, 2019768.962595609016716 ], [ 341862.743802250945009, 2019734.563930314267054 ], [ 341862.743802250945009, 2019704.559252239996567 ], [ 341888.353700587817002, 2019678.948561386205256 ], [ 341922.751301423937548, 2019644.549896091455594 ], [ 341922.751301423937548, 2019614.545218017185107 ], [ 341952.755051010462921, 2019584.540539943147451 ], [ 341952.755051010462921, 2019554.535861868876964 ], [ 341982.758800596988294, 2019524.531183794606477 ], [ 341982.758800596988294, 2019404.51247149752453 ], [ 342012.76255018345546, 2019374.507793423254043 ], [ 342012.76255018345546, 2018972.019098108168691 ], [ 341982.758800596988294, 2018942.014420033898205 ], [ 341982.758800596988294, 2018504.372129270108417 ], [ 342012.76255018345546, 2018474.36745119583793 ], [ 342012.76255018345546, 2018354.348738898988813 ], [ 342042.766299769980833, 2018324.344060824718326 ], [ 342042.766299769980833, 2018204.325348527636379 ], [ 342072.770049356447998, 2018174.320670453598723 ], [ 342072.770049356447998, 2018024.297280082246289 ], [ 342102.773798942973372, 2017994.292602007975802 ], [ 342102.773798942973372, 2017724.250499339774251 ], [ 342132.777548529498745, 2017694.245821265503764 ], [ 342132.777548529498745, 2017574.227108968654647 ], [ 342162.78129811596591, 2017544.222430894384161 ], [ 342162.78129811596591, 2017171.738413653336465 ], [ 342132.777548529498745, 2017141.733735579065979 ], [ 342132.777548529498745, 2017081.724379430525005 ], [ 342102.773798942973372, 2017051.719701356254518 ], [ 342102.773798942973372, 2016991.710345207946375 ], [ 342072.770049356447998, 2016961.705667133675888 ], [ 342072.770049356447998, 2016931.700989059405401 ], [ 342042.766299769980833, 2016901.696310985134915 ], [ 342042.766299769980833, 2016871.691632910864428 ], [ 342012.76255018345546, 2016841.686954836593941 ], [ 342012.76255018345546, 2016811.682276762323454 ], [ 341982.758800596988294, 2016781.677598688052967 ], [ 341982.758800596988294, 2016751.67292061378248 ], [ 341948.361199760809541, 2016717.274255319265649 ], [ 341922.751301423937548, 2016691.663564465474337 ], [ 341922.751301423937548, 2016661.658886391203851 ], [ 341888.35370058787521, 2016627.260221096454188 ], [ 341858.349951001291629, 2016597.255543022183701 ], [ 341828.346201414882671, 2016567.250864947913215 ], [ 341802.736303077952471, 2016541.640174094121903 ], [ 341802.736303077952471, 2016511.635496019851416 ], [ 341768.338702241773717, 2016477.236830725101754 ], [ 341738.334952655306552, 2016447.232152651064098 ], [ 341697.722947403264698, 2016406.618890631012619 ], [ 341661.504985694075003, 2016442.837973131332546 ], [ 341601.497486521140672, 2016442.837973131332546 ], [ 341567.099693391704932, 2016477.236830725101754 ], [ 341541.489987348031718, 2016502.847329279640689 ], [ 341511.486237761506345, 2016502.847329279640689 ], [ 341477.08844463218702, 2016537.246186873642728 ], [ 341451.478738588572014, 2016562.856685428181663 ], [ 341421.474989001988433, 2016562.856685428181663 ], [ 341391.471239415521268, 2016592.86136350245215 ], [ 341361.467489828995895, 2016592.86136350245215 ], [ 341331.463740242528729, 2016622.866041576722637 ], [ 341241.452491483069025, 2016622.866041576722637 ], [ 341211.448741896543652, 2016652.870719650993124 ], [ 341151.441242723551113, 2016652.870719650993124 ], [ 341121.43749313702574, 2016682.87539772526361 ], [ 341091.433743550442159, 2016682.87539772526361 ], [ 341061.429993963974994, 2016712.880075799534097 ], [ 341031.426244377566036, 2016712.880075799534097 ], [ 340971.419209433835931, 2016772.888967704027891 ], [ 341073.858418209303636, 2016772.888967704027891 ], [ 341103.862167795770802, 2016742.884289629990235 ], [ 341211.448741896601859, 2016742.884289629990235 ], [ 341226.450848804495763, 2016757.886860788799822 ], [ 341211.448741896543652, 2016772.88943194784224 ], [ 341181.444992309960071, 2016772.88943194784224 ], [ 341147.047199180640746, 2016807.288289541844279 ], [ 341121.43749313702574, 2016832.898788096383214 ], [ 341091.433743550442159, 2016832.898788096383214 ], [ 341061.429993963974994, 2016862.903466170653701 ], [ 341031.426244377449621, 2016862.903466170653701 ], [ 340997.028451248130295, 2016897.302323764655739 ], [ 340962.63085041200975, 2016931.700989059405401 ], [ 340962.63085041200975, 2017034.142903632251546 ], [ 340992.634599998535123, 2017064.147581706289202 ], [ 340992.634599998535123, 2017094.152259780559689 ], [ 341022.638349585002288, 2017124.156937854830176 ], [ 341022.638349585002288, 2017154.161615929100662 ], [ 341057.035950421181042, 2017188.560281223850325 ], [ 341082.645848757994827, 2017214.170972077641636 ], [ 341082.645848757994827, 2017351.766482098726556 ], [ 341052.642099171527661, 2017381.771160172997043 ], [ 341052.642099171527661, 2017561.799228618619964 ], [ 341022.638349585002288, 2017591.80390669289045 ], [ 341022.638349585002288, 2017874.273889711126685 ], [ 341046.428351285459939, 2017898.064627610146999 ], [ 341022.638349585002288, 2017921.855365509400144 ], [ 341022.638349585002288, 2017981.864721657941118 ], [ 340997.028451248130295, 2018007.475412511732429 ], [ 340977.632957327179611, 2018026.871506640221924 ], [ 340953.843419863318559, 2018003.081232992000878 ], [ 340923.839670276851393, 2018003.081232992000878 ], [ 340872.619601652491838, 2017951.859579325653613 ], [ 340872.619601652491838, 2018011.869399732211605 ], [ 340842.615852066024672, 2018041.874077806482092 ], [ 340842.615852066024672, 2018071.878755880752578 ], [ 340812.612102479499299, 2018101.883433955023065 ], [ 340812.612102479499299, 2018191.897468177601695 ], [ 340776.394605006964412, 2018228.116086426889524 ], [ 340821.399997272004839, 2018273.12287141638808 ], [ 340851.403746858472005, 2018273.12287141638808 ], [ 340877.01345290208701, 2018298.733369970927015 ], [ 340902.623351239017211, 2018324.344060824718326 ], [ 340902.623351239017211, 2018461.939570845803246 ], [ 340872.619601652491838, 2018491.944248920073733 ], [ 340872.619601652491838, 2018581.958283142885193 ], [ 340842.615852066024672, 2018611.96296121715568 ], [ 340842.615852066024672, 2018671.972317365696654 ], [ 340812.612102479499299, 2018701.976995439967141 ], [ 340812.612102479499299, 2018761.986351588275284 ], [ 340782.608352892973926, 2018791.99102966254577 ], [ 340782.608352892973926, 2018852.000385811086744 ], [ 340756.998454556101933, 2018877.611076664878055 ], [ 340722.600853719981387, 2018912.009741959627718 ], [ 340722.600853719981387, 2018942.014420033898205 ], [ 340692.597104133456014, 2018972.019098108168691 ], [ 340692.597104133456014, 2019002.023776182439178 ], [ 340662.593354546988849, 2019032.028454256476834 ], [ 340662.593354546988849, 2019062.033132330747321 ], [ 340602.585855373938102, 2019122.042488479288295 ], [ 340602.585855373938102, 2019152.047166553558782 ], [ 340576.975957037066109, 2019177.657857407350093 ], [ 340546.972207450598944, 2019207.66253548162058 ], [ 340516.968457864073571, 2019237.667213555891067 ], [ 340486.964708277606405, 2019267.671891630161554 ], [ 340456.960958691081032, 2019297.67656970419921 ], [ 340426.957209104555659, 2019327.681247778469697 ], [ 340392.559608268435113, 2019362.079913073219359 ], [ 340392.559608268435113, 2019422.089269221760333 ], [ 340366.94970993156312, 2019447.699960075551644 ], [ 340306.942210758570582, 2019507.709316224092618 ], [ 340276.938461172045209, 2019537.713994298363104 ], [ 340246.934711585578043, 2019567.718672372633591 ], [ 340212.537110749399289, 2019602.117337667150423 ], [ 340212.537110749399289, 2019632.12201574142091 ], [ 340186.927212412527297, 2019657.732706595212221 ], [ 340122.525861989881378, 2019722.13604996423237 ], [ 340122.525861989881378, 2019752.140728038502857 ], [ 340096.915963653009385, 2019777.751418892294168 ], [ 340066.912214066542219, 2019807.756096966564655 ], [ 340036.908464480016846, 2019837.760775040835142 ], [ 340006.904714893549681, 2019867.765453114872798 ], [ 339976.900965307024308, 2019897.770131189143285 ], [ 339946.897215720498934, 2019927.774809263413772 ], [ 339916.893466134031769, 2019957.779487337684259 ], [ 339886.889716547506396, 2019987.784165411954746 ], [ 339826.882217374513857, 2020047.793521560495719 ], [ 339796.878467787988484, 2020077.798199634766206 ], [ 339766.874718201521318, 2020107.802877709036693 ], [ 339736.870968614995945, 2020137.80755578330718 ], [ 339706.86721902852878, 2020167.812233857344836 ], [ 339676.863469442003407, 2020197.816911931615323 ], [ 339646.859719855478033, 2020227.82159000588581 ], [ 339586.852220682485495, 2020287.830946154426783 ], [ 339561.242514638812281, 2020313.441444708965719 ], [ 339531.238765052345116, 2020313.441444708965719 ], [ 339496.840971922967583, 2020347.840302302967757 ], [ 339466.83722233644221, 2020377.844980377238244 ], [ 339436.833472749975044, 2020407.849658451508731 ], [ 339406.829723163507879, 2020437.854336525546387 ], [ 339381.220017119834665, 2020463.464835080085322 ], [ 339351.216267533251084, 2020463.464835080085322 ], [ 339316.818474403931759, 2020497.863692674087361 ], [ 339286.814724817464594, 2020527.868370748357847 ], [ 339256.810975230939221, 2020557.873048822628334 ], [ 339196.803476057946682, 2020617.882404971169308 ], [ 339166.799726471421309, 2020647.887083045439795 ], [ 339136.795976884954143, 2020677.891761119710281 ], [ 339111.186270841339137, 2020703.502259674016386 ], [ 339081.182521254813764, 2020703.502259674016386 ], [ 339021.175022081763018, 2020763.51161582255736 ], [ 338991.171272495295852, 2020763.51161582255736 ], [ 338956.77347936591832, 2020797.910473416559398 ], [ 338931.163773322245106, 2020823.520971971098334 ], [ 338901.160023735777941, 2020823.520971971098334 ], [ 338866.762230606400408, 2020857.919829565100372 ], [ 338841.152524562727194, 2020883.530328119639307 ], [ 338781.14548961922992, 2020883.530328119639307 ], [ 338836.758481019933242, 2020939.14504050463438 ], [ 338862.368379356747027, 2020964.755731358425692 ], [ 338862.368379356747027, 2020994.760409432696179 ], [ 338896.765980192925781, 2021029.15907472721301 ], [ 338926.769729779451154, 2021059.163752801483497 ], [ 338956.773479365860112, 2021089.168430875753984 ], [ 338986.777228952443693, 2021119.173108950024471 ], [ 339016.780978538852651, 2021149.177787024294958 ], [ 339072.394626462308224, 2021204.793155952356756 ], [ 339072.394626462308224, 2021234.797834026627243 ], [ 339106.792227298370562, 2021269.196499321376905 ], [ 339136.795976884954143, 2021299.201177395414561 ], [ 339166.799726471479516, 2021329.205855469685048 ], [ 339192.409624808293302, 2021354.816546323476359 ], [ 339192.409624808293302, 2021384.821224397746846 ], [ 339261.205018773849588, 2021453.618747286498547 ], [ 339291.208768360316753, 2021453.618747286498547 ], [ 339316.818474403989967, 2021479.229245841037482 ], [ 339342.428372740803752, 2021504.839936694828793 ], [ 339342.428372740803752, 2021534.84461476909928 ], [ 339376.825973576982506, 2021569.243280063848943 ], [ 339402.435871913854498, 2021594.853970917407423 ], [ 339402.435871913854498, 2021624.85864899167791 ], [ 339436.833472749916837, 2021659.257314286427572 ], [ 339462.443371086847037, 2021684.868005140218884 ], [ 339462.443371086847037, 2021744.877361288759857 ], [ 339492.447120673314203, 2021774.882039363030344 ], [ 339492.447120673314203, 2021792.458837087266147 ], [ 339462.443371086847037, 2021822.463515161536634 ], [ 339462.443371086847037, 2021852.46819323557429 ], [ 339436.833472749975044, 2021878.078884089365602 ], [ 339402.435871913854498, 2021912.477549384115264 ], [ 339402.435871913854498, 2021972.486905532656237 ], [ 339372.432122327329125, 2022002.491583606926724 ], [ 339372.432122327329125, 2022032.496261681197211 ], [ 339342.428372740803752, 2022062.500939755467698 ], [ 339342.428372740803752, 2022092.505617829738185 ], [ 339316.818474403931759, 2022118.116308683529496 ], [ 339286.814724817464594, 2022148.120986757567152 ], [ 339261.20501877379138, 2022173.731485312106088 ], [ 339201.197519600740634, 2022173.731485312106088 ], [ 339177.40798213693779, 2022197.521758960327134 ], [ 339153.618444673134945, 2022173.731485312106088 ], [ 339051.178771668288391, 2022173.731485312106088 ], [ 339021.175022081763018, 2022203.736163386376575 ], [ 338961.167522908712272, 2022203.736163386376575 ], [ 338922.375878529797774, 2022242.529008200857788 ], [ 338922.375878529797774, 2022272.533686275128275 ], [ 338866.762230606400408, 2022328.149055203190073 ], [ 338836.758481019875035, 2022358.15373327746056 ], [ 338806.754731433407869, 2022388.158411351731047 ], [ 338781.145025389851071, 2022413.768909906037152 ], [ 338742.35338101076195, 2022413.768909906037152 ], [ 338742.35338101076195, 2022572.580467017600313 ], [ 338712.349631424236577, 2022602.5851450918708 ], [ 338712.349631424236577, 2022692.59917931468226 ], [ 338682.345881837769412, 2022722.603857388719916 ], [ 338682.345881837769412, 2022893.843294850317761 ], [ 338793.573449635179713, 2022893.843294850317761 ], [ 338823.577199221646879, 2022863.838616776047274 ], [ 338931.163773322245106, 2022863.838616776047274 ], [ 338952.379628116264939, 2022885.055128110107034 ], [ 338952.379628116264939, 2022915.059806184377521 ], [ 338982.383377702790312, 2022945.064484258648008 ], [ 338982.383377702790312, 2023583.950890557840466 ], [ 339021.175022081763018, 2023583.950890557840466 ], [ 339051.178771668288391, 2023613.955568632110953 ], [ 339081.182521254755557, 2023613.955568632110953 ], [ 339111.186270841222722, 2023643.96024670638144 ], [ 339993.72343309520511, 2023643.96024670638144 ], [ 340023.727182681730483, 2023613.955568632110953 ], [ 340053.730932268314064, 2023613.955568632110953 ], [ 340083.734681854781229, 2023583.950890557840466 ], [ 340113.738431441190187, 2023583.950890557840466 ], [ 340143.742181027657352, 2023553.94621248380281 ], [ 340161.317506368970498, 2023553.94621248380281 ], [ 340191.321255955495872, 2023583.950890557840466 ], [ 340251.328755128430203, 2023583.950890557840466 ], [ 340276.938461172103416, 2023609.561389112379402 ], [ 340306.942210758512374, 2023639.566067186649889 ], [ 340332.552109095442574, 2023665.1767580404412 ], [ 340332.552109095442574, 2023695.181436114711687 ], [ 340366.949709931621328, 2023729.580101409461349 ], [ 340401.347503060882445, 2023763.978959003463387 ], [ 340431.351252647407819, 2023763.978959003463387 ], [ 340461.355002233874984, 2023793.983637077733874 ], [ 340491.358751820458565, 2023793.983637077733874 ], [ 340521.362501406983938, 2023823.988315152004361 ], [ 340641.377499752969015, 2023823.988315152004361 ], [ 340666.987205796642229, 2023849.598813706543297 ], [ 340696.990955383109394, 2023879.603491780580953 ], [ 340731.388748512486927, 2023914.002349374582991 ] ] ] } },
{ "type": "Feature", "properties": { "OBJECTID": 16, "乡镇名": "南海街道", "面积km2": 12.063 }, "geometry": { "type": "Polygon", "coordinates": [ [ [ 340701.384998925903346, 2016682.874933481449261 ], [ 340743.81717275781557, 2016682.874933481449261 ], [ 340773.820922344340943, 2016652.870255407178774 ], [ 340863.832171103917062, 2016652.870255407178774 ], [ 340893.835920690384228, 2016622.865577332908288 ], [ 340923.839670276909601, 2016622.865577332908288 ], [ 340962.631314655824099, 2016584.072732518427074 ], [ 340962.631314655824099, 2016524.0633763698861 ], [ 340992.635064242349472, 2016494.058698295615613 ], [ 340992.635064242349472, 2016434.04934214730747 ], [ 341022.638813828874845, 2016404.044664073036984 ], [ 341022.638813828874845, 2016284.025951775955036 ], [ 341048.248712165746838, 2016258.415260922163725 ], [ 341078.252461752214003, 2016228.410582847893238 ], [ 341108.256211338739377, 2016198.405904773622751 ], [ 341138.259960925206542, 2016168.401226699585095 ], [ 341163.869666968879756, 2016142.79072814504616 ], [ 341193.873416555346921, 2016142.79072814504616 ], [ 341258.274959271249827, 2016078.387192476773635 ], [ 341288.2787088577752, 2016048.382514402503148 ], [ 341348.286208030767739, 2015988.373158253962174 ], [ 341373.895914074440952, 2015962.762659699423239 ], [ 341403.899663660966326, 2015962.762659699423239 ], [ 341438.297456790285651, 2015928.3638021054212 ], [ 341468.301206376752816, 2015898.359124031383544 ], [ 341498.304955963278189, 2015868.354445957113057 ], [ 341528.308705549803562, 2015838.349767882842571 ], [ 341553.918411593418568, 2015812.739269328303635 ], [ 341661.504985694075003, 2015812.739269328303635 ], [ 341691.508735280600376, 2015842.743947402574122 ], [ 341721.512484867067542, 2015842.743947402574122 ], [ 341747.122190910682548, 2015868.354445957113057 ], [ 341781.519984040118288, 2015902.753303551115096 ], [ 341811.523733626701869, 2015902.753303551115096 ], [ 341841.527483213169035, 2015932.757981625152752 ], [ 341871.531232799577992, 2015932.757981625152752 ], [ 341901.534982386045158, 2015962.762659699423239 ], [ 341943.967156217957381, 2015962.762659699423239 ], [ 341982.758800596988294, 2015923.969814884942025 ], [ 341982.758800596988294, 2015713.937068365281448 ], [ 342012.76255018345546, 2015683.932390291010961 ], [ 342012.76255018345546, 2015521.481119569856673 ], [ 341982.758800596988294, 2015491.476441495586187 ], [ 341982.758800596988294, 2015443.894965697079897 ], [ 342008.368698933860287, 2015418.284274843288586 ], [ 342038.372448520327453, 2015388.279596769018099 ], [ 342068.376198106852826, 2015358.274918694747612 ], [ 342093.985904150409624, 2015332.664420140441507 ], [ 342123.989653737051412, 2015332.664420140441507 ], [ 342158.387446866370738, 2015298.265562546439469 ], [ 342214.000902496511117, 2015242.650385917630047 ], [ 342244.004652082978282, 2015242.650385917630047 ], [ 342308.406194798881188, 2015178.246850249357522 ], [ 342338.409944385406561, 2015148.242172175087035 ], [ 342368.413693971873727, 2015118.237494100816548 ], [ 342398.4174435583991, 2015088.232816026546061 ], [ 342424.027149602014106, 2015062.622317472007126 ], [ 342454.030899188481271, 2015062.622317472007126 ], [ 342484.034648774948437, 2015032.617639397969469 ], [ 342604.049647121108137, 2015032.617639397969469 ], [ 342634.053396707575303, 2015002.612961323698983 ], [ 342694.060431651072577, 2015002.612961323698983 ], [ 342642.841291500022635, 2014951.392236159183085 ], [ 342642.841291500022635, 2014891.382880010642111 ], [ 342612.837541913555469, 2014861.378201936371624 ], [ 342612.837541913555469, 2014801.368845787830651 ], [ 342582.833792327030096, 2014771.364167713560164 ], [ 342582.833792327030096, 2014711.354811565252021 ], [ 342552.830042740504723, 2014681.350133490981534 ], [ 342552.830042740504723, 2014561.331421193899587 ], [ 342522.826293154037558, 2014531.3267431196291 ], [ 342522.826293154037558, 2014501.322065045358613 ], [ 342492.822543567512184, 2014471.317386971088126 ], [ 342492.822543567512184, 2014411.308030822779983 ], [ 342462.818793981045019, 2014381.303352748509496 ], [ 342462.818793981045019, 2014351.29867467423901 ], [ 342432.815044394519646, 2014321.293996599968523 ], [ 342432.815044394519646, 2014261.284640451427549 ], [ 342402.811294807994273, 2014231.279962377157062 ], [ 342402.811294807994273, 2014201.275284302886575 ], [ 342368.413693971873727, 2014166.876619008369744 ], [ 342338.409944385348354, 2014136.871940934099257 ], [ 342304.012151256087236, 2014102.473083340097219 ], [ 342274.008401669503655, 2014102.473083340097219 ], [ 342248.398695625830442, 2014076.862584785558283 ], [ 342218.394946039421484, 2014046.857906711287796 ], [ 342183.997152909985743, 2014012.459049117285758 ], [ 342153.993403323518578, 2014012.459049117285758 ], [ 342132.777548529498745, 2013991.242537783225998 ], [ 342132.777548529498745, 2013961.237859708955511 ], [ 342068.376198106794618, 2013896.834516339935362 ], [ 342042.766299769980833, 2013871.223825486376882 ], [ 342042.766299769980833, 2013832.430980671895668 ], [ 342003.974655391008127, 2013832.430980671895668 ], [ 341973.970905804540962, 2013802.426302597625181 ], [ 341733.940909112454392, 2013802.426302597625181 ], [ 341703.937159525929019, 2013772.421624523354694 ], [ 341541.489987348089926, 2013772.421624523354694 ], [ 341511.486237761564553, 2013802.426302597625181 ], [ 341451.478738588572014, 2013802.426302597625181 ], [ 341412.687094209541101, 2013841.219147412106395 ], [ 341412.687094209541101, 2013871.223825486376882 ], [ 341382.683344623073936, 2013901.228503560414538 ], [ 341382.683344623073936, 2013931.233181634685025 ], [ 341357.073446286201943, 2013956.843872488476336 ], [ 341322.675845450081397, 2013991.242537783225998 ], [ 341322.675845450081397, 2014021.247215857496485 ], [ 341301.459990656061564, 2014042.463727191556245 ], [ 341271.456241069477983, 2014042.463727191556245 ], [ 341237.058447940158658, 2014076.862584785558283 ], [ 341211.448741896543652, 2014102.473083340097219 ], [ 341193.873416555405129, 2014102.473083340097219 ], [ 341178.871309647453018, 2014087.470512181054801 ], [ 341202.661311347852461, 2014063.679774281801656 ], [ 341202.661311347852461, 2014033.675096207531169 ], [ 341232.665060934377834, 2014003.670418133260682 ], [ 341232.665060934377834, 2013943.661061984719709 ], [ 341262.668810520903207, 2013913.656383910449222 ], [ 341262.668810520903207, 2013883.651705836411566 ], [ 341292.672560107370373, 2013853.647027762141079 ], [ 341292.672560107370373, 2013793.637671613600105 ], [ 341322.676309693895746, 2013763.632993539329618 ], [ 341322.676309693895746, 2013571.177044743904844 ], [ 341288.278708857716992, 2013536.778379449155182 ], [ 341262.668810520903207, 2013511.16768859536387 ], [ 341262.668810520903207, 2013481.163010521093383 ], [ 341198.267460098199081, 2013416.759667152073234 ], [ 341172.657561761385296, 2013391.148976298281923 ], [ 341172.657561761385296, 2013361.144298224011436 ], [ 341138.259960925206542, 2013326.745632929261774 ], [ 341108.256211338681169, 2013296.740954855224118 ], [ 341078.252461752272211, 2013266.736276780953631 ], [ 341048.24871216568863, 2013236.731598706683144 ], [ 341018.244962579279672, 2013206.726920632412657 ], [ 340992.635064242349472, 2013181.116229778621346 ], [ 340992.635064242349472, 2013151.111551704350859 ], [ 340958.237463406170718, 2013116.712886409601197 ], [ 340932.627565069356933, 2013091.102195555809885 ], [ 340932.627565069356933, 2013061.097517481539398 ], [ 340902.62381548283156, 2013031.092839407501742 ], [ 340902.62381548283156, 2013001.088161333231255 ], [ 340872.620065896364395, 2012971.083483258960769 ], [ 340872.620065896364395, 2012941.078805184690282 ], [ 340812.612566723313648, 2012881.069449036149308 ], [ 340812.612566723313648, 2012821.060092887608334 ], [ 340782.608817136846483, 2012791.055414813337848 ], [ 340782.608817136846483, 2012671.036702516488731 ], [ 340752.60506755032111, 2012641.032024442218244 ], [ 340752.60506755032111, 2012551.017990219406784 ], [ 340722.601317963795736, 2012521.013312145136297 ], [ 340722.601317963795736, 2012461.003955996828154 ], [ 340698.811316263396293, 2012437.213218097575009 ], [ 340722.601317963795736, 2012413.422480198321864 ], [ 340722.601317963795736, 2012310.98056562547572 ], [ 340683.809673584881239, 2012272.187720810994506 ], [ 340653.805923998297658, 2012272.187720810994506 ], [ 340623.802174411772285, 2012242.183042736724019 ], [ 340533.79092565231258, 2012242.183042736724019 ], [ 340482.571321271767374, 2012190.961853328393772 ], [ 340482.571321271767374, 2012160.957175254356116 ], [ 340452.567571685300209, 2012130.952497180085629 ], [ 340452.567571685300209, 2012100.947819105815142 ], [ 340418.169970849121455, 2012066.54915381106548 ], [ 340392.56007251230767, 2012040.938462957274169 ], [ 340392.56007251230767, 2012010.933784883003682 ], [ 340328.158722089603543, 2011946.530441513983533 ], [ 340302.548823752789758, 2011920.919750660192221 ], [ 340302.548823752789758, 2011890.915072586154565 ], [ 340242.541324579739012, 2011830.905716437613592 ], [ 340242.541324579739012, 2011680.882326066261157 ], [ 340203.749680200824514, 2011642.089481251779944 ], [ 340011.29875843640184, 2011642.089481251779944 ], [ 339972.507114057370927, 2011680.882326066261157 ], [ 339972.507114057370927, 2011770.896360289072618 ], [ 339951.291259263351094, 2011792.112871623132378 ], [ 339891.283760090416763, 2011792.112871623132378 ], [ 339861.28001050389139, 2011822.117549697402865 ], [ 339831.276260917307809, 2011822.117549697402865 ], [ 339801.272511330840643, 2011852.122227771673352 ], [ 339633.67843805719167, 2011852.122227771673352 ], [ 339608.068732013518456, 2011826.511729217134416 ], [ 339582.458833676704671, 2011800.901038363343105 ], [ 339582.458833676704671, 2011710.887004140531644 ], [ 339552.455084090179298, 2011680.882326066261157 ], [ 339552.455084090179298, 2011642.089481251779944 ], [ 339261.205018773849588, 2011642.089481251779944 ], [ 339231.201269187324215, 2011672.094159326050431 ], [ 339171.193770014331676, 2011672.094159326050431 ], [ 339111.18627084128093, 2011732.103515474591404 ], [ 339081.182521254813764, 2011732.103515474591404 ], [ 339016.780978538910858, 2011796.507051142863929 ], [ 338991.171272495237645, 2011822.117549697402865 ], [ 338961.167522908712272, 2011822.117549697402865 ], [ 338922.375878529797774, 2011860.910394511884078 ], [ 338922.375878529797774, 2011890.915072586154565 ], [ 338892.372128943272401, 2011920.919750660192221 ], [ 338892.372128943272401, 2011980.929106808733195 ], [ 338866.762230606400408, 2012006.539797662524506 ], [ 338836.758481019875035, 2012036.544475736794993 ], [ 338802.360880183754489, 2012070.943141031544656 ], [ 338802.360880183754489, 2012100.947819105815142 ], [ 338772.357130597287323, 2012130.952497180085629 ], [ 338772.357130597287323, 2012160.957175254356116 ], [ 338742.35338101076195, 2012190.961853328393772 ], [ 338742.35338101076195, 2012250.971209476934746 ], [ 338712.349631424236577, 2012280.975887551205233 ], [ 338712.349631424236577, 2012340.985243699746206 ], [ 338682.345881837769412, 2012370.989921774016693 ], [ 338682.345881837769412, 2012611.027346367947757 ], [ 338652.342132251244038, 2012641.032024442218244 ], [ 338652.342132251244038, 2012671.036702516488731 ], [ 338626.732233914372046, 2012696.647393370280042 ], [ 338596.728484327846672, 2012726.652071444550529 ], [ 338562.330883491726127, 2012761.050736739067361 ], [ 338562.330883491726127, 2012791.055414813337848 ], [ 338541.115028697706293, 2012812.271926147397608 ], [ 338391.096280765137635, 2012812.271926147397608 ], [ 338352.304636386223137, 2012851.064770961878821 ], [ 338352.304636386223137, 2012881.069449036149308 ], [ 338326.694738049351145, 2012906.680139889940619 ], [ 338296.690988462825771, 2012936.684817964211106 ], [ 338262.293387626705226, 2012971.083483258960769 ], [ 338262.293387626705226, 2013001.088161333231255 ], [ 338232.289638040179852, 2013031.092839407501742 ], [ 338232.289638040179852, 2013091.102195555809885 ], [ 338202.285888453712687, 2013121.106873630080372 ], [ 338202.285888453712687, 2013553.600247019669041 ], [ 338232.289638040179852, 2013583.604925093939528 ], [ 338232.289638040179852, 2013631.186400892212987 ], [ 338202.285888453712687, 2013661.191078966483474 ], [ 338202.285888453712687, 2013751.205113189294934 ], [ 338172.282138867187314, 2013781.209791263565421 ], [ 338172.282138867187314, 2014033.675096207531169 ], [ 338202.285888453712687, 2014063.679774281801656 ], [ 338202.285888453712687, 2014123.68913043034263 ], [ 338232.289638040179852, 2014153.693808504613116 ], [ 338232.289638040179852, 2014183.698486578883603 ], [ 338262.293387626705226, 2014213.703164652921259 ], [ 338262.293387626705226, 2014243.707842727191746 ], [ 338292.297137213230599, 2014273.712520801462233 ], [ 338292.297137213230599, 2014333.721876950003207 ], [ 338326.694738049292937, 2014368.120542244752869 ], [ 338356.698487635876518, 2014398.125220319023356 ], [ 338391.096280765137635, 2014432.524077913025394 ], [ 338421.100030351721216, 2014432.524077913025394 ], [ 338451.103779938246589, 2014462.528755987295881 ], [ 338511.111279111297335, 2014462.528755987295881 ], [ 338541.115028697764501, 2014492.533434061333537 ], [ 338601.122527870698832, 2014492.533434061333537 ], [ 338631.126277457165997, 2014522.538112135604024 ], [ 338781.145025389734656, 2014522.538112135604024 ], [ 338811.148774976201821, 2014552.542790209874511 ], [ 338841.152524562727194, 2014552.542790209874511 ], [ 338862.368379356747027, 2014573.759301543934271 ], [ 338862.368379356747027, 2014753.787369989557192 ], [ 338896.765980192925781, 2014788.186035284074023 ], [ 338931.163773322303314, 2014822.584892878076062 ], [ 339162.406339465640485, 2014822.584892878076062 ], [ 339162.406339465640485, 2014783.792048063594848 ], [ 339183.622194259602111, 2014762.575536729767919 ], [ 339321.212517946900334, 2014762.575536729767919 ], [ 339351.2162675333675, 2014792.580214803805575 ], [ 339381.220017119834665, 2014792.580214803805575 ], [ 339406.829723163507879, 2014818.19071335834451 ], [ 339441.227516292768996, 2014852.589570952346548 ], [ 339471.231265879294369, 2014852.589570952346548 ], [ 339496.840971922909375, 2014878.200069506885484 ], [ 339556.848471096018329, 2014938.209425655426458 ], [ 339591.246264225279447, 2014972.608283249428496 ], [ 339621.250013811863028, 2014972.608283249428496 ], [ 339646.859719855536241, 2014998.218781803967431 ], [ 339676.863469441945199, 2015028.223459878237918 ], [ 339706.86721902852878, 2015058.228137952275574 ], [ 339741.265012157906312, 2015092.626995546277612 ], [ 339771.268761744373478, 2015092.626995546277612 ], [ 339796.878467788046692, 2015118.237494100816548 ], [ 339826.882217374455649, 2015148.242172175087035 ], [ 339876.282117411901709, 2015197.643600928131491 ], [ 339852.49211571138585, 2015221.434338827384636 ], [ 339852.49211571138585, 2015353.880931474268436 ], [ 339891.283760090416763, 2015392.67377628874965 ], [ 339981.295008849876467, 2015392.67377628874965 ], [ 340002.5108636438963, 2015413.89028762280941 ], [ 340002.5108636438963, 2015461.4717634213157 ], [ 339976.900965307024308, 2015487.082454275107011 ], [ 339946.897215720498934, 2015517.087132349377498 ], [ 339912.499614884378389, 2015551.48579764412716 ], [ 339912.499614884378389, 2015773.946424513822421 ], [ 339942.503364470903762, 2015803.951102588092908 ], [ 339942.503364470903762, 2015833.955780662363395 ], [ 339966.293366171303205, 2015857.74651856161654 ], [ 339946.897215720498934, 2015877.143269240390509 ], [ 339921.287509676942136, 2015902.753767794696614 ], [ 339831.276725146861281, 2015902.753767794696614 ], [ 339886.889716547564603, 2015958.368480179691687 ], [ 339921.287509676825721, 2015992.767337773693725 ], [ 339951.291259263351094, 2015992.767337773693725 ], [ 339976.9009653069661, 2016018.377836328232661 ], [ 340002.5108636438963, 2016043.988527182023972 ], [ 340002.5108636438963, 2016134.002561404835433 ], [ 340032.514613230421674, 2016164.00723947910592 ], [ 340032.514613230421674, 2016194.011917553143576 ], [ 340066.912214066484012, 2016228.410582847893238 ], [ 340096.915963653067593, 2016258.415260922163725 ], [ 340126.91971323947655, 2016288.419938996434212 ], [ 340152.529611576406751, 2016314.030629850225523 ], [ 340152.529611576406751, 2016344.03530792449601 ], [ 340186.927212412585504, 2016378.433973219245672 ], [ 340221.325005541846622, 2016412.83283081324771 ], [ 340251.328755128430203, 2016412.83283081324771 ], [ 340281.332504714955576, 2016442.837508887518197 ], [ 340311.336254301422741, 2016442.837508887518197 ], [ 340341.340003887948114, 2016472.842186961788684 ], [ 340401.347503060998861, 2016472.842186961788684 ], [ 340422.563357854960486, 2016494.058698295615613 ], [ 340422.563357854960486, 2016524.0633763698861 ], [ 340456.960958691022824, 2016558.462041664635763 ], [ 340521.362501406983938, 2016622.865577332908288 ], [ 340551.366250993451104, 2016622.865577332908288 ], [ 340581.370000579976477, 2016652.870255407178774 ], [ 340671.381249339436181, 2016652.870255407178774 ], [ 340701.384998925903346, 2016682.874933481449261 ] ] ] } }
]
}
