{"type": "FeatureCollection", "crs": {"type": "name", "properties": {"name": "EPSG:32649"}}, "features": [{"type": "Feature", "properties": {"悬舌/细缝": 136100, "area_m2": 136100, "length_m": 4072, "bearing": "西"}, "geometry": {"type": "MultiPolygon", "coordinates": [[[[441949.87087559904, 2125896.229604493], [441959.87087559904, 2125896.229604493], [441959.87087559904, 2125906.229604493], [441959.87087559904, 2125916.229604493], [441969.87087559904, 2125916.229604493], [441969.87087559904, 2125926.229604493], [441979.87087559904, 2125926.229604493], [441989.87087559904, 2125926.229604493], [441989.87087559904, 2125936.229604493], [441999.87087559904, 2125936.229604493], [441999.87087559904, 2125946.229604493], [442009.87087559904, 2125946.229604493], [442009.87087559904, 2125956.229604493], [442009.87087559904, 2125966.229604493], [442009.87087559904, 2125976.229604493], [442009.87087559904, 2125986.229604493], [442009.87087559904, 2125996.229604493], [442009.87087559904, 2126006.229604493], [442009.87087559904, 2126016.229604493], [442009.87087559904, 2126026.229604493], [442009.87087559904, 2126036.229604493], [442009.87087559904, 2126046.229604493], [442009.87087559904, 2126056.229604493], [442009.87087559904, 2126066.229604493], [442009.87087559904, 2126076.229604493], [442009.87087559904, 2126086.229604493], [442009.87087559904, 2126096.229604493], [442009.87087559904, 2126106.229604493], [442009.87087559904, 2126116.229604493], [442009.87087559904, 2126126.229604493], [442009.87087559904, 2126136.229604493], [442009.87087559904, 2126146.229604493], [442009.87087559904, 2126156.229604493], [442009.87087559904, 2126166.229604493], [442009.87087559904, 2126176.229604493], [442009.87087559904, 2126186.229604493], [442009.87087559904, 2126196.229604493], [442009.87087559904, 2126206.229604493], [442009.87087559904, 2126216.229604493], [442009.87087559904, 2126226.229604493], [442009.87087559904, 2126236.229604493], [442009.87087559904, 2126246.229604493], [442009.87087559904, 2126256.229604493], [442009.87087559904, 2126266.229604493], [442009.87087559904, 2126276.229604493], [442009.87087559904, 2126286.229604493], [442009.87087559904, 2126296.229604493], [442009.87087559904, 2126306.229604493], [442009.87087559904, 2126316.229604493], [442009.87087559904, 2126326.229604493], [442009.87087559904, 2126336.229604493], [442009.87087559904, 2126346.229604493], [442009.87087559904, 2126356.229604493], [442009.87087559904, 2126366.229604493], [442019.87087559904, 2126366.229604493], [442019.87087559904, 2126376.229604493], [442019.87087559904, 2126386.229604493], [442029.87087559904, 2126386.229604493], [442029.87087559904, 2126396.229604493], [442039.87087559904, 2126396.229604493], [442039.87087559904, 2126406.229604493], [442049.87087559904, 2126406.229604493], [442049.87087559904, 2126416.229604493], [442059.87087559904, 2126416.229604493], [442069.87087559904, 2126416.229604493], [442069.87087559904, 2126426.229604493], [442079.87087559904, 2126426.229604493], [442079.87087559904, 2126436.229604493], [442089.87087559904, 2126436.229604493], [442089.87087559904, 2126446.229604493], [442099.87087559904, 2126446.229604493], [442099.87087559904, 2126456.229604493], [442109.87087559904, 2126456.229604493], [442109.87087559904, 2126466.229604493], [442119.87087559904, 2126466.229604493], [442129.87087559904, 2126466.229604493], [442129.87087559904, 2126476.229604493], [442139.87087559904, 2126476.229604493], [442139.87087559904, 2126486.229604493], [442149.87087559904, 2126486.229604493], [442149.87087559904, 2126496.229604493], [442159.87087559904, 2126496.229604493], [442159.87087559904, 2126506.229604493], [442169.87087559904, 2126506.229604493], [442169.87087559904, 2126516.229604493], [442179.87087559904, 2126516.229604493], [442179.87087559904, 2126526.229604493], [442189.87087559904, 2126526.229604493], [442199.87087559904, 2126526.229604493], [442199.87087559904, 2126536.229604493], [442209.87087559904, 2126536.229604493], [442209.87087559904, 2126546.229604493], [442219.87087559904, 2126546.229604493], [442219.87087559904, 2126556.229604493], [442219.87087559904, 2126566.229604493], [442229.87087559904, 2126566.229604493], [442229.87087559904, 2126576.229604493], [442229.87087559904, 2126586.229604493], [442229.87087559904, 2126596.229604493], [442239.87087559904, 2126596.229604493], [442239.87087559904, 2126606.229604493], [442239.87087559904, 2126616.229604493], [442239.87087559904, 2126626.229604493], [442239.87087559904, 2126636.229604493], [442239.87087559904, 2126646.229604493], [442239.87087559904, 2126656.229604493], [442239.87087559904, 2126666.229604493], [442239.87087559904, 2126676.229604493], [442239.87087559904, 2126686.229604493], [442239.87087559904, 2126696.229604493], [442239.87087559904, 2126706.229604493], [442239.87087559904, 2126716.229604493], [442239.87087559904, 2126726.229604493], [442239.87087559904, 2126736.229604493], [442239.87087559904, 2126746.229604493], [442239.87087559904, 2126756.229604493], [442239.87087559904, 2126766.229604493], [442239.87087559904, 2126776.229604493], [442239.87087559904, 2126786.229604493], [442239.87087559904, 2126796.229604493], [442239.87087559904, 2126806.229604493], [442239.87087559904, 2126816.229604493], [442239.87087559904, 2126826.229604493], [442239.87087559904, 2126836.229604493], [442239.87087559904, 2126846.229604493], [442239.87087559904, 2126856.229604493], [442239.87087559904, 2126866.229604493], [442239.87087559904, 2126876.229604493], [442239.87087559904, 2126886.229604493], [442239.87087559904, 2126896.229604493], [442239.87087559904, 2126906.229604493], [442239.87087559904, 2126916.229604493], [442239.87087559904, 2126926.229604493], [442239.87087559904, 2126936.229604493], [442239.87087559904, 2126946.229604493], [442239.87087559904, 2126956.229604493], [442239.87087559904, 2126966.229604493], [442239.87087559904, 2126976.229604493], [442229.87087559904, 2126976.229604493], [442229.87087559904, 2126966.229604493], [442219.87087559904, 2126966.229604493], [442219.87087559904, 2126976.229604493], [442219.87087559904, 2126986.229604493], [442209.87087559904, 2126986.229604493], [442209.87087559904, 2126996.229604493], [442209.87087559904, 2127006.229604493], [442199.87087559904, 2127006.229604493], [442199.87087559904, 2127016.229604493], [442199.87087559904, 2127026.229604493], [442199.87087559904, 2127036.229604493], [442189.87087559904, 2127036.229604493], [442189.87087559904, 2127046.229604493], [442189.87087559904, 2127056.229604493], [442189.87087559904, 2127066.229604493], [442179.87087559904, 2127066.229604493], [442179.87087559904, 2127076.229604493], [442179.87087559904, 2127086.229604493], [442169.87087559904, 2127086.229604493], [442169.87087559904, 2127096.229604493], [442169.87087559904, 2127106.229604493], [442169.87087559904, 2127116.229604493], [442159.87087559904, 2127116.229604493], [442159.87087559904, 2127126.229604493], [442159.87087559904, 2127136.229604493], [442149.87087559904, 2127136.229604493], [442149.87087559904, 2127146.229604493], [442139.87087559904, 2127146.229604493], [442129.87087559904, 2127146.229604493], [442129.87087559904, 2127156.229604493], [442129.87087559904, 2127166.229604493], [442129.87087559904, 2127176.229604493], [442129.87087559904, 2127186.229604493], [442129.87087559904, 2127196.229604493], [442129.87087559904, 2127206.229604493], [442129.87087559904, 2127216.229604493], [442129.87087559904, 2127226.229604493], [442129.87087559904, 2127236.229604493], [442129.87087559904, 2127246.229604493], [442129.87087559904, 2127256.229604493], [442129.87087559904, 2127266.229604493], [442129.87087559904, 2127276.229604493], [442129.87087559904, 2127286.229604493], [442129.87087559904, 2127296.229604493], [442129.87087559904, 2127306.229604493], [442129.87087559904, 2127316.229604493], [442129.87087559904, 2127326.229604493], [442129.87087559904, 2127336.229604493], [442129.87087559904, 2127346.229604493], [442129.87087559904, 2127356.229604493], [442129.87087559904, 2127366.229604493], [442129.87087559904, 2127376.229604493], [442129.87087559904, 2127386.229604493], [442129.87087559904, 2127396.229604493], [442129.87087559904, 2127406.229604493], [442129.87087559904, 2127416.229604493], [442129.87087559904, 2127426.229604493], [442129.87087559904, 2127436.229604493], [442129.87087559904, 2127446.229604493], [442129.87087559904, 2127456.229604493], [442139.87087559904, 2127456.229604493], [442139.87087559904, 2127466.229604493], [442139.87087559904, 2127476.229604493], [442139.87087559904, 2127486.229604493], [442149.87087559904, 2127486.229604493], [442149.87087559904, 2127496.229604493], [442159.87087559904, 2127496.229604493], [442169.87087559904, 2127496.229604493], [442169.87087559904, 2127506.229604493], [442179.87087559904, 2127506.229604493], [442189.87087559904, 2127506.229604493], [442189.87087559904, 2127516.229604493], [442199.87087559904, 2127516.229604493], [442199.87087559904, 2127526.229604493], [442209.87087559904, 2127526.229604493], [442209.87087559904, 2127536.229604493], [442209.87087559904, 2127546.229604493], [442209.87087559904, 2127556.229604493], [442209.87087559904, 2127566.229604493], [442219.87087559904, 2127566.229604493], [442219.87087559904, 2127576.229604493], [442219.87087559904, 2127586.229604493], [442219.87087559904, 2127596.229604493], [442219.87087559904, 2127606.229604493], [442229.87087559904, 2127606.229604493], [442239.87087559904, 2127606.229604493], [442239.87087559904, 2127616.229604493], [442249.87087559904, 2127616.229604493], [442259.87087559904, 2127616.229604493], [442259.87087559904, 2127626.229604493], [442269.87087559904, 2127626.229604493], [442269.87087559904, 2127636.229604493], [442269.87087559904, 2127646.229604493], [442279.87087559904, 2127646.229604493], [442279.87087559904, 2127656.229604493], [442279.87087559904, 2127666.229604493], [442279.87087559904, 2127676.229604493], [442279.87087559904, 2127686.229604493], [442289.87087559904, 2127686.229604493], [442289.87087559904, 2127696.229604493], [442289.87087559904, 2127706.229604493], [442289.87087559904, 2127716.229604493], [442289.87087559904, 2127726.229604493], [442299.87087559904, 2127726.229604493], [442299.87087559904, 2127736.229604493], [442299.87087559904, 2127746.229604493], [442299.87087559904, 2127756.229604493], [442309.87087559904, 2127756.229604493], [442309.87087559904, 2127766.229604493], [442309.87087559904, 2127776.229604493], [442309.87087559904, 2127786.229604493], [442309.87087559904, 2127796.229604493], [442319.87087559904, 2127796.229604493], [442319.87087559904, 2127806.229604493], [442319.87087559904, 2127816.229604493], [442329.87087559904, 2127816.229604493], [442339.87087559904, 2127816.229604493], [442339.87087559904, 2127826.229604493], [442349.87087559904, 2127826.229604493], [442359.87087559904, 2127826.229604493], [442359.87087559904, 2127836.229604493], [442369.87087559904, 2127836.229604493], [442379.87087559904, 2127836.229604493], [442379.87087559904, 2127846.229604493], [442389.87087559904, 2127846.229604493], [442399.87087559904, 2127846.229604493], [442399.87087559904, 2127856.229604493], [442409.87087559904, 2127856.229604493], [442419.87087559904, 2127856.229604493], [442419.87087559904, 2127866.229604493], [442429.87087559904, 2127866.229604493], [442429.87087559904, 2127876.229604493], [442429.87087559904, 2127886.229604493], [442429.87087559904, 2127896.229604493], [442419.87087559904, 2127896.229604493], [442419.87087559904, 2127906.229604493], [442409.87087559904, 2127906.229604493], [442409.87087559904, 2127916.229604493], [442419.87087559904, 2127916.229604493], [442419.87087559904, 2127926.229604493], [442419.87087559904, 2127936.229604493], [442419.87087559904, 2127946.229604493], [442429.87087559904, 2127946.229604493], [442429.87087559904, 2127936.229604493], [442429.87087559904, 2127926.229604493], [442439.87087559904, 2127926.229604493], [442439.87087559904, 2127916.229604493], [442449.87087559904, 2127916.229604493], [442459.87087559904, 2127916.229604493], [442469.87087559904, 2127916.229604493], [442479.87087559904, 2127916.229604493], [442479.87087559904, 2127926.229604493], [442479.87087559904, 2127936.229604493], [442489.87087559904, 2127936.229604493], [442489.87087559904, 2127946.229604493], [442489.87087559904, 2127956.229604493], [442499.87087559904, 2127956.229604493], [442499.87087559904, 2127966.229604493], [442499.87087559904, 2127976.229604493], [442509.87087559904, 2127976.229604493], [442509.87087559904, 2127986.229604493], [442509.87087559904, 2127996.229604493], [442519.87087559904, 2127996.229604493], [442519.87087559904, 2128006.229604493], [442519.87087559904, 2128016.229604493], [442529.87087559904, 2128016.229604493], [442529.87087559904, 2128026.229604493], [442529.87087559904, 2128036.229604493], [442539.87087559904, 2128036.229604493], [442539.87087559904, 2128046.229604493], [442539.87087559904, 2128056.229604493], [442549.87087559904, 2128056.229604493], [442549.87087559904, 2128066.229604493], [442549.87087559904, 2128076.229604493], [442559.87087559904, 2128076.229604493], [442559.87087559904, 2128086.229604493], [442559.87087559904, 2128096.229604493], [442569.87087559904, 2128096.229604493], [442569.87087559904, 2128106.229604493], [442569.87087559904, 2128116.229604493], [442579.87087559904, 2128116.229604493], [442579.87087559904, 2128126.229604493], [442579.87087559904, 2128136.229604493], [442589.87087559904, 2128136.229604493], [442589.87087559904, 2128146.229604493], [442589.87087559904, 2128156.229604493], [442599.87087559904, 2128156.229604493], [442599.87087559904, 2128166.229604493], [442609.87087559904, 2128166.229604493], [442609.87087559904, 2128176.229604493], [442619.87087559904, 2128176.229604493], [442619.87087559904, 2128186.229604493], [442629.87087559904, 2128186.229604493], [442629.87087559904, 2128196.229604493], [442639.87087559904, 2128196.229604493], [442639.87087559904, 2128206.229604493], [442649.87087559904, 2128206.229604493], [442649.87087559904, 2128216.229604493], [442659.87087559904, 2128216.229604493], [442659.87087559904, 2128226.229604493], [442669.87087559904, 2128226.229604493], [442669.87087559904, 2128236.229604493], [442679.87087559904, 2128236.229604493], [442679.87087559904, 2128246.229604493], [442689.87087559904, 2128246.229604493], [442689.87087559904, 2128256.229604493], [442699.87087559904, 2128256.229604493], [442709.87087559904, 2128256.229604493], [442719.87087559904, 2128256.229604493], [442719.87087559904, 2128266.229604493], [442729.87087559904, 2128266.229604493], [442739.87087559904, 2128266.229604493], [442749.87087559904, 2128266.229604493], [442759.87087559904, 2128266.229604493], [442769.87087559904, 2128266.229604493], [442779.87087559904, 2128266.229604493], [442779.87087559904, 2128276.229604493], [442789.87087559904, 2128276.229604493], [442799.87087559904, 2128276.229604493], [442809.87087559904, 2128276.229604493], [442819.87087559904, 2128276.229604493], [442819.87087559904, 2128286.229604493], [442829.87087559904, 2128286.229604493], [442829.87087559904, 2128296.229604493], [442829.87087559904, 2128306.229604493], [442839.87087559904, 2128306.229604493], [442839.87087559904, 2128316.229604493], [442839.87087559904, 2128326.229604493], [442849.87087559904, 2128326.229604493], [442849.87087559904, 2128336.229604493], [442849.87087559904, 2128346.229604493], [442859.87087559904, 2128346.229604493], [442859.87087559904, 2128356.229604493], [442869.87087559904, 2128356.229604493], [442869.87087559904, 2128366.229604493], [442869.87087559904, 2128376.229604493], [442879.87087559904, 2128376.229604493], [442879.87087559904, 2128386.229604493], [442879.87087559904, 2128396.229604493], [442889.87087559904, 2128396.229604493], [442889.87087559904, 2128406.229604493], [442889.87087559904, 2128416.229604493], [442899.87087559904, 2128416.229604493], [442899.87087559904, 2128426.229604493], [442909.87087559904, 2128426.229604493], [442909.87087559904, 2128436.229604493], [442919.87087559904, 2128436.229604493], [442919.87087559904, 2128446.229604493], [442929.87087559904, 2128446.229604493], [442929.87087559904, 2128456.229604493], [442939.87087559904, 2128456.229604493], [442939.87087559904, 2128466.229604493], [442949.87087559904, 2128466.229604493], [442949.87087559904, 2128476.229604493], [442949.87087559904, 2128486.229604493], [442959.87087559904, 2128486.229604493], [442959.87087559904, 2128496.229604493], [442969.87087559904, 2128496.229604493], [442969.87087559904, 2128506.229604493], [442979.87087559904, 2128506.229604493], [442979.87087559904, 2128516.229604493], [442989.87087559904, 2128516.229604493], [442989.87087559904, 2128526.229604493], [442999.87087559904, 2128526.229604493], [442999.87087559904, 2128536.229604493], [443009.87087559904, 2128536.229604493], [443009.87087559904, 2128546.229604493], [443019.87087559904, 2128546.229604493], [443019.87087559904, 2128556.229604493], [443029.87087559904, 2128556.229604493], [443029.87087559904, 2128566.229604493], [443039.87087559904, 2128566.229604493], [443039.87087559904, 2128576.229604493], [443039.87087559904, 2128586.229604493], [443049.87087559904, 2128586.229604493], [443049.87087559904, 2128596.229604493], [443059.87087559904, 2128596.229604493], [443059.87087559904, 2128606.229604493], [443069.87087559904, 2128606.229604493], [443069.87087559904, 2128616.229604493], [443079.87087559904, 2128616.229604493], [443079.87087559904, 2128626.229604493], [443089.87087559904, 2128626.229604493], [443089.87087559904, 2128636.229604493], [443099.87087559904, 2128636.229604493], [443109.87087559904, 2128636.229604493], [443119.87087559904, 2128636.229604493], [443129.87087559904, 2128636.229604493], [443139.87087559904, 2128636.229604493], [443149.87087559904, 2128636.229604493], [443149.87087559904, 2128646.229604493], [443159.87087559904, 2128646.229604493], [443169.87087559904, 2128646.229604493], [443179.87087559904, 2128646.229604493], [443189.87087559904, 2128646.229604493], [443199.87087559904, 2128646.229604493], [443209.87087559904, 2128646.229604493], [443219.87087559904, 2128646.229604493], [443229.87087559904, 2128646.229604493], [443239.87087559904, 2128646.229604493], [443249.87087559904, 2128646.229604493], [443259.87087559904, 2128646.229604493], [443259.87087559904, 2128656.229604493], [443269.87087559904, 2128656.229604493], [443279.87087559904, 2128656.229604493], [443289.87087559904, 2128656.229604493], [443299.87087559904, 2128656.229604493], [443309.87087559904, 2128656.229604493], [443319.87087559904, 2128656.229604493], [443329.87087559904, 2128656.229604493], [443329.87087559904, 2128646.229604493], [443339.87087559904, 2128646.229604493], [443349.87087559904, 2128646.229604493], [443349.87087559904, 2128636.229604493], [443359.87087559904, 2128636.229604493], [443369.87087559904, 2128636.229604493], [443379.87087559904, 2128636.229604493], [443379.87087559904, 2128626.229604493], [443389.87087559904, 2128626.229604493], [443399.87087559904, 2128626.229604493], [443399.87087559904, 2128616.229604493], [443409.87087559904, 2128616.229604493], [443419.87087559904, 2128616.229604493], [443429.87087559904, 2128616.229604493], [443439.87087559904, 2128616.229604493], [443449.87087559904, 2128616.229604493], [443459.87087559904, 2128616.229604493], [443469.87087559904, 2128616.229604493], [443479.87087559904, 2128616.229604493], [443489.87087559904, 2128616.229604493], [443499.87087559904, 2128616.229604493], [443509.87087559904, 2128616.229604493], [443519.87087559904, 2128616.229604493], [443529.87087559904, 2128616.229604493], [443539.87087559904, 2128616.229604493], [443549.87087559904, 2128616.229604493], [443559.87087559904, 2128616.229604493], [443569.87087559904, 2128616.229604493], [443579.87087559904, 2128616.229604493], [443589.87087559904, 2128616.229604493], [443599.87087559904, 2128616.229604493], [443609.87087559904, 2128616.229604493], [443619.87087559904, 2128616.229604493], [443619.87087559904, 2128606.229604493], [443629.87087559904, 2128606.229604493], [443629.87087559904, 2128596.229604493], [443639.87087559904, 2128596.229604493], [443639.87087559904, 2128586.229604493], [443649.87087559904, 2128586.229604493], [443649.87087559904, 2128576.229604493], [443659.87087559904, 2128576.229604493], [443669.87087559904, 2128576.229604493], [443669.87087559904, 2128566.229604493], [443679.87087559904, 2128566.229604493], [443679.87087559904, 2128556.229604493], [443689.87087559904, 2128556.229604493], [443689.87087559904, 2128546.229604493], [443699.87087559904, 2128546.229604493], [443699.87087559904, 2128536.229604493], [443709.87087559904, 2128536.229604493], [443709.87087559904, 2128526.229604493], [443719.87087559904, 2128526.229604493], [443719.87087559904, 2128516.229604493], [443729.87087559904, 2128516.229604493], [443729.87087559904, 2128506.229604493], [443739.87087559904, 2128506.229604493], [443739.87087559904, 2128496.229604493], [443749.87087559904, 2128496.229604493], [443759.87087559904, 2128496.229604493], [443759.87087559904, 2128486.229604493], [443769.87087559904, 2128486.229604493], [443769.87087559904, 2128476.229604493], [443779.87087559904, 2128476.229604493], [443779.87087559904, 2128466.229604493], [443789.87087559904, 2128466.229604493], [443789.87087559904, 2128456.229604493], [443799.87087559904, 2128456.229604493], [443799.87087559904, 2128446.229604493], [443809.87087559904, 2128446.229604493], [443809.87087559904, 2128436.229604493], [443819.87087559904, 2128436.229604493], [443819.87087559904, 2128426.229604493], [443829.87087559904, 2128426.229604493], [443829.87087559904, 2128416.229604493], [443839.87087559904, 2128416.229604493], [443839.87087559904, 2128406.229604493], [443849.87087559904, 2128406.229604493], [443859.87087559904, 2128406.229604493], [443859.87087559904, 2128396.229604493], [443869.87087559904, 2128396.229604493], [443869.87087559904, 2128386.229604493], [443879.87087559904, 2128386.229604493], [443879.87087559904, 2128376.229604493], [443889.87087559904, 2128376.229604493], [443889.87087559904, 2128366.229604493], [443899.87087559904, 2128366.229604493], [443899.87087559904, 2128356.229604493], [443899.87087559904, 2128346.229604493], [443909.87087559904, 2128346.229604493], [443909.87087559904, 2128336.229604493], [443909.87087559904, 2128326.229604493], [443919.87087559904, 2128326.229604493], [443919.87087559904, 2128316.229604493], [443919.87087559904, 2128306.229604493], [443929.87087559904, 2128306.229604493], [443929.87087559904, 2128296.229604493], [443929.87087559904, 2128286.229604493], [443939.87087559904, 2128286.229604493], [443939.87087559904, 2128276.229604493], [443939.87087559904, 2128266.229604493], [443949.87087559904, 2128266.229604493], [443949.87087559904, 2128256.229604493], [443949.87087559904, 2128246.229604493], [443959.87087559904, 2128246.229604493], [443959.87087559904, 2128236.229604493], [443959.87087559904, 2128226.229604493], [443959.87087559904, 2128216.229604493], [443959.87087559904, 2128206.229604493], [443959.87087559904, 2128196.229604493], [443959.87087559904, 2128186.229604493], [443959.87087559904, 2128176.229604493], [443959.87087559904, 2128166.229604493], [443959.87087559904, 2128156.229604493], [443959.87087559904, 2128146.229604493], [443959.87087559904, 2128136.229604493], [443969.87087559904, 2128136.229604493], [443969.87087559904, 2128126.229604493], [443969.87087559904, 2128116.229604493], [443979.87087559904, 2128116.229604493], [443979.87087559904, 2128106.229604493], [443989.87087559904, 2128106.229604493], [443989.87087559904, 2128096.229604493], [443999.87087559904, 2128096.229604493], [443999.87087559904, 2128086.229604493], [443999.87087559904, 2128076.229604493], [444009.87087559904, 2128076.229604493], [444009.87087559904, 2128066.229604493], [444019.87087559904, 2128066.229604493], [444019.87087559904, 2128056.229604493], [444019.87087559904, 2128046.229604493], [444019.87087559904, 2128036.229604493], [444019.87087559904, 2128026.229604493], [444019.87087559904, 2128016.229604493], [444029.87087559904, 2128016.229604493], [444029.87087559904, 2128006.229604493], [444029.87087559904, 2127996.229604493], [444029.87087559904, 2127986.229604493], [444029.87087559904, 2127976.229604493], [444029.87087559904, 2127966.229604493], [444029.87087559904, 2127956.229604493], [444029.87087559904, 2127946.229604493], [444029.87087559904, 2127936.229604493], [444039.87087559904, 2127936.229604493], [444039.87087559904, 2127926.229604493], [444039.87087559904, 2127916.229604493], [444039.87087559904, 2127906.229604493], [444039.87087559904, 2127896.229604493], [444039.87087559904, 2127886.229604493], [444039.87087559904, 2127876.229604493], [444049.87087559904, 2127876.229604493], [444049.87087559904, 2127866.229604493], [444049.87087559904, 2127856.229604493], [444059.87087559904, 2127856.229604493], [444059.87087559904, 2127846.229604493], [444069.87087559904, 2127846.229604493], [444069.87087559904, 2127836.229604493], [444079.87087559904, 2127836.229604493], [444079.87087559904, 2127826.229604493], [444079.87087559904, 2127816.229604493], [444089.87087559904, 2127816.229604493], [444089.87087559904, 2127806.229604493], [444099.87087559904, 2127806.229604493], [444099.87087559904, 2127796.229604493], [444109.87087559904, 2127796.229604493], [444119.87087559904, 2127796.229604493], [444129.87087559904, 2127796.229604493], [444139.87087559904, 2127796.229604493], [444139.87087559904, 2127806.229604493], [444149.87087559904, 2127806.229604493], [444149.87087559904, 2127796.229604493], [444149.87087559904, 2127786.229604493], [444149.87087559904, 2127776.229604493], [444149.87087559904, 2127766.229604493], [444139.87087559904, 2127766.229604493], [444139.87087559904, 2127756.229604493], [444139.87087559904, 2127746.229604493], [444139.87087559904, 2127736.229604493], [444139.87087559904, 2127726.229604493], [444139.87087559904, 2127716.229604493], [444149.87087559904, 2127716.229604493], [444149.87087559904, 2127706.229604493], [444159.87087559904, 2127706.229604493], [444159.87087559904, 2127696.229604493], [444159.87087559904, 2127686.229604493], [444169.87087559904, 2127686.229604493], [444169.87087559904, 2127676.229604493], [444179.87087559904, 2127676.229604493], [444179.87087559904, 2127666.229604493], [444179.87087559904, 2127656.229604493], [444179.87087559904, 2127646.229604493], [444179.87087559904, 2127636.229604493], [444179.87087559904, 2127626.229604493], [444179.87087559904, 2127616.229604493], [444179.87087559904, 2127606.229604493], [444179.87087559904, 2127596.229604493], [444179.87087559904, 2127586.229604493], [444179.87087559904, 2127576.229604493], [444179.87087559904, 2127566.229604493], [444179.87087559904, 2127556.229604493], [444189.87087559904, 2127556.229604493], [444189.87087559904, 2127546.229604493], [444199.87087559904, 2127546.229604493], [444209.87087559904, 2127546.229604493], [444209.87087559904, 2127536.229604493], [444219.87087559904, 2127536.229604493], [444229.87087559904, 2127536.229604493], [444229.87087559904, 2127526.229604493], [444239.87087559904, 2127526.229604493], [444239.87087559904, 2127516.229604493], [444249.87087559904, 2127516.229604493], [444259.87087559904, 2127516.229604493], [444259.87087559904, 2127506.229604493], [444269.87087559904, 2127506.229604493], [444279.87087559904, 2127506.229604493], [444279.87087559904, 2127496.229604493], [444289.87087559904, 2127496.229604493], [444299.87087559904, 2127496.229604493], [444299.87087559904, 2127486.229604493], [444309.87087559904, 2127486.229604493], [444309.87087559904, 2127476.229604493], [444319.87087559904, 2127476.229604493], [444329.87087559904, 2127476.229604493], [444329.87087559904, 2127466.229604493], [444339.87087559904, 2127466.229604493], [444349.87087559904, 2127466.229604493], [444349.87087559904, 2127456.229604493], [444359.87087559904, 2127456.229604493], [444359.87087559904, 2127446.229604493], [444359.87087559904, 2127436.229604493], [444369.87087559904, 2127436.229604493], [444369.87087559904, 2127426.229604493], [444369.87087559904, 2127416.229604493], [444379.87087559904, 2127416.229604493], [444379.87087559904, 2127406.229604493], [444379.87087559904, 2127396.229604493], [444389.87087559904, 2127396.229604493], [444389.87087559904, 2127386.229604493], [444389.87087559904, 2127376.229604493], [444399.87087559904, 2127376.229604493], [444399.87087559904, 2127366.229604493], [444399.87087559904, 2127356.229604493], [444409.87087559904, 2127356.229604493], [444409.87087559904, 2127346.229604493], [444409.87087559904, 2127336.229604493], [444419.87087559904, 2127336.229604493], [444419.87087559904, 2127326.229604493], [444419.87087559904, 2127316.229604493], [444419.87087559904, 2127306.229604493], [444429.87087559904, 2127306.229604493], [444429.87087559904, 2127296.229604493], [444429.87087559904, 2127286.229604493], [444439.87087559904, 2127286.229604493], [444439.87087559904, 2127276.229604493], [444439.87087559904, 2127266.229604493], [444449.87087559904, 2127266.229604493], [444449.87087559904, 2127256.229604493], [444449.87087559904, 2127246.229604493], [444459.87087559904, 2127246.229604493], [444459.87087559904, 2127236.229604493], [444459.87087559904, 2127226.229604493], [444469.87087559904, 2127226.229604493], [444469.87087559904, 2127216.229604493], [444469.87087559904, 2127206.229604493], [444479.87087559904, 2127206.229604493], [444479.87087559904, 2127196.229604493], [444479.87087559904, 2127186.229604493], [444479.87087559904, 2127176.229604493], [444479.87087559904, 2127166.229604493], [444479.87087559904, 2127156.229604493], [444479.87087559904, 2127146.229604493], [444479.87087559904, 2127136.229604493], [444479.87087559904, 2127126.229604493], [444479.87087559904, 2127116.229604493], [444479.87087559904, 2127106.229604493], [444479.87087559904, 2127096.229604493], [444479.87087559904, 2127086.229604493], [444479.87087559904, 2127076.229604493], [444479.87087559904, 2127066.229604493], [444479.87087559904, 2127056.229604493], [444479.87087559904, 2127046.229604493], [444479.87087559904, 2127036.229604493], [444489.87087559904, 2127036.229604493], [444489.87087559904, 2127026.229604493], [444489.87087559904, 2127016.229604493], [444499.87087559904, 2127016.229604493], [444499.87087559904, 2127006.229604493], [444509.87087559904, 2127006.229604493], [444509.87087559904, 2126996.229604493], [444519.87087559904, 2126996.229604493], [444519.87087559904, 2126986.229604493], [444519.87087559904, 2126976.229604493], [444529.87087559904, 2126976.229604493], [444529.87087559904, 2126966.229604493], [444539.87087559904, 2126966.229604493], [444539.87087559904, 2126956.229604493], [444539.87087559904, 2126946.229604493], [444549.87087559904, 2126946.229604493], [444549.87087559904, 2126936.229604493], [444559.87087559904, 2126936.229604493], [444559.87087559904, 2126926.229604493], [444569.87087559904, 2126926.229604493], [444569.87087559904, 2126916.229604493], [444569.87087559904, 2126906.229604493], [444579.87087559904, 2126906.229604493], [444579.87087559904, 2126896.229604493], [444589.87087559904, 2126896.229604493], [444589.87087559904, 2126886.229604493], [444599.87087559904, 2126886.229604493], [444599.87087559904, 2126876.229604493], [444609.87087559904, 2126876.229604493], [444619.87087559904, 2126876.229604493], [444619.87087559904, 2126866.229604493], [444629.87087559904, 2126866.229604493], [444629.87087559904, 2126856.229604493], [444639.87087559904, 2126856.229604493], [444639.87087559904, 2126846.229604493], [444649.87087559904, 2126846.229604493], [444649.87087559904, 2126836.229604493], [444659.87087559904, 2126836.229604493], [444669.87087559904, 2126836.229604493], [444669.87087559904, 2126826.229604493], [444679.87087559904, 2126826.229604493], [444679.87087559904, 2126816.229604493], [444689.87087559904, 2126816.229604493], [444699.87087559904, 2126816.229604493], [444709.87087559904, 2126816.229604493], [444719.87087559904, 2126816.229604493], [444729.87087559904, 2126816.229604493], [444729.87087559904, 2126826.229604493], [444729.87087559904, 2126836.229604493], [444739.87087559904, 2126836.229604493], [444739.87087559904, 2126846.229604493], [444749.87087559904, 2126846.229604493], [444749.87087559904, 2126856.229604493], [444759.87087559904, 2126856.229604493], [444769.87087559904, 2126856.229604493], [444779.87087559904, 2126856.229604493], [444789.87087559904, 2126856.229604493], [444799.87087559904, 2126856.229604493], [444809.87087559904, 2126856.229604493], [444819.87087559904, 2126856.229604493], [444829.87087559904, 2126856.229604493], [444839.87087559904, 2126856.229604493], [444849.87087559904, 2126856.229604493], [444859.87087559904, 2126856.229604493], [444869.87087559904, 2126856.229604493], [444879.87087559904, 2126856.229604493], [444889.87087559904, 2126856.229604493], [444899.87087559904, 2126856.229604493], [444909.87087559904, 2126856.229604493], [444919.87087559904, 2126856.229604493], [444929.87087559904, 2126856.229604493], [444939.87087559904, 2126856.229604493], [444949.87087559904, 2126856.229604493], [444959.87087559904, 2126856.229604493], [444969.87087559904, 2126856.229604493], [444979.87087559904, 2126856.229604493], [444989.87087559904, 2126856.229604493], [444989.87087559904, 2126846.229604493], [444999.87087559904, 2126846.229604493], [444999.87087559904, 2126836.229604493], [445009.87087559904, 2126836.229604493], [445009.87087559904, 2126826.229604493], [445009.87087559904, 2126816.229604493], [445009.87087559904, 2126806.229604493], [445009.87087559904, 2126796.229604493], [445009.87087559904, 2126786.229604493], [445009.87087559904, 2126776.229604493], [445009.87087559904, 2126766.229604493], [445009.87087559904, 2126756.229604493], [445009.87087559904, 2126746.229604493], [445009.87087559904, 2126736.229604493], [445009.87087559904, 2126726.229604493], [445009.87087559904, 2126716.229604493], [445009.87087559904, 2126706.229604493], [445009.87087559904, 2126696.229604493], [445009.87087559904, 2126686.229604493], [445009.87087559904, 2126676.229604493], [445009.87087559904, 2126666.229604493], [445009.87087559904, 2126656.229604493], [445009.87087559904, 2126646.229604493], [445009.87087559904, 2126636.229604493], [445009.87087559904, 2126626.229604493], [445009.87087559904, 2126616.229604493], [445009.87087559904, 2126606.229604493], [445019.87087559904, 2126606.229604493], [445019.87087559904, 2126596.229604493], [445019.87087559904, 2126586.229604493], [445019.87087559904, 2126576.229604493], [445019.87087559904, 2126566.229604493], [445019.87087559904, 2126556.229604493], [445019.87087559904, 2126546.229604493], [445019.87087559904, 2126536.229604493], [445019.87087559904, 2126526.229604493], [445019.87087559904, 2126516.229604493], [445029.87087559904, 2126516.229604493], [445029.87087559904, 2126506.229604493], [445029.87087559904, 2126496.229604493], [445029.87087559904, 2126486.229604493], [445029.87087559904, 2126476.229604493], [445029.87087559904, 2126466.229604493], [445029.87087559904, 2126456.229604493], [445029.87087559904, 2126446.229604493], [445029.87087559904, 2126436.229604493], [445029.87087559904, 2126426.229604493], [445029.87087559904, 2126416.229604493], [445029.87087559904, 2126406.229604493], [445029.87087559904, 2126396.229604493], [445029.87087559904, 2126386.229604493], [445029.87087559904, 2126376.229604493], [445029.87087559904, 2126366.229604493], [445029.87087559904, 2126356.229604493], [445029.87087559904, 2126346.229604493], [445029.87087559904, 2126336.229604493], [445039.87087559904, 2126336.229604493], [445039.87087559904, 2126326.229604493], [445039.87087559904, 2126316.229604493], [445039.87087559904, 2126306.229604493], [445039.87087559904, 2126296.229604493], [445039.87087559904, 2126286.229604493], [445039.87087559904, 2126276.229604493], [445039.87087559904, 2126266.229604493], [445039.87087559904, 2126256.229604493], [445039.87087559904, 2126246.229604493], [445029.87087559904, 2126246.229604493], [445029.87087559904, 2126236.229604493], [445019.87087559904, 2126236.229604493], [445019.87087559904, 2126226.229604493], [445019.87087559904, 2126216.229604493], [445009.87087559904, 2126216.229604493], [445009.87087559904, 2126206.229604493], [444999.87087559904, 2126206.229604493], [444999.87087559904, 2126196.229604493], [444989.87087559904, 2126196.229604493], [444989.87087559904, 2126186.229604493], [444989.87087559904, 2126176.229604493], [444979.87087559904, 2126176.229604493], [444979.87087559904, 2126166.229604493], [444969.87087559904, 2126166.229604493], [444969.87087559904, 2126156.229604493], [444959.87087559904, 2126156.229604493], [444959.87087559904, 2126146.229604493], [444959.87087559904, 2126136.229604493], [444949.87087559904, 2126136.229604493], [444949.87087559904, 2126126.229604493], [444939.87087559904, 2126126.229604493], [444939.87087559904, 2126116.229604493], [444929.87087559904, 2126116.229604493], [444929.87087559904, 2126106.229604493], [444919.87087559904, 2126106.229604493], [444919.87087559904, 2126096.229604493], [444919.87087559904, 2126086.229604493], [444909.87087559904, 2126086.229604493], [444909.87087559904, 2126076.229604493], [444899.87087559904, 2126076.229604493], [444899.87087559904, 2126066.229604493], [444889.87087559904, 2126066.229604493], [444889.87087559904, 2126056.229604493], [444889.87087559904, 2126046.229604493], [444879.87087559904, 2126046.229604493], [444879.87087559904, 2126036.229604493], [444869.87087559904, 2126036.229604493], [444869.87087559904, 2126026.229604493], [444859.87087559904, 2126026.229604493], [444859.87087559904, 2126016.229604493], [444859.87087559904, 2126006.229604493], [444849.87087559904, 2126006.229604493], [444849.87087559904, 2125996.229604493], [444839.87087559904, 2125996.229604493], [444839.87087559904, 2125986.229604493], [444839.87087559904, 2125976.229604493], [444839.87087559904, 2125966.229604493], [444839.87087559904, 2125956.229604493], [444839.87087559904, 2125946.229604493], [444839.87087559904, 2125936.229604493], [444839.87087559904, 2125926.229604493], [444839.87087559904, 2125916.229604493], [444839.87087559904, 2125906.229604493], [444839.87087559904, 2125896.229604493], [444849.87087559904, 2125896.229604493], [444849.87087559904, 2125886.229604493], [444859.87087559904, 2125886.229604493], [444859.87087559904, 2125876.229604493], [444859.87087559904, 2125866.229604493], [444869.87087559904, 2125866.229604493], [444869.87087559904, 2125856.229604493], [444879.87087559904, 2125856.229604493], [444879.87087559904, 2125846.229604493], [444889.87087559904, 2125846.229604493], [444889.87087559904, 2125836.229604493], [444899.87087559904, 2125836.229604493], [444899.87087559904, 2125826.229604493], [444899.87087559904, 2125816.229604493], [444909.87087559904, 2125816.229604493], [444909.87087559904, 2125806.229604493], [444919.87087559904, 2125806.229604493], [444919.87087559904, 2125796.229604493], [444919.87087559904, 2125786.229604493], [444929.87087559904, 2125786.229604493], [444929.87087559904, 2125776.229604493], [444929.87087559904, 2125766.229604493], [444939.87087559904, 2125766.229604493], [444939.87087559904, 2125756.229604493], [444939.87087559904, 2125746.229604493], [444949.87087559904, 2125746.229604493], [444949.87087559904, 2125736.229604493], [444949.87087559904, 2125726.229604493], [444959.87087559904, 2125726.229604493], [444959.87087559904, 2125716.229604493], [444959.87087559904, 2125706.229604493], [444969.87087559904, 2125706.229604493], [444969.87087559904, 2125696.229604493], [444969.87087559904, 2125686.229604493], [444979.87087559904, 2125686.229604493], [444979.87087559904, 2125676.229604493], [444979.87087559904, 2125666.229604493], [444989.87087559904, 2125666.229604493], [444989.87087559904, 2125656.229604493], [444989.87087559904, 2125646.229604493], [444999.87087559904, 2125646.229604493], [444999.87087559904, 2125636.229604493], [444999.87087559904, 2125626.229604493], [445009.87087559904, 2125626.229604493], [445009.87087559904, 2125616.229604493], [445009.87087559904, 2125606.229604493], [445019.87087559904, 2125606.229604493], [445019.87087559904, 2125596.229604493], [445019.87087559904, 2125586.229604493], [445029.87087559904, 2125586.229604493], [445029.87087559904, 2125576.229604493], [445029.87087559904, 2125566.229604493], [445039.87087559904, 2125566.229604493], [445039.87087559904, 2125556.229604493], [445039.87087559904, 2125546.229604493], [445049.87087559904, 2125546.229604493], [445049.87087559904, 2125536.229604493], [445049.87087559904, 2125526.229604493], [445059.87087559904, 2125526.229604493], [445059.87087559904, 2125516.229604493], [445059.87087559904, 2125506.229604493], [445069.87087559904, 2125506.229604493], [445069.87087559904, 2125496.229604493], [445069.87087559904, 2125486.229604493], [445079.87087559904, 2125486.229604493], [445079.87087559904, 2125476.229604493], [445079.87087559904, 2125466.229604493], [445089.87087559904, 2125466.229604493], [445089.87087559904, 2125456.229604493], [445089.87087559904, 2125446.229604493], [445099.87087559904, 2125446.229604493], [445099.87087559904, 2125436.229604493], [445099.87087559904, 2125426.229604493], [445109.87087559904, 2125426.229604493], [445109.87087559904, 2125416.229604493], [445109.87087559904, 2125406.229604493], [445119.87087559904, 2125406.229604493], [445119.87087559904, 2125396.229604493], [445119.87087559904, 2125386.229604493], [445129.87087559904, 2125386.229604493], [445129.87087559904, 2125376.229604493], [445129.87087559904, 2125366.229604493], [445139.87087559904, 2125366.229604493], [445139.87087559904, 2125356.229604493], [445149.87087559904, 2125356.229604493], [445149.87087559904, 2125346.229604493], [445159.87087559904, 2125346.229604493], [445159.87087559904, 2125336.229604493], [445169.87087559904, 2125336.229604493], [445169.87087559904, 2125326.229604493], [445179.87087559904, 2125326.229604493], [445189.87087559904, 2125326.229604493], [445189.87087559904, 2125316.229604493], [445199.87087559904, 2125316.229604493], [445199.87087559904, 2125306.229604493], [445209.87087559904, 2125306.229604493], [445209.87087559904, 2125296.229604493], [445219.87087559904, 2125296.229604493], [445219.87087559904, 2125286.229604493], [445229.87087559904, 2125286.229604493], [445229.87087559904, 2125276.229604493], [445239.87087559904, 2125276.229604493], [445239.87087559904, 2125266.229604493], [445249.87087559904, 2125266.229604493], [445249.87087559904, 2125256.229604493], [445259.87087559904, 2125256.229604493], [445269.87087559904, 2125256.229604493], [445269.87087559904, 2125246.229604493], [445279.87087559904, 2125246.229604493], [445279.87087559904, 2125236.229604493], [445289.87087559904, 2125236.229604493], [445289.87087559904, 2125226.229604493], [445299.87087559904, 2125226.229604493], [445299.87087559904, 2125216.229604493], [445289.87087559904, 2125216.229604493], [445279.87087559904, 2125216.229604493], [445279.87087559904, 2125226.229604493], [445269.87087559904, 2125226.229604493], [445269.87087559904, 2125236.229604493], [445259.87087559904, 2125236.229604493], [445259.87087559904, 2125246.229604493], [445249.87087559904, 2125246.229604493], [445239.87087559904, 2125246.229604493], [445239.87087559904, 2125256.229604493], [445229.87087559904, 2125256.229604493], [445229.87087559904, 2125266.229604493], [445219.87087559904, 2125266.229604493], [445219.87087559904, 2125276.229604493], [445209.87087559904, 2125276.229604493], [445209.87087559904, 2125286.229604493], [445199.87087559904, 2125286.229604493], [445199.87087559904, 2125296.229604493], [445189.87087559904, 2125296.229604493], [445189.87087559904, 2125306.229604493], [445179.87087559904, 2125306.229604493], [445179.87087559904, 2125316.229604493], [445169.87087559904, 2125316.229604493], [445159.87087559904, 2125316.229604493], [445159.87087559904, 2125326.229604493], [445149.87087559904, 2125326.229604493], [445149.87087559904, 2125336.229604493], [445139.87087559904, 2125336.229604493], [445139.87087559904, 2125346.229604493], [445129.87087559904, 2125346.229604493], [445129.87087559904, 2125356.229604493], [445119.87087559904, 2125356.229604493], [445119.87087559904, 2125366.229604493], [445119.87087559904, 2125376.229604493], [445109.87087559904, 2125376.229604493], [445109.87087559904, 2125386.229604493], [445109.87087559904, 2125396.229604493], [445099.87087559904, 2125396.229604493], [445099.87087559904, 2125406.229604493], [445099.87087559904, 2125416.229604493], [445089.87087559904, 2125416.229604493], [445089.87087559904, 2125426.229604493], [445089.87087559904, 2125436.229604493], [445079.87087559904, 2125436.229604493], [445079.87087559904, 2125446.229604493], [445079.87087559904, 2125456.229604493], [445069.87087559904, 2125456.229604493], [445069.87087559904, 2125466.229604493], [445069.87087559904, 2125476.229604493], [445059.87087559904, 2125476.229604493], [445059.87087559904, 2125486.229604493], [445059.87087559904, 2125496.229604493], [445049.87087559904, 2125496.229604493], [445049.87087559904, 2125506.229604493], [445049.87087559904, 2125516.229604493], [445039.87087559904, 2125516.229604493], [445039.87087559904, 2125526.229604493], [445039.87087559904, 2125536.229604493], [445029.87087559904, 2125536.229604493], [445029.87087559904, 2125546.229604493], [445029.87087559904, 2125556.229604493], [445019.87087559904, 2125556.229604493], [445019.87087559904, 2125566.229604493], [445019.87087559904, 2125576.229604493], [445009.87087559904, 2125576.229604493], [445009.87087559904, 2125586.229604493], [445009.87087559904, 2125596.229604493], [444999.87087559904, 2125596.229604493], [444999.87087559904, 2125606.229604493], [444999.87087559904, 2125616.229604493], [444989.87087559904, 2125616.229604493], [444989.87087559904, 2125626.229604493], [444989.87087559904, 2125636.229604493], [444979.87087559904, 2125636.229604493], [444979.87087559904, 2125646.229604493], [444979.87087559904, 2125656.229604493], [444969.87087559904, 2125656.229604493], [444969.87087559904, 2125666.229604493], [444969.87087559904, 2125676.229604493], [444959.87087559904, 2125676.229604493], [444959.87087559904, 2125686.229604493], [444959.87087559904, 2125696.229604493], [444949.87087559904, 2125696.229604493], [444949.87087559904, 2125706.229604493], [444949.87087559904, 2125716.229604493], [444939.87087559904, 2125716.229604493], [444939.87087559904, 2125726.229604493], [444939.87087559904, 2125736.229604493], [444929.87087559904, 2125736.229604493], [444929.87087559904, 2125746.229604493], [444929.87087559904, 2125756.229604493], [444919.87087559904, 2125756.229604493], [444919.87087559904, 2125766.229604493], [444919.87087559904, 2125776.229604493], [444909.87087559904, 2125776.229604493], [444909.87087559904, 2125786.229604493], [444909.87087559904, 2125796.229604493], [444899.87087559904, 2125796.229604493], [444899.87087559904, 2125806.229604493], [444889.87087559904, 2125806.229604493], [444889.87087559904, 2125816.229604493], [444889.87087559904, 2125826.229604493], [444879.87087559904, 2125826.229604493], [444879.87087559904, 2125836.229604493], [444869.87087559904, 2125836.229604493], [444869.87087559904, 2125846.229604493], [444859.87087559904, 2125846.229604493], [444859.87087559904, 2125856.229604493], [444849.87087559904, 2125856.229604493], [444849.87087559904, 2125866.229604493], [444849.87087559904, 2125876.229604493], [444839.87087559904, 2125876.229604493], [444839.87087559904, 2125886.229604493], [444829.87087559904, 2125886.229604493], [444829.87087559904, 2125896.229604493], [444829.87087559904, 2125906.229604493], [444819.87087559904, 2125906.229604493], [444819.87087559904, 2125916.229604493], [444819.87087559904, 2125926.229604493], [444819.87087559904, 2125936.229604493], [444819.87087559904, 2125946.229604493], [444819.87087559904, 2125956.229604493], [444819.87087559904, 2125966.229604493], [444819.87087559904, 2125976.229604493], [444819.87087559904, 2125986.229604493], [444829.87087559904, 2125986.229604493], [444829.87087559904, 2125996.229604493], [444829.87087559904, 2126006.229604493], [444839.87087559904, 2126006.229604493], [444839.87087559904, 2126016.229604493], [444849.87087559904, 2126016.229604493], [444849.87087559904, 2126026.229604493], [444849.87087559904, 2126036.229604493], [444859.87087559904, 2126036.229604493], [444859.87087559904, 2126046.229604493], [444869.87087559904, 2126046.229604493], [444869.87087559904, 2126056.229604493], [444879.87087559904, 2126056.229604493], [444879.87087559904, 2126066.229604493], [444879.87087559904, 2126076.229604493], [444889.87087559904, 2126076.229604493], [444889.87087559904, 2126086.229604493], [444899.87087559904, 2126086.229604493], [444899.87087559904, 2126096.229604493], [444909.87087559904, 2126096.229604493], [444909.87087559904, 2126106.229604493], [444909.87087559904, 2126116.229604493], [444919.87087559904, 2126116.229604493], [444919.87087559904, 2126126.229604493], [444929.87087559904, 2126126.229604493], [444929.87087559904, 2126136.229604493], [444939.87087559904, 2126136.229604493], [444939.87087559904, 2126146.229604493], [444949.87087559904, 2126146.229604493], [444949.87087559904, 2126156.229604493], [444949.87087559904, 2126166.229604493], [444959.87087559904, 2126166.229604493], [444959.87087559904, 2126176.229604493], [444969.87087559904, 2126176.229604493], [444969.87087559904, 2126186.229604493], [444979.87087559904, 2126186.229604493], [444979.87087559904, 2126196.229604493], [444979.87087559904, 2126206.229604493], [444989.87087559904, 2126206.229604493], [444989.87087559904, 2126216.229604493], [444999.87087559904, 2126216.229604493], [444999.87087559904, 2126226.229604493], [445009.87087559904, 2126226.229604493], [445009.87087559904, 2126236.229604493], [445009.87087559904, 2126246.229604493], [445019.87087559904, 2126246.229604493], [445019.87087559904, 2126256.229604493], [445019.87087559904, 2126266.229604493], [445019.87087559904, 2126276.229604493], [445019.87087559904, 2126286.229604493], [445019.87087559904, 2126296.229604493], [445019.87087559904, 2126306.229604493], [445019.87087559904, 2126316.229604493], [445019.87087559904, 2126326.229604493], [445019.87087559904, 2126336.229604493], [445019.87087559904, 2126346.229604493], [445009.87087559904, 2126346.229604493], [445009.87087559904, 2126356.229604493], [445009.87087559904, 2126366.229604493], [445009.87087559904, 2126376.229604493], [445009.87087559904, 2126386.229604493], [445009.87087559904, 2126396.229604493], [445009.87087559904, 2126406.229604493], [445009.87087559904, 2126416.229604493], [445009.87087559904, 2126426.229604493], [445009.87087559904, 2126436.229604493], [445009.87087559904, 2126446.229604493], [445009.87087559904, 2126456.229604493], [445009.87087559904, 2126466.229604493], [445009.87087559904, 2126476.229604493], [445009.87087559904, 2126486.229604493], [445009.87087559904, 2126496.229604493], [445009.87087559904, 2126506.229604493], [445009.87087559904, 2126516.229604493], [445009.87087559904, 2126526.229604493], [444999.87087559904, 2126526.229604493], [444999.87087559904, 2126536.229604493], [444999.87087559904, 2126546.229604493], [444999.87087559904, 2126556.229604493], [444999.87087559904, 2126566.229604493], [444999.87087559904, 2126576.229604493], [444999.87087559904, 2126586.229604493], [444999.87087559904, 2126596.229604493], [444999.87087559904, 2126606.229604493], [444999.87087559904, 2126616.229604493], [444989.87087559904, 2126616.229604493], [444989.87087559904, 2126626.229604493], [444989.87087559904, 2126636.229604493], [444989.87087559904, 2126646.229604493], [444989.87087559904, 2126656.229604493], [444989.87087559904, 2126666.229604493], [444989.87087559904, 2126676.229604493], [444989.87087559904, 2126686.229604493], [444989.87087559904, 2126696.229604493], [444989.87087559904, 2126706.229604493], [444989.87087559904, 2126716.229604493], [444989.87087559904, 2126726.229604493], [444989.87087559904, 2126736.229604493], [444989.87087559904, 2126746.229604493], [444989.87087559904, 2126756.229604493], [444989.87087559904, 2126766.229604493], [444989.87087559904, 2126776.229604493], [444989.87087559904, 2126786.229604493], [444989.87087559904, 2126796.229604493], [444989.87087559904, 2126806.229604493], [444989.87087559904, 2126816.229604493], [444989.87087559904, 2126826.229604493], [444989.87087559904, 2126836.229604493], [444979.87087559904, 2126836.229604493], [444969.87087559904, 2126836.229604493], [444959.87087559904, 2126836.229604493], [444949.87087559904, 2126836.229604493], [444939.87087559904, 2126836.229604493], [444929.87087559904, 2126836.229604493], [444919.87087559904, 2126836.229604493], [444909.87087559904, 2126836.229604493], [444899.87087559904, 2126836.229604493], [444889.87087559904, 2126836.229604493], [444879.87087559904, 2126836.229604493], [444869.87087559904, 2126836.229604493], [444859.87087559904, 2126836.229604493], [444849.87087559904, 2126836.229604493], [444839.87087559904, 2126836.229604493], [444829.87087559904, 2126836.229604493], [444819.87087559904, 2126836.229604493], [444809.87087559904, 2126836.229604493], [444799.87087559904, 2126836.229604493], [444789.87087559904, 2126836.229604493], [444779.87087559904, 2126836.229604493], [444769.87087559904, 2126836.229604493], [444759.87087559904, 2126836.229604493], [444749.87087559904, 2126836.229604493], [444749.87087559904, 2126826.229604493], [444739.87087559904, 2126826.229604493], [444739.87087559904, 2126816.229604493], [444739.87087559904, 2126806.229604493], [444729.87087559904, 2126806.229604493], [444719.87087559904, 2126806.229604493], [444719.87087559904, 2126796.229604493], [444709.87087559904, 2126796.229604493], [444699.87087559904, 2126796.229604493], [444689.87087559904, 2126796.229604493], [444689.87087559904, 2126806.229604493], [444679.87087559904, 2126806.229604493], [444669.87087559904, 2126806.229604493], [444669.87087559904, 2126816.229604493], [444659.87087559904, 2126816.229604493], [444659.87087559904, 2126826.229604493], [444649.87087559904, 2126826.229604493], [444639.87087559904, 2126826.229604493], [444639.87087559904, 2126836.229604493], [444629.87087559904, 2126836.229604493], [444629.87087559904, 2126846.229604493], [444619.87087559904, 2126846.229604493], [444619.87087559904, 2126856.229604493], [444609.87087559904, 2126856.229604493], [444609.87087559904, 2126866.229604493], [444599.87087559904, 2126866.229604493], [444589.87087559904, 2126866.229604493], [444589.87087559904, 2126876.229604493], [444579.87087559904, 2126876.229604493], [444579.87087559904, 2126886.229604493], [444569.87087559904, 2126886.229604493], [444569.87087559904, 2126896.229604493], [444559.87087559904, 2126896.229604493], [444559.87087559904, 2126906.229604493], [444559.87087559904, 2126916.229604493], [444549.87087559904, 2126916.229604493], [444549.87087559904, 2126926.229604493], [444539.87087559904, 2126926.229604493], [444539.87087559904, 2126936.229604493], [444529.87087559904, 2126936.229604493], [444529.87087559904, 2126946.229604493], [444529.87087559904, 2126956.229604493], [444519.87087559904, 2126956.229604493], [444519.87087559904, 2126966.229604493], [444509.87087559904, 2126966.229604493], [444509.87087559904, 2126976.229604493], [444509.87087559904, 2126986.229604493], [444499.87087559904, 2126986.229604493], [444499.87087559904, 2126996.229604493], [444489.87087559904, 2126996.229604493], [444489.87087559904, 2127006.229604493], [444479.87087559904, 2127006.229604493], [444479.87087559904, 2127016.229604493], [444479.87087559904, 2127026.229604493], [444469.87087559904, 2127026.229604493], [444469.87087559904, 2127036.229604493], [444469.87087559904, 2127046.229604493], [444459.87087559904, 2127046.229604493], [444459.87087559904, 2127056.229604493], [444459.87087559904, 2127066.229604493], [444459.87087559904, 2127076.229604493], [444459.87087559904, 2127086.229604493], [444459.87087559904, 2127096.229604493], [444459.87087559904, 2127106.229604493], [444459.87087559904, 2127116.229604493], [444459.87087559904, 2127126.229604493], [444459.87087559904, 2127136.229604493], [444459.87087559904, 2127146.229604493], [444459.87087559904, 2127156.229604493], [444459.87087559904, 2127166.229604493], [444459.87087559904, 2127176.229604493], [444459.87087559904, 2127186.229604493], [444459.87087559904, 2127196.229604493], [444459.87087559904, 2127206.229604493], [444459.87087559904, 2127216.229604493], [444449.87087559904, 2127216.229604493], [444449.87087559904, 2127226.229604493], [444449.87087559904, 2127236.229604493], [444439.87087559904, 2127236.229604493], [444439.87087559904, 2127246.229604493], [444439.87087559904, 2127256.229604493], [444429.87087559904, 2127256.229604493], [444429.87087559904, 2127266.229604493], [444429.87087559904, 2127276.229604493], [444419.87087559904, 2127276.229604493], [444419.87087559904, 2127286.229604493], [444419.87087559904, 2127296.229604493], [444409.87087559904, 2127296.229604493], [444409.87087559904, 2127306.229604493], [444409.87087559904, 2127316.229604493], [444399.87087559904, 2127316.229604493], [444399.87087559904, 2127326.229604493], [444399.87087559904, 2127336.229604493], [444399.87087559904, 2127346.229604493], [444389.87087559904, 2127346.229604493], [444389.87087559904, 2127356.229604493], [444389.87087559904, 2127366.229604493], [444379.87087559904, 2127366.229604493], [444379.87087559904, 2127376.229604493], [444379.87087559904, 2127386.229604493], [444369.87087559904, 2127386.229604493], [444369.87087559904, 2127396.229604493], [444369.87087559904, 2127406.229604493], [444359.87087559904, 2127406.229604493], [444359.87087559904, 2127416.229604493], [444359.87087559904, 2127426.229604493], [444349.87087559904, 2127426.229604493], [444349.87087559904, 2127436.229604493], [444349.87087559904, 2127446.229604493], [444339.87087559904, 2127446.229604493], [444339.87087559904, 2127456.229604493], [444329.87087559904, 2127456.229604493], [444319.87087559904, 2127456.229604493], [444319.87087559904, 2127466.229604493], [444309.87087559904, 2127466.229604493], [444299.87087559904, 2127466.229604493], [444299.87087559904, 2127476.229604493], [444289.87087559904, 2127476.229604493], [444289.87087559904, 2127486.229604493], [444279.87087559904, 2127486.229604493], [444269.87087559904, 2127486.229604493], [444269.87087559904, 2127496.229604493], [444259.87087559904, 2127496.229604493], [444249.87087559904, 2127496.229604493], [444249.87087559904, 2127506.229604493], [444239.87087559904, 2127506.229604493], [444229.87087559904, 2127506.229604493], [444229.87087559904, 2127516.229604493], [444219.87087559904, 2127516.229604493], [444219.87087559904, 2127526.229604493], [444209.87087559904, 2127526.229604493], [444199.87087559904, 2127526.229604493], [444199.87087559904, 2127536.229604493], [444189.87087559904, 2127536.229604493], [444179.87087559904, 2127536.229604493], [444179.87087559904, 2127546.229604493], [444169.87087559904, 2127546.229604493], [444169.87087559904, 2127556.229604493], [444169.87087559904, 2127566.229604493], [444159.87087559904, 2127566.229604493], [444159.87087559904, 2127576.229604493], [444159.87087559904, 2127586.229604493], [444159.87087559904, 2127596.229604493], [444159.87087559904, 2127606.229604493], [444159.87087559904, 2127616.229604493], [444159.87087559904, 2127626.229604493], [444159.87087559904, 2127636.229604493], [444159.87087559904, 2127646.229604493], [444159.87087559904, 2127656.229604493], [444159.87087559904, 2127666.229604493], [444159.87087559904, 2127676.229604493], [444149.87087559904, 2127676.229604493], [444149.87087559904, 2127686.229604493], [444149.87087559904, 2127696.229604493], [444139.87087559904, 2127696.229604493], [444139.87087559904, 2127706.229604493], [444129.87087559904, 2127706.229604493], [444129.87087559904, 2127716.229604493], [444129.87087559904, 2127726.229604493], [444119.87087559904, 2127726.229604493], [444119.87087559904, 2127736.229604493], [444119.87087559904, 2127746.229604493], [444119.87087559904, 2127756.229604493], [444119.87087559904, 2127766.229604493], [444119.87087559904, 2127776.229604493], [444109.87087559904, 2127776.229604493], [444109.87087559904, 2127786.229604493], [444099.87087559904, 2127786.229604493], [444089.87087559904, 2127786.229604493], [444089.87087559904, 2127796.229604493], [444079.87087559904, 2127796.229604493], [444079.87087559904, 2127806.229604493], [444069.87087559904, 2127806.229604493], [444069.87087559904, 2127816.229604493], [444069.87087559904, 2127826.229604493], [444059.87087559904, 2127826.229604493], [444059.87087559904, 2127836.229604493], [444049.87087559904, 2127836.229604493], [444049.87087559904, 2127846.229604493], [444039.87087559904, 2127846.229604493], [444039.87087559904, 2127856.229604493], [444039.87087559904, 2127866.229604493], [444029.87087559904, 2127866.229604493], [444029.87087559904, 2127876.229604493], [444029.87087559904, 2127886.229604493], [444019.87087559904, 2127886.229604493], [444019.87087559904, 2127896.229604493], [444019.87087559904, 2127906.229604493], [444019.87087559904, 2127916.229604493], [444019.87087559904, 2127926.229604493], [444019.87087559904, 2127936.229604493], [444019.87087559904, 2127946.229604493], [444009.87087559904, 2127946.229604493], [444009.87087559904, 2127956.229604493], [444009.87087559904, 2127966.229604493], [444009.87087559904, 2127976.229604493], [444009.87087559904, 2127986.229604493], [444009.87087559904, 2127996.229604493], [444009.87087559904, 2128006.229604493], [444009.87087559904, 2128016.229604493], [444009.87087559904, 2128026.229604493], [443999.87087559904, 2128026.229604493], [443999.87087559904, 2128036.229604493], [443999.87087559904, 2128046.229604493], [443999.87087559904, 2128056.229604493], [443999.87087559904, 2128066.229604493], [443989.87087559904, 2128066.229604493], [443989.87087559904, 2128076.229604493], [443989.87087559904, 2128086.229604493], [443979.87087559904, 2128086.229604493], [443979.87087559904, 2128096.229604493], [443969.87087559904, 2128096.229604493], [443969.87087559904, 2128106.229604493], [443959.87087559904, 2128106.229604493], [443959.87087559904, 2128116.229604493], [443959.87087559904, 2128126.229604493], [443949.87087559904, 2128126.229604493], [443949.87087559904, 2128136.229604493], [443949.87087559904, 2128146.229604493], [443939.87087559904, 2128146.229604493], [443939.87087559904, 2128156.229604493], [443939.87087559904, 2128166.229604493], [443939.87087559904, 2128176.229604493], [443939.87087559904, 2128186.229604493], [443939.87087559904, 2128196.229604493], [443939.87087559904, 2128206.229604493], [443939.87087559904, 2128216.229604493], [443939.87087559904, 2128226.229604493], [443939.87087559904, 2128236.229604493], [443939.87087559904, 2128246.229604493], [443939.87087559904, 2128256.229604493], [443929.87087559904, 2128256.229604493], [443929.87087559904, 2128266.229604493], [443929.87087559904, 2128276.229604493], [443919.87087559904, 2128276.229604493], [443919.87087559904, 2128286.229604493], [443919.87087559904, 2128296.229604493], [443909.87087559904, 2128296.229604493], [443909.87087559904, 2128306.229604493], [443909.87087559904, 2128316.229604493], [443899.87087559904, 2128316.229604493], [443899.87087559904, 2128326.229604493], [443899.87087559904, 2128336.229604493], [443889.87087559904, 2128336.229604493], [443889.87087559904, 2128346.229604493], [443889.87087559904, 2128356.229604493], [443879.87087559904, 2128356.229604493], [443879.87087559904, 2128366.229604493], [443869.87087559904, 2128366.229604493], [443869.87087559904, 2128376.229604493], [443859.87087559904, 2128376.229604493], [443859.87087559904, 2128386.229604493], [443849.87087559904, 2128386.229604493], [443849.87087559904, 2128396.229604493], [443839.87087559904, 2128396.229604493], [443829.87087559904, 2128396.229604493], [443829.87087559904, 2128406.229604493], [443819.87087559904, 2128406.229604493], [443819.87087559904, 2128416.229604493], [443809.87087559904, 2128416.229604493], [443809.87087559904, 2128426.229604493], [443799.87087559904, 2128426.229604493], [443799.87087559904, 2128436.229604493], [443789.87087559904, 2128436.229604493], [443789.87087559904, 2128446.229604493], [443779.87087559904, 2128446.229604493], [443779.87087559904, 2128456.229604493], [443769.87087559904, 2128456.229604493], [443769.87087559904, 2128466.229604493], [443759.87087559904, 2128466.229604493], [443759.87087559904, 2128476.229604493], [443749.87087559904, 2128476.229604493], [443749.87087559904, 2128486.229604493], [443739.87087559904, 2128486.229604493], [443729.87087559904, 2128486.229604493], [443729.87087559904, 2128496.229604493], [443719.87087559904, 2128496.229604493], [443719.87087559904, 2128506.229604493], [443709.87087559904, 2128506.229604493], [443709.87087559904, 2128516.229604493], [443699.87087559904, 2128516.229604493], [443699.87087559904, 2128526.229604493], [443689.87087559904, 2128526.229604493], [443689.87087559904, 2128536.229604493], [443679.87087559904, 2128536.229604493], [443679.87087559904, 2128546.229604493], [443669.87087559904, 2128546.229604493], [443669.87087559904, 2128556.229604493], [443659.87087559904, 2128556.229604493], [443659.87087559904, 2128566.229604493], [443649.87087559904, 2128566.229604493], [443639.87087559904, 2128566.229604493], [443639.87087559904, 2128576.229604493], [443629.87087559904, 2128576.229604493], [443629.87087559904, 2128586.229604493], [443619.87087559904, 2128586.229604493], [443619.87087559904, 2128596.229604493], [443609.87087559904, 2128596.229604493], [443599.87087559904, 2128596.229604493], [443589.87087559904, 2128596.229604493], [443579.87087559904, 2128596.229604493], [443569.87087559904, 2128596.229604493], [443559.87087559904, 2128596.229604493], [443549.87087559904, 2128596.229604493], [443539.87087559904, 2128596.229604493], [443529.87087559904, 2128596.229604493], [443519.87087559904, 2128596.229604493], [443509.87087559904, 2128596.229604493], [443499.87087559904, 2128596.229604493], [443489.87087559904, 2128596.229604493], [443479.87087559904, 2128596.229604493], [443469.87087559904, 2128596.229604493], [443459.87087559904, 2128596.229604493], [443449.87087559904, 2128596.229604493], [443439.87087559904, 2128596.229604493], [443429.87087559904, 2128596.229604493], [443419.87087559904, 2128596.229604493], [443409.87087559904, 2128596.229604493], [443409.87087559904, 2128606.229604493], [443399.87087559904, 2128606.229604493], [443389.87087559904, 2128606.229604493], [443389.87087559904, 2128616.229604493], [443379.87087559904, 2128616.229604493], [443369.87087559904, 2128616.229604493], [443359.87087559904, 2128616.229604493], [443359.87087559904, 2128626.229604493], [443349.87087559904, 2128626.229604493], [443339.87087559904, 2128626.229604493], [443339.87087559904, 2128636.229604493], [443329.87087559904, 2128636.229604493], [443319.87087559904, 2128636.229604493], [443309.87087559904, 2128636.229604493], [443299.87087559904, 2128636.229604493], [443289.87087559904, 2128636.229604493], [443279.87087559904, 2128636.229604493], [443269.87087559904, 2128636.229604493], [443259.87087559904, 2128636.229604493], [443249.87087559904, 2128636.229604493], [443249.87087559904, 2128626.229604493], [443239.87087559904, 2128626.229604493], [443229.87087559904, 2128626.229604493], [443219.87087559904, 2128626.229604493], [443209.87087559904, 2128626.229604493], [443199.87087559904, 2128626.229604493], [443189.87087559904, 2128626.229604493], [443179.87087559904, 2128626.229604493], [443169.87087559904, 2128626.229604493], [443159.87087559904, 2128626.229604493], [443149.87087559904, 2128626.229604493], [443139.87087559904, 2128626.229604493], [443139.87087559904, 2128616.229604493], [443129.87087559904, 2128616.229604493], [443119.87087559904, 2128616.229604493], [443109.87087559904, 2128616.229604493], [443099.87087559904, 2128616.229604493], [443089.87087559904, 2128616.229604493], [443089.87087559904, 2128606.229604493], [443079.87087559904, 2128606.229604493], [443079.87087559904, 2128596.229604493], [443069.87087559904, 2128596.229604493], [443069.87087559904, 2128586.229604493], [443059.87087559904, 2128586.229604493], [443059.87087559904, 2128576.229604493], [443049.87087559904, 2128576.229604493], [443049.87087559904, 2128566.229604493], [443049.87087559904, 2128556.229604493], [443039.87087559904, 2128556.229604493], [443039.87087559904, 2128546.229604493], [443029.87087559904, 2128546.229604493], [443029.87087559904, 2128536.229604493], [443019.87087559904, 2128536.229604493], [443019.87087559904, 2128526.229604493], [443009.87087559904, 2128526.229604493], [443009.87087559904, 2128516.229604493], [442999.87087559904, 2128516.229604493], [442999.87087559904, 2128506.229604493], [442989.87087559904, 2128506.229604493], [442989.87087559904, 2128496.229604493], [442979.87087559904, 2128496.229604493], [442979.87087559904, 2128486.229604493], [442969.87087559904, 2128486.229604493], [442969.87087559904, 2128476.229604493], [442959.87087559904, 2128476.229604493], [442959.87087559904, 2128466.229604493], [442959.87087559904, 2128456.229604493], [442949.87087559904, 2128456.229604493], [442949.87087559904, 2128446.229604493], [442939.87087559904, 2128446.229604493], [442939.87087559904, 2128436.229604493], [442929.87087559904, 2128436.229604493], [442929.87087559904, 2128426.229604493], [442919.87087559904, 2128426.229604493], [442919.87087559904, 2128416.229604493], [442909.87087559904, 2128416.229604493], [442909.87087559904, 2128406.229604493], [442899.87087559904, 2128406.229604493], [442899.87087559904, 2128396.229604493], [442899.87087559904, 2128386.229604493], [442889.87087559904, 2128386.229604493], [442889.87087559904, 2128376.229604493], [442889.87087559904, 2128366.229604493], [442879.87087559904, 2128366.229604493], [442879.87087559904, 2128356.229604493], [442879.87087559904, 2128346.229604493], [442869.87087559904, 2128346.229604493], [442869.87087559904, 2128336.229604493], [442859.87087559904, 2128336.229604493], [442859.87087559904, 2128326.229604493], [442859.87087559904, 2128316.229604493], [442849.87087559904, 2128316.229604493], [442849.87087559904, 2128306.229604493], [442849.87087559904, 2128296.229604493], [442839.87087559904, 2128296.229604493], [442839.87087559904, 2128286.229604493], [442839.87087559904, 2128276.229604493], [442829.87087559904, 2128276.229604493], [442829.87087559904, 2128266.229604493], [442819.87087559904, 2128266.229604493], [442809.87087559904, 2128266.229604493], [442809.87087559904, 2128256.229604493], [442799.87087559904, 2128256.229604493], [442789.87087559904, 2128256.229604493], [442779.87087559904, 2128256.229604493], [442769.87087559904, 2128256.229604493], [442769.87087559904, 2128246.229604493], [442759.87087559904, 2128246.229604493], [442749.87087559904, 2128246.229604493], [442739.87087559904, 2128246.229604493], [442729.87087559904, 2128246.229604493], [442719.87087559904, 2128246.229604493], [442709.87087559904, 2128246.229604493], [442709.87087559904, 2128236.229604493], [442699.87087559904, 2128236.229604493], [442689.87087559904, 2128236.229604493], [442689.87087559904, 2128226.229604493], [442679.87087559904, 2128226.229604493], [442679.87087559904, 2128216.229604493], [442669.87087559904, 2128216.229604493], [442669.87087559904, 2128206.229604493], [442659.87087559904, 2128206.229604493], [442659.87087559904, 2128196.229604493], [442649.87087559904, 2128196.229604493], [442649.87087559904, 2128186.229604493], [442639.87087559904, 2128186.229604493], [442639.87087559904, 2128176.229604493], [442629.87087559904, 2128176.229604493], [442629.87087559904, 2128166.229604493], [442619.87087559904, 2128166.229604493], [442619.87087559904, 2128156.229604493], [442609.87087559904, 2128156.229604493], [442609.87087559904, 2128146.229604493], [442599.87087559904, 2128146.229604493], [442599.87087559904, 2128136.229604493], [442599.87087559904, 2128126.229604493], [442589.87087559904, 2128126.229604493], [442589.87087559904, 2128116.229604493], [442589.87087559904, 2128106.229604493], [442579.87087559904, 2128106.229604493], [442579.87087559904, 2128096.229604493], [442579.87087559904, 2128086.229604493], [442569.87087559904, 2128086.229604493], [442569.87087559904, 2128076.229604493], [442569.87087559904, 2128066.229604493], [442559.87087559904, 2128066.229604493], [442559.87087559904, 2128056.229604493], [442559.87087559904, 2128046.229604493], [442549.87087559904, 2128046.229604493], [442549.87087559904, 2128036.229604493], [442549.87087559904, 2128026.229604493], [442539.87087559904, 2128026.229604493], [442539.87087559904, 2128016.229604493], [442539.87087559904, 2128006.229604493], [442529.87087559904, 2128006.229604493], [442529.87087559904, 2127996.229604493], [442529.87087559904, 2127986.229604493], [442519.87087559904, 2127986.229604493], [442519.87087559904, 2127976.229604493], [442519.87087559904, 2127966.229604493], [442509.87087559904, 2127966.229604493], [442509.87087559904, 2127956.229604493], [442509.87087559904, 2127946.229604493], [442499.87087559904, 2127946.229604493], [442499.87087559904, 2127936.229604493], [442499.87087559904, 2127926.229604493], [442489.87087559904, 2127926.229604493], [442489.87087559904, 2127916.229604493], [442489.87087559904, 2127906.229604493], [442479.87087559904, 2127906.229604493], [442469.87087559904, 2127906.229604493], [442469.87087559904, 2127896.229604493], [442459.87087559904, 2127896.229604493], [442449.87087559904, 2127896.229604493], [442449.87087559904, 2127886.229604493], [442449.87087559904, 2127876.229604493], [442439.87087559904, 2127876.229604493], [442439.87087559904, 2127866.229604493], [442439.87087559904, 2127856.229604493], [442429.87087559904, 2127856.229604493], [442429.87087559904, 2127846.229604493], [442419.87087559904, 2127846.229604493], [442409.87087559904, 2127846.229604493], [442409.87087559904, 2127836.229604493], [442399.87087559904, 2127836.229604493], [442389.87087559904, 2127836.229604493], [442389.87087559904, 2127826.229604493], [442379.87087559904, 2127826.229604493], [442369.87087559904, 2127826.229604493], [442369.87087559904, 2127816.229604493], [442359.87087559904, 2127816.229604493], [442349.87087559904, 2127816.229604493], [442349.87087559904, 2127806.229604493], [442339.87087559904, 2127806.229604493], [442329.87087559904, 2127806.229604493], [442329.87087559904, 2127796.229604493], [442329.87087559904, 2127786.229604493], [442329.87087559904, 2127776.229604493], [442329.87087559904, 2127766.229604493], [442319.87087559904, 2127766.229604493], [442319.87087559904, 2127756.229604493], [442319.87087559904, 2127746.229604493], [442319.87087559904, 2127736.229604493], [442309.87087559904, 2127736.229604493], [442309.87087559904, 2127726.229604493], [442309.87087559904, 2127716.229604493], [442309.87087559904, 2127706.229604493], [442309.87087559904, 2127696.229604493], [442299.87087559904, 2127696.229604493], [442299.87087559904, 2127686.229604493], [442299.87087559904, 2127676.229604493], [442299.87087559904, 2127666.229604493], [442299.87087559904, 2127656.229604493], [442289.87087559904, 2127656.229604493], [442289.87087559904, 2127646.229604493], [442289.87087559904, 2127636.229604493], [442279.87087559904, 2127636.229604493], [442279.87087559904, 2127626.229604493], [442279.87087559904, 2127616.229604493], [442269.87087559904, 2127616.229604493], [442269.87087559904, 2127606.229604493], [442259.87087559904, 2127606.229604493], [442249.87087559904, 2127606.229604493], [442249.87087559904, 2127596.229604493], [442239.87087559904, 2127596.229604493], [442239.87087559904, 2127586.229604493], [442239.87087559904, 2127576.229604493], [442229.87087559904, 2127576.229604493], [442229.87087559904, 2127566.229604493], [442229.87087559904, 2127556.229604493], [442229.87087559904, 2127546.229604493], [442229.87087559904, 2127536.229604493], [442219.87087559904, 2127536.229604493], [442219.87087559904, 2127526.229604493], [442219.87087559904, 2127516.229604493], [442209.87087559904, 2127516.229604493], [442209.87087559904, 2127506.229604493], [442199.87087559904, 2127506.229604493], [442199.87087559904, 2127496.229604493], [442189.87087559904, 2127496.229604493], [442179.87087559904, 2127496.229604493], [442179.87087559904, 2127486.229604493], [442169.87087559904, 2127486.229604493], [442159.87087559904, 2127486.229604493], [442159.87087559904, 2127476.229604493], [442159.87087559904, 2127466.229604493], [442149.87087559904, 2127466.229604493], [442149.87087559904, 2127456.229604493], [442149.87087559904, 2127446.229604493], [442149.87087559904, 2127436.229604493], [442149.87087559904, 2127426.229604493], [442149.87087559904, 2127416.229604493], [442149.87087559904, 2127406.229604493], [442149.87087559904, 2127396.229604493], [442149.87087559904, 2127386.229604493], [442149.87087559904, 2127376.229604493], [442149.87087559904, 2127366.229604493], [442149.87087559904, 2127356.229604493], [442149.87087559904, 2127346.229604493], [442149.87087559904, 2127336.229604493], [442149.87087559904, 2127326.229604493], [442149.87087559904, 2127316.229604493], [442149.87087559904, 2127306.229604493], [442149.87087559904, 2127296.229604493], [442149.87087559904, 2127286.229604493], [442149.87087559904, 2127276.229604493], [442149.87087559904, 2127266.229604493], [442149.87087559904, 2127256.229604493], [442149.87087559904, 2127246.229604493], [442149.87087559904, 2127236.229604493], [442149.87087559904, 2127226.229604493], [442149.87087559904, 2127216.229604493], [442149.87087559904, 2127206.229604493], [442149.87087559904, 2127196.229604493], [442149.87087559904, 2127186.229604493], [442149.87087559904, 2127176.229604493], [442149.87087559904, 2127166.229604493], [442149.87087559904, 2127156.229604493], [442159.87087559904, 2127156.229604493], [442159.87087559904, 2127146.229604493], [442169.87087559904, 2127146.229604493], [442169.87087559904, 2127136.229604493], [442169.87087559904, 2127126.229604493], [442179.87087559904, 2127126.229604493], [442179.87087559904, 2127116.229604493], [442179.87087559904, 2127106.229604493], [442189.87087559904, 2127106.229604493], [442189.87087559904, 2127096.229604493], [442189.87087559904, 2127086.229604493], [442189.87087559904, 2127076.229604493], [442199.87087559904, 2127076.229604493], [442199.87087559904, 2127066.229604493], [442199.87087559904, 2127056.229604493], [442209.87087559904, 2127056.229604493], [442209.87087559904, 2127046.229604493], [442209.87087559904, 2127036.229604493], [442209.87087559904, 2127026.229604493], [442219.87087559904, 2127026.229604493], [442219.87087559904, 2127016.229604493], [442219.87087559904, 2127006.229604493], [442219.87087559904, 2126996.229604493], [442229.87087559904, 2126996.229604493], [442229.87087559904, 2126986.229604493], [442239.87087559904, 2126986.229604493], [442249.87087559904, 2126986.229604493], [442249.87087559904, 2126976.229604493], [442249.87087559904, 2126966.229604493], [442259.87087559904, 2126966.229604493], [442259.87087559904, 2126956.229604493], [442259.87087559904, 2126946.229604493], [442259.87087559904, 2126936.229604493], [442259.87087559904, 2126926.229604493], [442259.87087559904, 2126916.229604493], [442259.87087559904, 2126906.229604493], [442259.87087559904, 2126896.229604493], [442259.87087559904, 2126886.229604493], [442259.87087559904, 2126876.229604493], [442259.87087559904, 2126866.229604493], [442259.87087559904, 2126856.229604493], [442259.87087559904, 2126846.229604493], [442259.87087559904, 2126836.229604493], [442259.87087559904, 2126826.229604493], [442259.87087559904, 2126816.229604493], [442259.87087559904, 2126806.229604493], [442259.87087559904, 2126796.229604493], [442259.87087559904, 2126786.229604493], [442259.87087559904, 2126776.229604493], [442259.87087559904, 2126766.229604493], [442259.87087559904, 2126756.229604493], [442259.87087559904, 2126746.229604493], [442259.87087559904, 2126736.229604493], [442259.87087559904, 2126726.229604493], [442259.87087559904, 2126716.229604493], [442259.87087559904, 2126706.229604493], [442259.87087559904, 2126696.229604493], [442259.87087559904, 2126686.229604493], [442259.87087559904, 2126676.229604493], [442259.87087559904, 2126666.229604493], [442259.87087559904, 2126656.229604493], [442259.87087559904, 2126646.229604493], [442259.87087559904, 2126636.229604493], [442259.87087559904, 2126626.229604493], [442259.87087559904, 2126616.229604493], [442259.87087559904, 2126606.229604493], [442249.87087559904, 2126606.229604493], [442249.87087559904, 2126596.229604493], [442249.87087559904, 2126586.229604493], [442249.87087559904, 2126576.229604493], [442239.87087559904, 2126576.229604493], [442239.87087559904, 2126566.229604493], [442239.87087559904, 2126556.229604493], [442229.87087559904, 2126556.229604493], [442229.87087559904, 2126546.229604493], [442229.87087559904, 2126536.229604493], [442219.87087559904, 2126536.229604493], [442219.87087559904, 2126526.229604493], [442209.87087559904, 2126526.229604493], [442209.87087559904, 2126516.229604493], [442199.87087559904, 2126516.229604493], [442189.87087559904, 2126516.229604493], [442189.87087559904, 2126506.229604493], [442179.87087559904, 2126506.229604493], [442179.87087559904, 2126496.229604493], [442169.87087559904, 2126496.229604493], [442169.87087559904, 2126486.229604493], [442159.87087559904, 2126486.229604493], [442159.87087559904, 2126476.229604493], [442149.87087559904, 2126476.229604493], [442149.87087559904, 2126466.229604493], [442139.87087559904, 2126466.229604493], [442139.87087559904, 2126456.229604493], [442129.87087559904, 2126456.229604493], [442119.87087559904, 2126456.229604493], [442119.87087559904, 2126446.229604493], [442109.87087559904, 2126446.229604493], [442109.87087559904, 2126436.229604493], [442099.87087559904, 2126436.229604493], [442099.87087559904, 2126426.229604493], [442089.87087559904, 2126426.229604493], [442089.87087559904, 2126416.229604493], [442079.87087559904, 2126416.229604493], [442079.87087559904, 2126406.229604493], [442069.87087559904, 2126406.229604493], [442059.87087559904, 2126406.229604493], [442059.87087559904, 2126396.229604493], [442049.87087559904, 2126396.229604493], [442049.87087559904, 2126386.229604493], [442039.87087559904, 2126386.229604493], [442039.87087559904, 2126376.229604493], [442029.87087559904, 2126376.229604493], [442029.87087559904, 2126366.229604493], [442029.87087559904, 2126356.229604493], [442029.87087559904, 2126346.229604493], [442029.87087559904, 2126336.229604493], [442029.87087559904, 2126326.229604493], [442029.87087559904, 2126316.229604493], [442029.87087559904, 2126306.229604493], [442029.87087559904, 2126296.229604493], [442029.87087559904, 2126286.229604493], [442029.87087559904, 2126276.229604493], [442029.87087559904, 2126266.229604493], [442029.87087559904, 2126256.229604493], [442029.87087559904, 2126246.229604493], [442029.87087559904, 2126236.229604493], [442029.87087559904, 2126226.229604493], [442029.87087559904, 2126216.229604493], [442029.87087559904, 2126206.229604493], [442029.87087559904, 2126196.229604493], [442029.87087559904, 2126186.229604493], [442029.87087559904, 2126176.229604493], [442029.87087559904, 2126166.229604493], [442029.87087559904, 2126156.229604493], [442029.87087559904, 2126146.229604493], [442029.87087559904, 2126136.229604493], [442029.87087559904, 2126126.229604493], [442029.87087559904, 2126116.229604493], [442029.87087559904, 2126106.229604493], [442029.87087559904, 2126096.229604493], [442029.87087559904, 2126086.229604493], [442029.87087559904, 2126076.229604493], [442029.87087559904, 2126066.229604493], [442029.87087559904, 2126056.229604493], [442029.87087559904, 2126046.229604493], [442029.87087559904, 2126036.229604493], [442029.87087559904, 2126026.229604493], [442029.87087559904, 2126016.229604493], [442029.87087559904, 2126006.229604493], [442029.87087559904, 2125996.229604493], [442029.87087559904, 2125986.229604493], [442029.87087559904, 2125976.229604493], [442029.87087559904, 2125966.229604493], [442029.87087559904, 2125956.229604493], [442019.87087559904, 2125956.229604493], [442019.87087559904, 2125946.229604493], [442019.87087559904, 2125936.229604493], [442009.87087559904, 2125936.229604493], [442009.87087559904, 2125926.229604493], [441999.87087559904, 2125926.229604493], [441999.87087559904, 2125916.229604493], [441989.87087559904, 2125916.229604493], [441979.87087559904, 2125916.229604493], [441979.87087559904, 2125906.229604493], [441969.87087559904, 2125906.229604493], [441969.87087559904, 2125896.229604493], [441969.87087559904, 2125886.229604493], [441969.87087559904, 2125876.229604493], [441969.87087559904, 2125866.229604493], [441959.87087559904, 2125866.229604493], [441959.87087559904, 2125856.229604493], [441959.87087559904, 2125846.229604493], [441949.87087559904, 2125846.229604493], [441939.87087559904, 2125846.229604493], [441939.87087559904, 2125856.229604493], [441949.87087559904, 2125856.229604493], [441949.87087559904, 2125866.229604493], [441949.87087559904, 2125876.229604493], [441949.87087559904, 2125886.229604493], [441949.87087559904, 2125896.229604493]]], [[[442409.87087559904, 2127916.229604493], [442399.87087559904, 2127916.229604493], [442399.87087559904, 2127926.229604493], [442409.87087559904, 2127926.229604493], [442409.87087559904, 2127916.229604493]]], [[[442389.87087559904, 2127976.229604493], [442389.87087559904, 2127986.229604493], [442399.87087559904, 2127986.229604493], [442399.87087559904, 2127976.229604493], [442409.87087559904, 2127976.229604493], [442409.87087559904, 2127966.229604493], [442409.87087559904, 2127956.229604493], [442419.87087559904, 2127956.229604493], [442419.87087559904, 2127946.229604493], [442409.87087559904, 2127946.229604493], [442399.87087559904, 2127946.229604493], [442399.87087559904, 2127956.229604493], [442399.87087559904, 2127966.229604493], [442389.87087559904, 2127966.229604493], [442389.87087559904, 2127976.229604493]]]]}}, {"type": "Feature", "properties": {"悬舌/细缝": 69200, "area_m2": 69200, "length_m": 3386, "bearing": "北"}, "geometry": {"type": "Polygon", "coordinates": [[[442039.87087559904, 2125256.229604493], [442039.87087559904, 2125266.229604493], [442039.87087559904, 2125276.229604493], [442039.87087559904, 2125286.229604493], [442039.87087559904, 2125296.229604493], [442029.87087559904, 2125296.229604493], [442029.87087559904, 2125306.229604493], [442029.87087559904, 2125316.229604493], [442029.87087559904, 2125326.229604493], [442029.87087559904, 2125336.229604493], [442029.87087559904, 2125346.229604493], [442019.87087559904, 2125346.229604493], [442019.87087559904, 2125356.229604493], [442009.87087559904, 2125356.229604493], [442009.87087559904, 2125366.229604493], [442009.87087559904, 2125376.229604493], [441999.87087559904, 2125376.229604493], [441999.87087559904, 2125386.229604493], [441999.87087559904, 2125396.229604493], [441989.87087559904, 2125396.229604493], [441989.87087559904, 2125406.229604493], [441989.87087559904, 2125416.229604493], [441979.87087559904, 2125416.229604493], [441979.87087559904, 2125426.229604493], [441969.87087559904, 2125426.229604493], [441969.87087559904, 2125436.229604493], [441969.87087559904, 2125446.229604493], [441959.87087559904, 2125446.229604493], [441959.87087559904, 2125456.229604493], [441959.87087559904, 2125466.229604493], [441949.87087559904, 2125466.229604493], [441949.87087559904, 2125476.229604493], [441949.87087559904, 2125486.229604493], [441939.87087559904, 2125486.229604493], [441939.87087559904, 2125496.229604493], [441949.87087559904, 2125496.229604493], [441959.87087559904, 2125496.229604493], [441959.87087559904, 2125486.229604493], [441959.87087559904, 2125476.229604493], [441969.87087559904, 2125476.229604493], [441969.87087559904, 2125466.229604493], [441969.87087559904, 2125456.229604493], [441979.87087559904, 2125456.229604493], [441979.87087559904, 2125446.229604493], [441979.87087559904, 2125436.229604493], [441989.87087559904, 2125436.229604493], [441989.87087559904, 2125426.229604493], [441999.87087559904, 2125426.229604493], [441999.87087559904, 2125416.229604493], [441999.87087559904, 2125406.229604493], [442009.87087559904, 2125406.229604493], [442009.87087559904, 2125396.229604493], [442009.87087559904, 2125386.229604493], [442019.87087559904, 2125386.229604493], [442019.87087559904, 2125376.229604493], [442019.87087559904, 2125366.229604493], [442029.87087559904, 2125366.229604493], [442039.87087559904, 2125366.229604493], [442049.87087559904, 2125366.229604493], [442059.87087559904, 2125366.229604493], [442059.87087559904, 2125376.229604493], [442069.87087559904, 2125376.229604493], [442069.87087559904, 2125386.229604493], [442069.87087559904, 2125396.229604493], [442079.87087559904, 2125396.229604493], [442079.87087559904, 2125406.229604493], [442089.87087559904, 2125406.229604493], [442089.87087559904, 2125416.229604493], [442099.87087559904, 2125416.229604493], [442099.87087559904, 2125426.229604493], [442109.87087559904, 2125426.229604493], [442109.87087559904, 2125436.229604493], [442109.87087559904, 2125446.229604493], [442119.87087559904, 2125446.229604493], [442119.87087559904, 2125456.229604493], [442129.87087559904, 2125456.229604493], [442129.87087559904, 2125466.229604493], [442139.87087559904, 2125466.229604493], [442149.87087559904, 2125466.229604493], [442149.87087559904, 2125476.229604493], [442159.87087559904, 2125476.229604493], [442169.87087559904, 2125476.229604493], [442169.87087559904, 2125486.229604493], [442179.87087559904, 2125486.229604493], [442189.87087559904, 2125486.229604493], [442199.87087559904, 2125486.229604493], [442209.87087559904, 2125486.229604493], [442209.87087559904, 2125476.229604493], [442219.87087559904, 2125476.229604493], [442229.87087559904, 2125476.229604493], [442239.87087559904, 2125476.229604493], [442249.87087559904, 2125476.229604493], [442259.87087559904, 2125476.229604493], [442269.87087559904, 2125476.229604493], [442279.87087559904, 2125476.229604493], [442289.87087559904, 2125476.229604493], [442299.87087559904, 2125476.229604493], [442309.87087559904, 2125476.229604493], [442309.87087559904, 2125466.229604493], [442319.87087559904, 2125466.229604493], [442329.87087559904, 2125466.229604493], [442339.87087559904, 2125466.229604493], [442349.87087559904, 2125466.229604493], [442359.87087559904, 2125466.229604493], [442369.87087559904, 2125466.229604493], [442379.87087559904, 2125466.229604493], [442379.87087559904, 2125476.229604493], [442389.87087559904, 2125476.229604493], [442389.87087559904, 2125486.229604493], [442399.87087559904, 2125486.229604493], [442399.87087559904, 2125496.229604493], [442409.87087559904, 2125496.229604493], [442409.87087559904, 2125506.229604493], [442419.87087559904, 2125506.229604493], [442419.87087559904, 2125516.229604493], [442429.87087559904, 2125516.229604493], [442429.87087559904, 2125526.229604493], [442439.87087559904, 2125526.229604493], [442439.87087559904, 2125536.229604493], [442449.87087559904, 2125536.229604493], [442449.87087559904, 2125546.229604493], [442459.87087559904, 2125546.229604493], [442459.87087559904, 2125556.229604493], [442469.87087559904, 2125556.229604493], [442479.87087559904, 2125556.229604493], [442479.87087559904, 2125566.229604493], [442489.87087559904, 2125566.229604493], [442499.87087559904, 2125566.229604493], [442499.87087559904, 2125576.229604493], [442509.87087559904, 2125576.229604493], [442519.87087559904, 2125576.229604493], [442519.87087559904, 2125586.229604493], [442529.87087559904, 2125586.229604493], [442529.87087559904, 2125596.229604493], [442539.87087559904, 2125596.229604493], [442549.87087559904, 2125596.229604493], [442549.87087559904, 2125606.229604493], [442559.87087559904, 2125606.229604493], [442569.87087559904, 2125606.229604493], [442569.87087559904, 2125616.229604493], [442579.87087559904, 2125616.229604493], [442589.87087559904, 2125616.229604493], [442589.87087559904, 2125626.229604493], [442599.87087559904, 2125626.229604493], [442609.87087559904, 2125626.229604493], [442609.87087559904, 2125636.229604493], [442619.87087559904, 2125636.229604493], [442629.87087559904, 2125636.229604493], [442629.87087559904, 2125646.229604493], [442639.87087559904, 2125646.229604493], [442649.87087559904, 2125646.229604493], [442649.87087559904, 2125636.229604493], [442659.87087559904, 2125636.229604493], [442669.87087559904, 2125636.229604493], [442679.87087559904, 2125636.229604493], [442689.87087559904, 2125636.229604493], [442699.87087559904, 2125636.229604493], [442709.87087559904, 2125636.229604493], [442719.87087559904, 2125636.229604493], [442719.87087559904, 2125626.229604493], [442729.87087559904, 2125626.229604493], [442739.87087559904, 2125626.229604493], [442749.87087559904, 2125626.229604493], [442759.87087559904, 2125626.229604493], [442769.87087559904, 2125626.229604493], [442779.87087559904, 2125626.229604493], [442779.87087559904, 2125616.229604493], [442789.87087559904, 2125616.229604493], [442799.87087559904, 2125616.229604493], [442809.87087559904, 2125616.229604493], [442819.87087559904, 2125616.229604493], [442829.87087559904, 2125616.229604493], [442839.87087559904, 2125616.229604493], [442849.87087559904, 2125616.229604493], [442849.87087559904, 2125606.229604493], [442859.87087559904, 2125606.229604493], [442869.87087559904, 2125606.229604493], [442879.87087559904, 2125606.229604493], [442889.87087559904, 2125606.229604493], [442899.87087559904, 2125606.229604493], [442899.87087559904, 2125616.229604493], [442909.87087559904, 2125616.229604493], [442909.87087559904, 2125626.229604493], [442919.87087559904, 2125626.229604493], [442929.87087559904, 2125626.229604493], [442929.87087559904, 2125636.229604493], [442939.87087559904, 2125636.229604493], [442939.87087559904, 2125646.229604493], [442949.87087559904, 2125646.229604493], [442949.87087559904, 2125656.229604493], [442959.87087559904, 2125656.229604493], [442959.87087559904, 2125666.229604493], [442969.87087559904, 2125666.229604493], [442969.87087559904, 2125676.229604493], [442979.87087559904, 2125676.229604493], [442979.87087559904, 2125686.229604493], [442989.87087559904, 2125686.229604493], [442989.87087559904, 2125696.229604493], [442999.87087559904, 2125696.229604493], [443009.87087559904, 2125696.229604493], [443009.87087559904, 2125706.229604493], [443019.87087559904, 2125706.229604493], [443019.87087559904, 2125716.229604493], [443029.87087559904, 2125716.229604493], [443029.87087559904, 2125726.229604493], [443039.87087559904, 2125726.229604493], [443049.87087559904, 2125726.229604493], [443049.87087559904, 2125736.229604493], [443059.87087559904, 2125736.229604493], [443069.87087559904, 2125736.229604493], [443069.87087559904, 2125746.229604493], [443079.87087559904, 2125746.229604493], [443089.87087559904, 2125746.229604493], [443099.87087559904, 2125746.229604493], [443109.87087559904, 2125746.229604493], [443109.87087559904, 2125736.229604493], [443119.87087559904, 2125736.229604493], [443129.87087559904, 2125736.229604493], [443129.87087559904, 2125726.229604493], [443139.87087559904, 2125726.229604493], [443149.87087559904, 2125726.229604493], [443149.87087559904, 2125716.229604493], [443159.87087559904, 2125716.229604493], [443159.87087559904, 2125706.229604493], [443159.87087559904, 2125696.229604493], [443169.87087559904, 2125696.229604493], [443169.87087559904, 2125686.229604493], [443179.87087559904, 2125686.229604493], [443189.87087559904, 2125686.229604493], [443189.87087559904, 2125676.229604493], [443199.87087559904, 2125676.229604493], [443209.87087559904, 2125676.229604493], [443209.87087559904, 2125666.229604493], [443219.87087559904, 2125666.229604493], [443229.87087559904, 2125666.229604493], [443229.87087559904, 2125656.229604493], [443239.87087559904, 2125656.229604493], [443249.87087559904, 2125656.229604493], [443249.87087559904, 2125646.229604493], [443259.87087559904, 2125646.229604493], [443269.87087559904, 2125646.229604493], [443269.87087559904, 2125636.229604493], [443279.87087559904, 2125636.229604493], [443279.87087559904, 2125626.229604493], [443279.87087559904, 2125616.229604493], [443289.87087559904, 2125616.229604493], [443289.87087559904, 2125606.229604493], [443289.87087559904, 2125596.229604493], [443299.87087559904, 2125596.229604493], [443309.87087559904, 2125596.229604493], [443319.87087559904, 2125596.229604493], [443329.87087559904, 2125596.229604493], [443339.87087559904, 2125596.229604493], [443349.87087559904, 2125596.229604493], [443359.87087559904, 2125596.229604493], [443369.87087559904, 2125596.229604493], [443369.87087559904, 2125586.229604493], [443379.87087559904, 2125586.229604493], [443389.87087559904, 2125586.229604493], [443399.87087559904, 2125586.229604493], [443409.87087559904, 2125586.229604493], [443419.87087559904, 2125586.229604493], [443429.87087559904, 2125586.229604493], [443439.87087559904, 2125586.229604493], [443449.87087559904, 2125586.229604493], [443459.87087559904, 2125586.229604493], [443459.87087559904, 2125576.229604493], [443469.87087559904, 2125576.229604493], [443479.87087559904, 2125576.229604493], [443479.87087559904, 2125566.229604493], [443489.87087559904, 2125566.229604493], [443489.87087559904, 2125556.229604493], [443499.87087559904, 2125556.229604493], [443499.87087559904, 2125546.229604493], [443509.87087559904, 2125546.229604493], [443509.87087559904, 2125536.229604493], [443519.87087559904, 2125536.229604493], [443519.87087559904, 2125526.229604493], [443529.87087559904, 2125526.229604493], [443529.87087559904, 2125516.229604493], [443539.87087559904, 2125516.229604493], [443539.87087559904, 2125506.229604493], [443539.87087559904, 2125496.229604493], [443549.87087559904, 2125496.229604493], [443549.87087559904, 2125486.229604493], [443559.87087559904, 2125486.229604493], [443559.87087559904, 2125476.229604493], [443569.87087559904, 2125476.229604493], [443569.87087559904, 2125466.229604493], [443579.87087559904, 2125466.229604493], [443579.87087559904, 2125456.229604493], [443589.87087559904, 2125456.229604493], [443589.87087559904, 2125446.229604493], [443599.87087559904, 2125446.229604493], [443609.87087559904, 2125446.229604493], [443619.87087559904, 2125446.229604493], [443629.87087559904, 2125446.229604493], [443639.87087559904, 2125446.229604493], [443649.87087559904, 2125446.229604493], [443659.87087559904, 2125446.229604493], [443669.87087559904, 2125446.229604493], [443679.87087559904, 2125446.229604493], [443689.87087559904, 2125446.229604493], [443689.87087559904, 2125436.229604493], [443699.87087559904, 2125436.229604493], [443709.87087559904, 2125436.229604493], [443719.87087559904, 2125436.229604493], [443719.87087559904, 2125426.229604493], [443729.87087559904, 2125426.229604493], [443739.87087559904, 2125426.229604493], [443749.87087559904, 2125426.229604493], [443749.87087559904, 2125416.229604493], [443759.87087559904, 2125416.229604493], [443769.87087559904, 2125416.229604493], [443769.87087559904, 2125406.229604493], [443779.87087559904, 2125406.229604493], [443789.87087559904, 2125406.229604493], [443799.87087559904, 2125406.229604493], [443799.87087559904, 2125396.229604493], [443809.87087559904, 2125396.229604493], [443819.87087559904, 2125396.229604493], [443829.87087559904, 2125396.229604493], [443829.87087559904, 2125386.229604493], [443839.87087559904, 2125386.229604493], [443849.87087559904, 2125386.229604493], [443849.87087559904, 2125376.229604493], [443859.87087559904, 2125376.229604493], [443869.87087559904, 2125376.229604493], [443869.87087559904, 2125366.229604493], [443879.87087559904, 2125366.229604493], [443889.87087559904, 2125366.229604493], [443889.87087559904, 2125356.229604493], [443899.87087559904, 2125356.229604493], [443899.87087559904, 2125346.229604493], [443909.87087559904, 2125346.229604493], [443909.87087559904, 2125336.229604493], [443919.87087559904, 2125336.229604493], [443919.87087559904, 2125326.229604493], [443919.87087559904, 2125316.229604493], [443929.87087559904, 2125316.229604493], [443929.87087559904, 2125306.229604493], [443939.87087559904, 2125306.229604493], [443939.87087559904, 2125296.229604493], [443949.87087559904, 2125296.229604493], [443949.87087559904, 2125286.229604493], [443959.87087559904, 2125286.229604493], [443959.87087559904, 2125276.229604493], [443969.87087559904, 2125276.229604493], [443969.87087559904, 2125266.229604493], [443979.87087559904, 2125266.229604493], [443979.87087559904, 2125256.229604493], [443979.87087559904, 2125246.229604493], [443989.87087559904, 2125246.229604493], [443989.87087559904, 2125236.229604493], [443999.87087559904, 2125236.229604493], [443999.87087559904, 2125226.229604493], [444009.87087559904, 2125226.229604493], [444009.87087559904, 2125216.229604493], [444019.87087559904, 2125216.229604493], [444019.87087559904, 2125206.229604493], [444029.87087559904, 2125206.229604493], [444029.87087559904, 2125196.229604493], [444039.87087559904, 2125196.229604493], [444039.87087559904, 2125186.229604493], [444039.87087559904, 2125176.229604493], [444049.87087559904, 2125176.229604493], [444049.87087559904, 2125166.229604493], [444059.87087559904, 2125166.229604493], [444059.87087559904, 2125156.229604493], [444069.87087559904, 2125156.229604493], [444069.87087559904, 2125146.229604493], [444079.87087559904, 2125146.229604493], [444079.87087559904, 2125136.229604493], [444089.87087559904, 2125136.229604493], [444099.87087559904, 2125136.229604493], [444099.87087559904, 2125126.229604493], [444109.87087559904, 2125126.229604493], [444119.87087559904, 2125126.229604493], [444119.87087559904, 2125116.229604493], [444129.87087559904, 2125116.229604493], [444139.87087559904, 2125116.229604493], [444139.87087559904, 2125106.229604493], [444149.87087559904, 2125106.229604493], [444159.87087559904, 2125106.229604493], [444159.87087559904, 2125096.229604493], [444169.87087559904, 2125096.229604493], [444179.87087559904, 2125096.229604493], [444179.87087559904, 2125086.229604493], [444189.87087559904, 2125086.229604493], [444189.87087559904, 2125076.229604493], [444199.87087559904, 2125076.229604493], [444199.87087559904, 2125066.229604493], [444209.87087559904, 2125066.229604493], [444209.87087559904, 2125056.229604493], [444209.87087559904, 2125046.229604493], [444219.87087559904, 2125046.229604493], [444219.87087559904, 2125036.229604493], [444229.87087559904, 2125036.229604493], [444229.87087559904, 2125026.229604493], [444239.87087559904, 2125026.229604493], [444249.87087559904, 2125026.229604493], [444259.87087559904, 2125026.229604493], [444269.87087559904, 2125026.229604493], [444279.87087559904, 2125026.229604493], [444289.87087559904, 2125026.229604493], [444299.87087559904, 2125026.229604493], [444309.87087559904, 2125026.229604493], [444319.87087559904, 2125026.229604493], [444329.87087559904, 2125026.229604493], [444339.87087559904, 2125026.229604493], [444349.87087559904, 2125026.229604493], [444359.87087559904, 2125026.229604493], [444369.87087559904, 2125026.229604493], [444379.87087559904, 2125026.229604493], [444389.87087559904, 2125026.229604493], [444399.87087559904, 2125026.229604493], [444409.87087559904, 2125026.229604493], [444419.87087559904, 2125026.229604493], [444429.87087559904, 2125026.229604493], [444439.87087559904, 2125026.229604493], [444449.87087559904, 2125026.229604493], [444459.87087559904, 2125026.229604493], [444469.87087559904, 2125026.229604493], [444479.87087559904, 2125026.229604493], [444489.87087559904, 2125026.229604493], [444489.87087559904, 2125016.229604493], [444499.87087559904, 2125016.229604493], [444509.87087559904, 2125016.229604493], [444519.87087559904, 2125016.229604493], [444519.87087559904, 2125006.229604493], [444529.87087559904, 2125006.229604493], [444539.87087559904, 2125006.229604493], [444539.87087559904, 2124996.229604493], [444549.87087559904, 2124996.229604493], [444559.87087559904, 2124996.229604493], [444559.87087559904, 2124986.229604493], [444569.87087559904, 2124986.229604493], [444579.87087559904, 2124986.229604493], [444579.87087559904, 2124976.229604493], [444589.87087559904, 2124976.229604493], [444599.87087559904, 2124976.229604493], [444599.87087559904, 2124966.229604493], [444609.87087559904, 2124966.229604493], [444619.87087559904, 2124966.229604493], [444619.87087559904, 2124956.229604493], [444629.87087559904, 2124956.229604493], [444639.87087559904, 2124956.229604493], [444639.87087559904, 2124946.229604493], [444649.87087559904, 2124946.229604493], [444659.87087559904, 2124946.229604493], [444669.87087559904, 2124946.229604493], [444669.87087559904, 2124956.229604493], [444679.87087559904, 2124956.229604493], [444689.87087559904, 2124956.229604493], [444699.87087559904, 2124956.229604493], [444709.87087559904, 2124956.229604493], [444719.87087559904, 2124956.229604493], [444729.87087559904, 2124956.229604493], [444739.87087559904, 2124956.229604493], [444749.87087559904, 2124956.229604493], [444759.87087559904, 2124956.229604493], [444769.87087559904, 2124956.229604493], [444779.87087559904, 2124956.229604493], [444789.87087559904, 2124956.229604493], [444799.87087559904, 2124956.229604493], [444809.87087559904, 2124956.229604493], [444819.87087559904, 2124956.229604493], [444829.87087559904, 2124956.229604493], [444839.87087559904, 2124956.229604493], [444849.87087559904, 2124956.229604493], [444859.87087559904, 2124956.229604493], [444869.87087559904, 2124956.229604493], [444879.87087559904, 2124956.229604493], [444889.87087559904, 2124956.229604493], [444899.87087559904, 2124956.229604493], [444909.87087559904, 2124956.229604493], [444919.87087559904, 2124956.229604493], [444929.87087559904, 2124956.229604493], [444939.87087559904, 2124956.229604493], [444949.87087559904, 2124956.229604493], [444959.87087559904, 2124956.229604493], [444969.87087559904, 2124956.229604493], [444979.87087559904, 2124956.229604493], [444989.87087559904, 2124956.229604493], [444999.87087559904, 2124956.229604493], [445009.87087559904, 2124956.229604493], [445019.87087559904, 2124956.229604493], [445029.87087559904, 2124956.229604493], [445029.87087559904, 2124966.229604493], [445039.87087559904, 2124966.229604493], [445039.87087559904, 2124976.229604493], [445049.87087559904, 2124976.229604493], [445049.87087559904, 2124986.229604493], [445059.87087559904, 2124986.229604493], [445069.87087559904, 2124986.229604493], [445069.87087559904, 2124996.229604493], [445079.87087559904, 2124996.229604493], [445079.87087559904, 2125006.229604493], [445089.87087559904, 2125006.229604493], [445089.87087559904, 2125016.229604493], [445099.87087559904, 2125016.229604493], [445099.87087559904, 2125026.229604493], [445109.87087559904, 2125026.229604493], [445119.87087559904, 2125026.229604493], [445119.87087559904, 2125036.229604493], [445129.87087559904, 2125036.229604493], [445129.87087559904, 2125046.229604493], [445139.87087559904, 2125046.229604493], [445149.87087559904, 2125046.229604493], [445149.87087559904, 2125056.229604493], [445159.87087559904, 2125056.229604493], [445169.87087559904, 2125056.229604493], [445169.87087559904, 2125066.229604493], [445179.87087559904, 2125066.229604493], [445189.87087559904, 2125066.229604493], [445199.87087559904, 2125066.229604493], [445209.87087559904, 2125066.229604493], [445219.87087559904, 2125066.229604493], [445229.87087559904, 2125066.229604493], [445239.87087559904, 2125066.229604493], [445249.87087559904, 2125066.229604493], [445259.87087559904, 2125066.229604493], [445269.87087559904, 2125066.229604493], [445269.87087559904, 2125076.229604493], [445279.87087559904, 2125076.229604493], [445279.87087559904, 2125086.229604493], [445289.87087559904, 2125086.229604493], [445299.87087559904, 2125086.229604493], [445299.87087559904, 2125076.229604493], [445289.87087559904, 2125076.229604493], [445289.87087559904, 2125066.229604493], [445279.87087559904, 2125066.229604493], [445279.87087559904, 2125056.229604493], [445269.87087559904, 2125056.229604493], [445269.87087559904, 2125046.229604493], [445259.87087559904, 2125046.229604493], [445249.87087559904, 2125046.229604493], [445239.87087559904, 2125046.229604493], [445229.87087559904, 2125046.229604493], [445219.87087559904, 2125046.229604493], [445209.87087559904, 2125046.229604493], [445199.87087559904, 2125046.229604493], [445189.87087559904, 2125046.229604493], [445179.87087559904, 2125046.229604493], [445169.87087559904, 2125046.229604493], [445159.87087559904, 2125046.229604493], [445159.87087559904, 2125036.229604493], [445149.87087559904, 2125036.229604493], [445139.87087559904, 2125036.229604493], [445139.87087559904, 2125026.229604493], [445129.87087559904, 2125026.229604493], [445129.87087559904, 2125016.229604493], [445119.87087559904, 2125016.229604493], [445109.87087559904, 2125016.229604493], [445109.87087559904, 2125006.229604493], [445099.87087559904, 2125006.229604493], [445099.87087559904, 2124996.229604493], [445089.87087559904, 2124996.229604493], [445089.87087559904, 2124986.229604493], [445079.87087559904, 2124986.229604493], [445079.87087559904, 2124976.229604493], [445069.87087559904, 2124976.229604493], [445059.87087559904, 2124976.229604493], [445059.87087559904, 2124966.229604493], [445049.87087559904, 2124966.229604493], [445049.87087559904, 2124956.229604493], [445039.87087559904, 2124956.229604493], [445039.87087559904, 2124946.229604493], [445029.87087559904, 2124946.229604493], [445019.87087559904, 2124946.229604493], [445019.87087559904, 2124936.229604493], [445009.87087559904, 2124936.229604493], [445009.87087559904, 2124926.229604493], [444999.87087559904, 2124926.229604493], [444999.87087559904, 2124936.229604493], [444989.87087559904, 2124936.229604493], [444979.87087559904, 2124936.229604493], [444969.87087559904, 2124936.229604493], [444959.87087559904, 2124936.229604493], [444949.87087559904, 2124936.229604493], [444939.87087559904, 2124936.229604493], [444929.87087559904, 2124936.229604493], [444919.87087559904, 2124936.229604493], [444909.87087559904, 2124936.229604493], [444899.87087559904, 2124936.229604493], [444889.87087559904, 2124936.229604493], [444879.87087559904, 2124936.229604493], [444869.87087559904, 2124936.229604493], [444859.87087559904, 2124936.229604493], [444849.87087559904, 2124936.229604493], [444839.87087559904, 2124936.229604493], [444829.87087559904, 2124936.229604493], [444819.87087559904, 2124936.229604493], [444809.87087559904, 2124936.229604493], [444799.87087559904, 2124936.229604493], [444789.87087559904, 2124936.229604493], [444779.87087559904, 2124936.229604493], [444769.87087559904, 2124936.229604493], [444759.87087559904, 2124936.229604493], [444749.87087559904, 2124936.229604493], [444739.87087559904, 2124936.229604493], [444729.87087559904, 2124936.229604493], [444719.87087559904, 2124936.229604493], [444709.87087559904, 2124936.229604493], [444699.87087559904, 2124936.229604493], [444689.87087559904, 2124936.229604493], [444679.87087559904, 2124936.229604493], [444669.87087559904, 2124936.229604493], [444659.87087559904, 2124936.229604493], [444659.87087559904, 2124926.229604493], [444649.87087559904, 2124926.229604493], [444649.87087559904, 2124936.229604493], [444639.87087559904, 2124936.229604493], [444629.87087559904, 2124936.229604493], [444629.87087559904, 2124946.229604493], [444619.87087559904, 2124946.229604493], [444609.87087559904, 2124946.229604493], [444609.87087559904, 2124956.229604493], [444599.87087559904, 2124956.229604493], [444589.87087559904, 2124956.229604493], [444589.87087559904, 2124966.229604493], [444579.87087559904, 2124966.229604493], [444569.87087559904, 2124966.229604493], [444569.87087559904, 2124976.229604493], [444559.87087559904, 2124976.229604493], [444549.87087559904, 2124976.229604493], [444549.87087559904, 2124986.229604493], [444539.87087559904, 2124986.229604493], [444529.87087559904, 2124986.229604493], [444529.87087559904, 2124996.229604493], [444519.87087559904, 2124996.229604493], [444509.87087559904, 2124996.229604493], [444499.87087559904, 2124996.229604493], [444499.87087559904, 2125006.229604493], [444489.87087559904, 2125006.229604493], [444479.87087559904, 2125006.229604493], [444469.87087559904, 2125006.229604493], [444459.87087559904, 2125006.229604493], [444449.87087559904, 2125006.229604493], [444439.87087559904, 2125006.229604493], [444429.87087559904, 2125006.229604493], [444419.87087559904, 2125006.229604493], [444409.87087559904, 2125006.229604493], [444399.87087559904, 2125006.229604493], [444389.87087559904, 2125006.229604493], [444379.87087559904, 2125006.229604493], [444369.87087559904, 2125006.229604493], [444359.87087559904, 2125006.229604493], [444349.87087559904, 2125006.229604493], [444339.87087559904, 2125006.229604493], [444329.87087559904, 2125006.229604493], [444319.87087559904, 2125006.229604493], [444309.87087559904, 2125006.229604493], [444299.87087559904, 2125006.229604493], [444289.87087559904, 2125006.229604493], [444279.87087559904, 2125006.229604493], [444269.87087559904, 2125006.229604493], [444259.87087559904, 2125006.229604493], [444249.87087559904, 2125006.229604493], [444239.87087559904, 2125006.229604493], [444229.87087559904, 2125006.229604493], [444229.87087559904, 2125016.229604493], [444219.87087559904, 2125016.229604493], [444219.87087559904, 2125026.229604493], [444209.87087559904, 2125026.229604493], [444209.87087559904, 2125036.229604493], [444199.87087559904, 2125036.229604493], [444199.87087559904, 2125046.229604493], [444199.87087559904, 2125056.229604493], [444189.87087559904, 2125056.229604493], [444189.87087559904, 2125066.229604493], [444179.87087559904, 2125066.229604493], [444179.87087559904, 2125076.229604493], [444169.87087559904, 2125076.229604493], [444169.87087559904, 2125086.229604493], [444159.87087559904, 2125086.229604493], [444149.87087559904, 2125086.229604493], [444149.87087559904, 2125096.229604493], [444139.87087559904, 2125096.229604493], [444129.87087559904, 2125096.229604493], [444129.87087559904, 2125106.229604493], [444119.87087559904, 2125106.229604493], [444109.87087559904, 2125106.229604493], [444109.87087559904, 2125116.229604493], [444099.87087559904, 2125116.229604493], [444089.87087559904, 2125116.229604493], [444089.87087559904, 2125126.229604493], [444079.87087559904, 2125126.229604493], [444069.87087559904, 2125126.229604493], [444069.87087559904, 2125136.229604493], [444059.87087559904, 2125136.229604493], [444059.87087559904, 2125146.229604493], [444049.87087559904, 2125146.229604493], [444049.87087559904, 2125156.229604493], [444039.87087559904, 2125156.229604493], [444039.87087559904, 2125166.229604493], [444029.87087559904, 2125166.229604493], [444029.87087559904, 2125176.229604493], [444029.87087559904, 2125186.229604493], [444019.87087559904, 2125186.229604493], [444019.87087559904, 2125196.229604493], [444009.87087559904, 2125196.229604493], [444009.87087559904, 2125206.229604493], [443999.87087559904, 2125206.229604493], [443999.87087559904, 2125216.229604493], [443989.87087559904, 2125216.229604493], [443989.87087559904, 2125226.229604493], [443979.87087559904, 2125226.229604493], [443979.87087559904, 2125236.229604493], [443969.87087559904, 2125236.229604493], [443969.87087559904, 2125246.229604493], [443969.87087559904, 2125256.229604493], [443959.87087559904, 2125256.229604493], [443959.87087559904, 2125266.229604493], [443949.87087559904, 2125266.229604493], [443949.87087559904, 2125276.229604493], [443939.87087559904, 2125276.229604493], [443939.87087559904, 2125286.229604493], [443929.87087559904, 2125286.229604493], [443929.87087559904, 2125296.229604493], [443919.87087559904, 2125296.229604493], [443919.87087559904, 2125306.229604493], [443909.87087559904, 2125306.229604493], [443909.87087559904, 2125316.229604493], [443909.87087559904, 2125326.229604493], [443899.87087559904, 2125326.229604493], [443899.87087559904, 2125336.229604493], [443889.87087559904, 2125336.229604493], [443889.87087559904, 2125346.229604493], [443879.87087559904, 2125346.229604493], [443879.87087559904, 2125356.229604493], [443869.87087559904, 2125356.229604493], [443859.87087559904, 2125356.229604493], [443859.87087559904, 2125366.229604493], [443849.87087559904, 2125366.229604493], [443839.87087559904, 2125366.229604493], [443839.87087559904, 2125376.229604493], [443829.87087559904, 2125376.229604493], [443819.87087559904, 2125376.229604493], [443809.87087559904, 2125376.229604493], [443809.87087559904, 2125386.229604493], [443799.87087559904, 2125386.229604493], [443789.87087559904, 2125386.229604493], [443779.87087559904, 2125386.229604493], [443779.87087559904, 2125396.229604493], [443769.87087559904, 2125396.229604493], [443759.87087559904, 2125396.229604493], [443759.87087559904, 2125406.229604493], [443749.87087559904, 2125406.229604493], [443739.87087559904, 2125406.229604493], [443729.87087559904, 2125406.229604493], [443729.87087559904, 2125416.229604493], [443719.87087559904, 2125416.229604493], [443709.87087559904, 2125416.229604493], [443699.87087559904, 2125416.229604493], [443699.87087559904, 2125426.229604493], [443689.87087559904, 2125426.229604493], [443679.87087559904, 2125426.229604493], [443669.87087559904, 2125426.229604493], [443659.87087559904, 2125426.229604493], [443649.87087559904, 2125426.229604493], [443639.87087559904, 2125426.229604493], [443629.87087559904, 2125426.229604493], [443619.87087559904, 2125426.229604493], [443609.87087559904, 2125426.229604493], [443599.87087559904, 2125426.229604493], [443589.87087559904, 2125426.229604493], [443589.87087559904, 2125436.229604493], [443579.87087559904, 2125436.229604493], [443579.87087559904, 2125446.229604493], [443569.87087559904, 2125446.229604493], [443569.87087559904, 2125456.229604493], [443559.87087559904, 2125456.229604493], [443559.87087559904, 2125466.229604493], [443549.87087559904, 2125466.229604493], [443549.87087559904, 2125476.229604493], [443539.87087559904, 2125476.229604493], [443539.87087559904, 2125486.229604493], [443529.87087559904, 2125486.229604493], [443529.87087559904, 2125496.229604493], [443529.87087559904, 2125506.229604493], [443519.87087559904, 2125506.229604493], [443519.87087559904, 2125516.229604493], [443509.87087559904, 2125516.229604493], [443509.87087559904, 2125526.229604493], [443499.87087559904, 2125526.229604493], [443499.87087559904, 2125536.229604493], [443489.87087559904, 2125536.229604493], [443489.87087559904, 2125546.229604493], [443479.87087559904, 2125546.229604493], [443479.87087559904, 2125556.229604493], [443469.87087559904, 2125556.229604493], [443469.87087559904, 2125566.229604493], [443459.87087559904, 2125566.229604493], [443449.87087559904, 2125566.229604493], [443439.87087559904, 2125566.229604493], [443429.87087559904, 2125566.229604493], [443419.87087559904, 2125566.229604493], [443409.87087559904, 2125566.229604493], [443399.87087559904, 2125566.229604493], [443389.87087559904, 2125566.229604493], [443379.87087559904, 2125566.229604493], [443379.87087559904, 2125576.229604493], [443369.87087559904, 2125576.229604493], [443359.87087559904, 2125576.229604493], [443349.87087559904, 2125576.229604493], [443339.87087559904, 2125576.229604493], [443329.87087559904, 2125576.229604493], [443319.87087559904, 2125576.229604493], [443309.87087559904, 2125576.229604493], [443299.87087559904, 2125576.229604493], [443289.87087559904, 2125576.229604493], [443279.87087559904, 2125576.229604493], [443279.87087559904, 2125586.229604493], [443279.87087559904, 2125596.229604493], [443269.87087559904, 2125596.229604493], [443269.87087559904, 2125606.229604493], [443269.87087559904, 2125616.229604493], [443269.87087559904, 2125626.229604493], [443259.87087559904, 2125626.229604493], [443259.87087559904, 2125636.229604493], [443249.87087559904, 2125636.229604493], [443239.87087559904, 2125636.229604493], [443239.87087559904, 2125646.229604493], [443229.87087559904, 2125646.229604493], [443219.87087559904, 2125646.229604493], [443219.87087559904, 2125656.229604493], [443209.87087559904, 2125656.229604493], [443199.87087559904, 2125656.229604493], [443199.87087559904, 2125666.229604493], [443189.87087559904, 2125666.229604493], [443179.87087559904, 2125666.229604493], [443179.87087559904, 2125676.229604493], [443169.87087559904, 2125676.229604493], [443159.87087559904, 2125676.229604493], [443159.87087559904, 2125686.229604493], [443149.87087559904, 2125686.229604493], [443149.87087559904, 2125696.229604493], [443149.87087559904, 2125706.229604493], [443139.87087559904, 2125706.229604493], [443139.87087559904, 2125716.229604493], [443129.87087559904, 2125716.229604493], [443119.87087559904, 2125716.229604493], [443119.87087559904, 2125726.229604493], [443109.87087559904, 2125726.229604493], [443099.87087559904, 2125726.229604493], [443089.87087559904, 2125726.229604493], [443079.87087559904, 2125726.229604493], [443069.87087559904, 2125726.229604493], [443059.87087559904, 2125726.229604493], [443059.87087559904, 2125716.229604493], [443049.87087559904, 2125716.229604493], [443039.87087559904, 2125716.229604493], [443039.87087559904, 2125706.229604493], [443029.87087559904, 2125706.229604493], [443029.87087559904, 2125696.229604493], [443019.87087559904, 2125696.229604493], [443019.87087559904, 2125686.229604493], [443009.87087559904, 2125686.229604493], [442999.87087559904, 2125686.229604493], [442999.87087559904, 2125676.229604493], [442989.87087559904, 2125676.229604493], [442989.87087559904, 2125666.229604493], [442979.87087559904, 2125666.229604493], [442979.87087559904, 2125656.229604493], [442969.87087559904, 2125656.229604493], [442969.87087559904, 2125646.229604493], [442959.87087559904, 2125646.229604493], [442959.87087559904, 2125636.229604493], [442949.87087559904, 2125636.229604493], [442949.87087559904, 2125626.229604493], [442939.87087559904, 2125626.229604493], [442939.87087559904, 2125616.229604493], [442929.87087559904, 2125616.229604493], [442919.87087559904, 2125616.229604493], [442919.87087559904, 2125606.229604493], [442909.87087559904, 2125606.229604493], [442909.87087559904, 2125596.229604493], [442899.87087559904, 2125596.229604493], [442899.87087559904, 2125586.229604493], [442889.87087559904, 2125586.229604493], [442879.87087559904, 2125586.229604493], [442869.87087559904, 2125586.229604493], [442859.87087559904, 2125586.229604493], [442859.87087559904, 2125596.229604493], [442849.87087559904, 2125596.229604493], [442839.87087559904, 2125596.229604493], [442829.87087559904, 2125596.229604493], [442819.87087559904, 2125596.229604493], [442809.87087559904, 2125596.229604493], [442799.87087559904, 2125596.229604493], [442789.87087559904, 2125596.229604493], [442789.87087559904, 2125606.229604493], [442779.87087559904, 2125606.229604493], [442769.87087559904, 2125606.229604493], [442759.87087559904, 2125606.229604493], [442749.87087559904, 2125606.229604493], [442739.87087559904, 2125606.229604493], [442729.87087559904, 2125606.229604493], [442729.87087559904, 2125616.229604493], [442719.87087559904, 2125616.229604493], [442709.87087559904, 2125616.229604493], [442699.87087559904, 2125616.229604493], [442689.87087559904, 2125616.229604493], [442679.87087559904, 2125616.229604493], [442669.87087559904, 2125616.229604493], [442659.87087559904, 2125616.229604493], [442659.87087559904, 2125626.229604493], [442649.87087559904, 2125626.229604493], [442639.87087559904, 2125626.229604493], [442629.87087559904, 2125626.229604493], [442619.87087559904, 2125626.229604493], [442619.87087559904, 2125616.229604493], [442609.87087559904, 2125616.229604493], [442599.87087559904, 2125616.229604493], [442599.87087559904, 2125606.229604493], [442589.87087559904, 2125606.229604493], [442579.87087559904, 2125606.229604493], [442579.87087559904, 2125596.229604493], [442569.87087559904, 2125596.229604493], [442559.87087559904, 2125596.229604493], [442559.87087559904, 2125586.229604493], [442549.87087559904, 2125586.229604493], [442539.87087559904, 2125586.229604493], [442539.87087559904, 2125576.229604493], [442529.87087559904, 2125576.229604493], [442529.87087559904, 2125566.229604493], [442519.87087559904, 2125566.229604493], [442509.87087559904, 2125566.229604493], [442509.87087559904, 2125556.229604493], [442499.87087559904, 2125556.229604493], [442489.87087559904, 2125556.229604493], [442489.87087559904, 2125546.229604493], [442479.87087559904, 2125546.229604493], [442469.87087559904, 2125546.229604493], [442469.87087559904, 2125536.229604493], [442459.87087559904, 2125536.229604493], [442459.87087559904, 2125526.229604493], [442449.87087559904, 2125526.229604493], [442449.87087559904, 2125516.229604493], [442439.87087559904, 2125516.229604493], [442439.87087559904, 2125506.229604493], [442429.87087559904, 2125506.229604493], [442429.87087559904, 2125496.229604493], [442419.87087559904, 2125496.229604493], [442419.87087559904, 2125486.229604493], [442409.87087559904, 2125486.229604493], [442409.87087559904, 2125476.229604493], [442399.87087559904, 2125476.229604493], [442399.87087559904, 2125466.229604493], [442389.87087559904, 2125466.229604493], [442389.87087559904, 2125456.229604493], [442379.87087559904, 2125456.229604493], [442379.87087559904, 2125446.229604493], [442369.87087559904, 2125446.229604493], [442359.87087559904, 2125446.229604493], [442349.87087559904, 2125446.229604493], [442339.87087559904, 2125446.229604493], [442329.87087559904, 2125446.229604493], [442319.87087559904, 2125446.229604493], [442319.87087559904, 2125456.229604493], [442309.87087559904, 2125456.229604493], [442299.87087559904, 2125456.229604493], [442289.87087559904, 2125456.229604493], [442279.87087559904, 2125456.229604493], [442269.87087559904, 2125456.229604493], [442259.87087559904, 2125456.229604493], [442249.87087559904, 2125456.229604493], [442239.87087559904, 2125456.229604493], [442229.87087559904, 2125456.229604493], [442219.87087559904, 2125456.229604493], [442219.87087559904, 2125466.229604493], [442209.87087559904, 2125466.229604493], [442199.87087559904, 2125466.229604493], [442189.87087559904, 2125466.229604493], [442179.87087559904, 2125466.229604493], [442169.87087559904, 2125466.229604493], [442159.87087559904, 2125466.229604493], [442159.87087559904, 2125456.229604493], [442149.87087559904, 2125456.229604493], [442139.87087559904, 2125456.229604493], [442139.87087559904, 2125446.229604493], [442129.87087559904, 2125446.229604493], [442129.87087559904, 2125436.229604493], [442119.87087559904, 2125436.229604493], [442119.87087559904, 2125426.229604493], [442119.87087559904, 2125416.229604493], [442109.87087559904, 2125416.229604493], [442109.87087559904, 2125406.229604493], [442099.87087559904, 2125406.229604493], [442099.87087559904, 2125396.229604493], [442089.87087559904, 2125396.229604493], [442089.87087559904, 2125386.229604493], [442079.87087559904, 2125386.229604493], [442079.87087559904, 2125376.229604493], [442079.87087559904, 2125366.229604493], [442069.87087559904, 2125366.229604493], [442069.87087559904, 2125356.229604493], [442059.87087559904, 2125356.229604493], [442059.87087559904, 2125346.229604493], [442059.87087559904, 2125336.229604493], [442059.87087559904, 2125326.229604493], [442059.87087559904, 2125316.229604493], [442069.87087559904, 2125316.229604493], [442069.87087559904, 2125306.229604493], [442069.87087559904, 2125296.229604493], [442079.87087559904, 2125296.229604493], [442079.87087559904, 2125286.229604493], [442079.87087559904, 2125276.229604493], [442089.87087559904, 2125276.229604493], [442089.87087559904, 2125266.229604493], [442099.87087559904, 2125266.229604493], [442099.87087559904, 2125256.229604493], [442099.87087559904, 2125246.229604493], [442109.87087559904, 2125246.229604493], [442109.87087559904, 2125236.229604493], [442109.87087559904, 2125226.229604493], [442109.87087559904, 2125216.229604493], [442099.87087559904, 2125216.229604493], [442099.87087559904, 2125206.229604493], [442099.87087559904, 2125196.229604493], [442089.87087559904, 2125196.229604493], [442089.87087559904, 2125206.229604493], [442089.87087559904, 2125216.229604493], [442079.87087559904, 2125216.229604493], [442069.87087559904, 2125216.229604493], [442069.87087559904, 2125226.229604493], [442059.87087559904, 2125226.229604493], [442059.87087559904, 2125236.229604493], [442049.87087559904, 2125236.229604493], [442049.87087559904, 2125246.229604493], [442039.87087559904, 2125246.229604493], [442039.87087559904, 2125256.229604493]]]}}, {"type": "Feature", "properties": {"悬舌/细缝": 3300, "area_m2": 3300, "length_m": 89, "bearing": "西南"}, "geometry": {"type": "Polygon", "coordinates": [[[442079.87087559904, 2128646.229604493], [442079.87087559904, 2128656.229604493], [442069.87087559904, 2128656.229604493], [442069.87087559904, 2128666.229604493], [442069.87087559904, 2128676.229604493], [442069.87087559904, 2128686.229604493], [442069.87087559904, 2128696.229604493], [442079.87087559904, 2128696.229604493], [442089.87087559904, 2128696.229604493], [442099.87087559904, 2128696.229604493], [442109.87087559904, 2128696.229604493], [442119.87087559904, 2128696.229604493], [442119.87087559904, 2128686.229604493], [442119.87087559904, 2128676.229604493], [442129.87087559904, 2128676.229604493], [442129.87087559904, 2128666.229604493], [442129.87087559904, 2128656.229604493], [442129.87087559904, 2128646.229604493], [442129.87087559904, 2128636.229604493], [442119.87087559904, 2128636.229604493], [442109.87087559904, 2128636.229604493], [442109.87087559904, 2128626.229604493], [442109.87087559904, 2128616.229604493], [442099.87087559904, 2128616.229604493], [442099.87087559904, 2128626.229604493], [442099.87087559904, 2128636.229604493], [442089.87087559904, 2128636.229604493], [442089.87087559904, 2128646.229604493], [442079.87087559904, 2128646.229604493]]]}}, {"type": "Feature", "properties": {"悬舌/细缝": 1800, "area_m2": 1800, "length_m": 103, "bearing": "西南"}, "geometry": {"type": "MultiPolygon", "coordinates": [[[[442289.87087559904, 2128336.229604493], [442299.87087559904, 2128336.229604493], [442299.87087559904, 2128346.229604493], [442299.87087559904, 2128356.229604493], [442309.87087559904, 2128356.229604493], [442309.87087559904, 2128346.229604493], [442319.87087559904, 2128346.229604493], [442319.87087559904, 2128336.229604493], [442329.87087559904, 2128336.229604493], [442329.87087559904, 2128326.229604493], [442319.87087559904, 2128326.229604493], [442309.87087559904, 2128326.229604493], [442309.87087559904, 2128316.229604493], [442299.87087559904, 2128316.229604493], [442299.87087559904, 2128326.229604493], [442289.87087559904, 2128326.229604493], [442289.87087559904, 2128336.229604493]]], [[[442279.87087559904, 2128346.229604493], [442289.87087559904, 2128346.229604493], [442289.87087559904, 2128336.229604493], [442279.87087559904, 2128336.229604493], [442279.87087559904, 2128346.229604493]]], [[[442269.87087559904, 2128366.229604493], [442269.87087559904, 2128376.229604493], [442269.87087559904, 2128386.229604493], [442279.87087559904, 2128386.229604493], [442279.87087559904, 2128376.229604493], [442289.87087559904, 2128376.229604493], [442289.87087559904, 2128366.229604493], [442299.87087559904, 2128366.229604493], [442299.87087559904, 2128356.229604493], [442289.87087559904, 2128356.229604493], [442279.87087559904, 2128356.229604493], [442279.87087559904, 2128346.229604493], [442269.87087559904, 2128346.229604493], [442269.87087559904, 2128356.229604493], [442269.87087559904, 2128366.229604493]]], [[[442309.87087559904, 2128316.229604493], [442319.87087559904, 2128316.229604493], [442319.87087559904, 2128306.229604493], [442319.87087559904, 2128296.229604493], [442309.87087559904, 2128296.229604493], [442309.87087559904, 2128306.229604493], [442309.87087559904, 2128316.229604493]]]]}}, {"type": "Feature", "properties": {"悬舌/细缝": 1800, "area_m2": 1800, "length_m": 151, "bearing": "北"}, "geometry": {"type": "MultiPolygon", "coordinates": [[[[442119.87087559904, 2124906.229604493], [442119.87087559904, 2124916.229604493], [442119.87087559904, 2124926.229604493], [442119.87087559904, 2124936.229604493], [442119.87087559904, 2124946.229604493], [442119.87087559904, 2124956.229604493], [442119.87087559904, 2124966.229604493], [442119.87087559904, 2124976.229604493], [442129.87087559904, 2124976.229604493], [442129.87087559904, 2124966.229604493], [442129.87087559904, 2124956.229604493], [442129.87087559904, 2124946.229604493], [442129.87087559904, 2124936.229604493], [442129.87087559904, 2124926.229604493], [442129.87087559904, 2124916.229604493], [442129.87087559904, 2124906.229604493], [442129.87087559904, 2124896.229604493], [442129.87087559904, 2124886.229604493], [442119.87087559904, 2124886.229604493], [442119.87087559904, 2124896.229604493], [442119.87087559904, 2124906.229604493]]], [[[442129.87087559904, 2124976.229604493], [442129.87087559904, 2124986.229604493], [442129.87087559904, 2124996.229604493], [442129.87087559904, 2125006.229604493], [442129.87087559904, 2125016.229604493], [442129.87087559904, 2125026.229604493], [442129.87087559904, 2125036.229604493], [442139.87087559904, 2125036.229604493], [442139.87087559904, 2125026.229604493], [442139.87087559904, 2125016.229604493], [442139.87087559904, 2125006.229604493], [442149.87087559904, 2125006.229604493], [442149.87087559904, 2124996.229604493], [442149.87087559904, 2124986.229604493], [442149.87087559904, 2124976.229604493], [442139.87087559904, 2124976.229604493], [442129.87087559904, 2124976.229604493]]]]}}, {"type": "Feature", "properties": {"悬舌/细缝": 1200, "area_m2": 1200, "length_m": 92, "bearing": "西南"}, "geometry": {"type": "MultiPolygon", "coordinates": [[[[442209.87087559904, 2128416.229604493], [442209.87087559904, 2128426.229604493], [442199.87087559904, 2128426.229604493], [442199.87087559904, 2128436.229604493], [442209.87087559904, 2128436.229604493], [442219.87087559904, 2128436.229604493], [442219.87087559904, 2128426.229604493], [442229.87087559904, 2128426.229604493], [442229.87087559904, 2128416.229604493], [442229.87087559904, 2128406.229604493], [442239.87087559904, 2128406.229604493], [442249.87087559904, 2128406.229604493], [442249.87087559904, 2128396.229604493], [442249.87087559904, 2128386.229604493], [442239.87087559904, 2128386.229604493], [442239.87087559904, 2128396.229604493], [442229.87087559904, 2128396.229604493], [442219.87087559904, 2128396.229604493], [442219.87087559904, 2128406.229604493], [442209.87087559904, 2128406.229604493], [442209.87087559904, 2128416.229604493]]], [[[442189.87087559904, 2128456.229604493], [442199.87087559904, 2128456.229604493], [442199.87087559904, 2128446.229604493], [442199.87087559904, 2128436.229604493], [442189.87087559904, 2128436.229604493], [442189.87087559904, 2128446.229604493], [442189.87087559904, 2128456.229604493]]]]}}, {"type": "Feature", "properties": {"悬舌/细缝": 800, "area_m2": 800, "length_m": 67, "bearing": "东南"}, "geometry": {"type": "MultiPolygon", "coordinates": [[[[444699.87087559904, 2127746.229604493], [444699.87087559904, 2127756.229604493], [444689.87087559904, 2127756.229604493], [444689.87087559904, 2127766.229604493], [444699.87087559904, 2127766.229604493], [444709.87087559904, 2127766.229604493], [444709.87087559904, 2127756.229604493], [444709.87087559904, 2127746.229604493], [444699.87087559904, 2127746.229604493]]], [[[444679.87087559904, 2127766.229604493], [444679.87087559904, 2127776.229604493], [444689.87087559904, 2127776.229604493], [444689.87087559904, 2127766.229604493], [444679.87087559904, 2127766.229604493]]], [[[444669.87087559904, 2127786.229604493], [444669.87087559904, 2127796.229604493], [444679.87087559904, 2127796.229604493], [444679.87087559904, 2127786.229604493], [444679.87087559904, 2127776.229604493], [444669.87087559904, 2127776.229604493], [444669.87087559904, 2127786.229604493]]], [[[444699.87087559904, 2127796.229604493], [444689.87087559904, 2127796.229604493], [444679.87087559904, 2127796.229604493], [444679.87087559904, 2127806.229604493], [444689.87087559904, 2127806.229604493], [444699.87087559904, 2127806.229604493], [444699.87087559904, 2127796.229604493]]]]}}, {"type": "Feature", "properties": {"悬舌/细缝": 600, "area_m2": 600, "length_m": 45, "bearing": "东南"}, "geometry": {"type": "MultiPolygon", "coordinates": [[[[444199.87087559904, 2127836.229604493], [444199.87087559904, 2127846.229604493], [444189.87087559904, 2127846.229604493], [444189.87087559904, 2127856.229604493], [444199.87087559904, 2127856.229604493], [444199.87087559904, 2127866.229604493], [444209.87087559904, 2127866.229604493], [444209.87087559904, 2127856.229604493], [444219.87087559904, 2127856.229604493], [444219.87087559904, 2127846.229604493], [444209.87087559904, 2127846.229604493], [444209.87087559904, 2127836.229604493], [444199.87087559904, 2127836.229604493]]], [[[444219.87087559904, 2127856.229604493], [444219.87087559904, 2127866.229604493], [444229.87087559904, 2127866.229604493], [444229.87087559904, 2127856.229604493], [444219.87087559904, 2127856.229604493]]]]}}, {"type": "Feature", "properties": {"悬舌/细缝": 500, "area_m2": 500, "length_m": 54, "bearing": "西南"}, "geometry": {"type": "MultiPolygon", "coordinates": [[[[442029.87087559904, 2128786.229604493], [442029.87087559904, 2128776.229604493], [442019.87087559904, 2128776.229604493], [442009.87087559904, 2128776.229604493], [442009.87087559904, 2128786.229604493], [442019.87087559904, 2128786.229604493], [442029.87087559904, 2128786.229604493]]], [[[441999.87087559904, 2128796.229604493], [442009.87087559904, 2128796.229604493], [442009.87087559904, 2128786.229604493], [441999.87087559904, 2128786.229604493], [441989.87087559904, 2128786.229604493], [441979.87087559904, 2128786.229604493], [441979.87087559904, 2128796.229604493], [441989.87087559904, 2128796.229604493], [441999.87087559904, 2128796.229604493]]]]}}, {"type": "Feature", "properties": {"悬舌/细缝": 500, "area_m2": 500, "length_m": 51, "bearing": "西南"}, "geometry": {"type": "Polygon", "coordinates": [[[442329.87087559904, 2128246.229604493], [442329.87087559904, 2128256.229604493], [442329.87087559904, 2128266.229604493], [442329.87087559904, 2128276.229604493], [442329.87087559904, 2128286.229604493], [442329.87087559904, 2128296.229604493], [442339.87087559904, 2128296.229604493], [442339.87087559904, 2128286.229604493], [442339.87087559904, 2128276.229604493], [442339.87087559904, 2128266.229604493], [442339.87087559904, 2128256.229604493], [442339.87087559904, 2128246.229604493], [442329.87087559904, 2128246.229604493]]]}}, {"type": "Feature", "properties": {"悬舌/细缝": 500, "area_m2": 500, "length_m": 42, "bearing": "东南"}, "geometry": {"type": "Polygon", "coordinates": [[[444759.87087559904, 2127736.229604493], [444759.87087559904, 2127726.229604493], [444749.87087559904, 2127726.229604493], [444739.87087559904, 2127726.229604493], [444739.87087559904, 2127736.229604493], [444729.87087559904, 2127736.229604493], [444729.87087559904, 2127746.229604493], [444729.87087559904, 2127756.229604493], [444739.87087559904, 2127756.229604493], [444739.87087559904, 2127746.229604493], [444749.87087559904, 2127746.229604493], [444749.87087559904, 2127736.229604493], [444759.87087559904, 2127736.229604493]]]}}, {"type": "Feature", "properties": {"细尖刺": 104700, "area_m2": 104700, "length_m": 4072, "bearing": ""}, "geometry": {"type": "MultiPolygon", "coordinates": [[[[441949.87087559904, 2125896.229604493], [441959.87087559904, 2125896.229604493], [441959.87087559904, 2125906.229604493], [441959.87087559904, 2125916.229604493], [441969.87087559904, 2125916.229604493], [441969.87087559904, 2125926.229604493], [441979.87087559904, 2125926.229604493], [441989.87087559904, 2125926.229604493], [441989.87087559904, 2125936.229604493], [441999.87087559904, 2125936.229604493], [441999.87087559904, 2125946.229604493], [442009.87087559904, 2125946.229604493], [442009.87087559904, 2125956.229604493], [442009.87087559904, 2125966.229604493], [442009.87087559904, 2125976.229604493], [442009.87087559904, 2125986.229604493], [442009.87087559904, 2125996.229604493], [442009.87087559904, 2126006.229604493], [442009.87087559904, 2126016.229604493], [442009.87087559904, 2126026.229604493], [442009.87087559904, 2126036.229604493], [442009.87087559904, 2126046.229604493], [442009.87087559904, 2126056.229604493], [442009.87087559904, 2126066.229604493], [442009.87087559904, 2126076.229604493], [442009.87087559904, 2126086.229604493], [442009.87087559904, 2126096.229604493], [442009.87087559904, 2126106.229604493], [442009.87087559904, 2126116.229604493], [442009.87087559904, 2126126.229604493], [442009.87087559904, 2126136.229604493], [442009.87087559904, 2126146.229604493], [442009.87087559904, 2126156.229604493], [442009.87087559904, 2126166.229604493], [442009.87087559904, 2126176.229604493], [442009.87087559904, 2126186.229604493], [442009.87087559904, 2126196.229604493], [442009.87087559904, 2126206.229604493], [442009.87087559904, 2126216.229604493], [442009.87087559904, 2126226.229604493], [442009.87087559904, 2126236.229604493], [442009.87087559904, 2126246.229604493], [442009.87087559904, 2126256.229604493], [442009.87087559904, 2126266.229604493], [442009.87087559904, 2126276.229604493], [442009.87087559904, 2126286.229604493], [442009.87087559904, 2126296.229604493], [442009.87087559904, 2126306.229604493], [442009.87087559904, 2126316.229604493], [442009.87087559904, 2126326.229604493], [442009.87087559904, 2126336.229604493], [442009.87087559904, 2126346.229604493], [442009.87087559904, 2126356.229604493], [442009.87087559904, 2126366.229604493], [442019.87087559904, 2126366.229604493], [442019.87087559904, 2126376.229604493], [442019.87087559904, 2126386.229604493], [442029.87087559904, 2126386.229604493], [442029.87087559904, 2126396.229604493], [442039.87087559904, 2126396.229604493], [442039.87087559904, 2126406.229604493], [442049.87087559904, 2126406.229604493], [442049.87087559904, 2126416.229604493], [442059.87087559904, 2126416.229604493], [442069.87087559904, 2126416.229604493], [442069.87087559904, 2126426.229604493], [442079.87087559904, 2126426.229604493], [442079.87087559904, 2126436.229604493], [442089.87087559904, 2126436.229604493], [442089.87087559904, 2126446.229604493], [442099.87087559904, 2126446.229604493], [442099.87087559904, 2126456.229604493], [442109.87087559904, 2126456.229604493], [442109.87087559904, 2126466.229604493], [442119.87087559904, 2126466.229604493], [442129.87087559904, 2126466.229604493], [442129.87087559904, 2126476.229604493], [442139.87087559904, 2126476.229604493], [442139.87087559904, 2126486.229604493], [442149.87087559904, 2126486.229604493], [442149.87087559904, 2126496.229604493], [442159.87087559904, 2126496.229604493], [442159.87087559904, 2126506.229604493], [442169.87087559904, 2126506.229604493], [442169.87087559904, 2126516.229604493], [442179.87087559904, 2126516.229604493], [442179.87087559904, 2126526.229604493], [442189.87087559904, 2126526.229604493], [442199.87087559904, 2126526.229604493], [442199.87087559904, 2126536.229604493], [442209.87087559904, 2126536.229604493], [442209.87087559904, 2126546.229604493], [442219.87087559904, 2126546.229604493], [442219.87087559904, 2126556.229604493], [442219.87087559904, 2126566.229604493], [442229.87087559904, 2126566.229604493], [442229.87087559904, 2126576.229604493], [442229.87087559904, 2126586.229604493], [442229.87087559904, 2126596.229604493], [442239.87087559904, 2126596.229604493], [442239.87087559904, 2126606.229604493], [442239.87087559904, 2126616.229604493], [442239.87087559904, 2126626.229604493], [442239.87087559904, 2126636.229604493], [442239.87087559904, 2126646.229604493], [442239.87087559904, 2126656.229604493], [442239.87087559904, 2126666.229604493], [442239.87087559904, 2126676.229604493], [442239.87087559904, 2126686.229604493], [442239.87087559904, 2126696.229604493], [442239.87087559904, 2126706.229604493], [442239.87087559904, 2126716.229604493], [442239.87087559904, 2126726.229604493], [442239.87087559904, 2126736.229604493], [442239.87087559904, 2126746.229604493], [442239.87087559904, 2126756.229604493], [442239.87087559904, 2126766.229604493], [442239.87087559904, 2126776.229604493], [442239.87087559904, 2126786.229604493], [442239.87087559904, 2126796.229604493], [442239.87087559904, 2126806.229604493], [442239.87087559904, 2126816.229604493], [442239.87087559904, 2126826.229604493], [442239.87087559904, 2126836.229604493], [442239.87087559904, 2126846.229604493], [442239.87087559904, 2126856.229604493], [442239.87087559904, 2126866.229604493], [442239.87087559904, 2126876.229604493], [442239.87087559904, 2126886.229604493], [442239.87087559904, 2126896.229604493], [442239.87087559904, 2126906.229604493], [442239.87087559904, 2126916.229604493], [442239.87087559904, 2126926.229604493], [442239.87087559904, 2126936.229604493], [442239.87087559904, 2126946.229604493], [442239.87087559904, 2126956.229604493], [442239.87087559904, 2126966.229604493], [442239.87087559904, 2126976.229604493], [442229.87087559904, 2126976.229604493], [442229.87087559904, 2126966.229604493], [442219.87087559904, 2126966.229604493], [442219.87087559904, 2126976.229604493], [442219.87087559904, 2126986.229604493], [442209.87087559904, 2126986.229604493], [442209.87087559904, 2126996.229604493], [442209.87087559904, 2127006.229604493], [442199.87087559904, 2127006.229604493], [442199.87087559904, 2127016.229604493], [442199.87087559904, 2127026.229604493], [442199.87087559904, 2127036.229604493], [442189.87087559904, 2127036.229604493], [442189.87087559904, 2127046.229604493], [442189.87087559904, 2127056.229604493], [442189.87087559904, 2127066.229604493], [442179.87087559904, 2127066.229604493], [442179.87087559904, 2127076.229604493], [442179.87087559904, 2127086.229604493], [442169.87087559904, 2127086.229604493], [442169.87087559904, 2127096.229604493], [442169.87087559904, 2127106.229604493], [442169.87087559904, 2127116.229604493], [442159.87087559904, 2127116.229604493], [442159.87087559904, 2127126.229604493], [442159.87087559904, 2127136.229604493], [442149.87087559904, 2127136.229604493], [442149.87087559904, 2127146.229604493], [442139.87087559904, 2127146.229604493], [442129.87087559904, 2127146.229604493], [442129.87087559904, 2127156.229604493], [442129.87087559904, 2127166.229604493], [442129.87087559904, 2127176.229604493], [442129.87087559904, 2127186.229604493], [442129.87087559904, 2127196.229604493], [442129.87087559904, 2127206.229604493], [442129.87087559904, 2127216.229604493], [442129.87087559904, 2127226.229604493], [442129.87087559904, 2127236.229604493], [442129.87087559904, 2127246.229604493], [442129.87087559904, 2127256.229604493], [442129.87087559904, 2127266.229604493], [442129.87087559904, 2127276.229604493], [442129.87087559904, 2127286.229604493], [442129.87087559904, 2127296.229604493], [442129.87087559904, 2127306.229604493], [442129.87087559904, 2127316.229604493], [442129.87087559904, 2127326.229604493], [442129.87087559904, 2127336.229604493], [442129.87087559904, 2127346.229604493], [442129.87087559904, 2127356.229604493], [442129.87087559904, 2127366.229604493], [442129.87087559904, 2127376.229604493], [442129.87087559904, 2127386.229604493], [442129.87087559904, 2127396.229604493], [442129.87087559904, 2127406.229604493], [442129.87087559904, 2127416.229604493], [442129.87087559904, 2127426.229604493], [442129.87087559904, 2127436.229604493], [442129.87087559904, 2127446.229604493], [442129.87087559904, 2127456.229604493], [442139.87087559904, 2127456.229604493], [442139.87087559904, 2127466.229604493], [442139.87087559904, 2127476.229604493], [442139.87087559904, 2127486.229604493], [442149.87087559904, 2127486.229604493], [442149.87087559904, 2127496.229604493], [442159.87087559904, 2127496.229604493], [442169.87087559904, 2127496.229604493], [442169.87087559904, 2127506.229604493], [442179.87087559904, 2127506.229604493], [442189.87087559904, 2127506.229604493], [442189.87087559904, 2127516.229604493], [442199.87087559904, 2127516.229604493], [442199.87087559904, 2127526.229604493], [442209.87087559904, 2127526.229604493], [442209.87087559904, 2127536.229604493], [442209.87087559904, 2127546.229604493], [442209.87087559904, 2127556.229604493], [442209.87087559904, 2127566.229604493], [442219.87087559904, 2127566.229604493], [442219.87087559904, 2127576.229604493], [442219.87087559904, 2127586.229604493], [442219.87087559904, 2127596.229604493], [442219.87087559904, 2127606.229604493], [442229.87087559904, 2127606.229604493], [442239.87087559904, 2127606.229604493], [442239.87087559904, 2127616.229604493], [442249.87087559904, 2127616.229604493], [442259.87087559904, 2127616.229604493], [442259.87087559904, 2127626.229604493], [442269.87087559904, 2127626.229604493], [442269.87087559904, 2127636.229604493], [442269.87087559904, 2127646.229604493], [442279.87087559904, 2127646.229604493], [442279.87087559904, 2127656.229604493], [442279.87087559904, 2127666.229604493], [442279.87087559904, 2127676.229604493], [442279.87087559904, 2127686.229604493], [442289.87087559904, 2127686.229604493], [442289.87087559904, 2127696.229604493], [442289.87087559904, 2127706.229604493], [442289.87087559904, 2127716.229604493], [442289.87087559904, 2127726.229604493], [442299.87087559904, 2127726.229604493], [442299.87087559904, 2127736.229604493], [442299.87087559904, 2127746.229604493], [442299.87087559904, 2127756.229604493], [442309.87087559904, 2127756.229604493], [442309.87087559904, 2127766.229604493], [442309.87087559904, 2127776.229604493], [442309.87087559904, 2127786.229604493], [442309.87087559904, 2127796.229604493], [442319.87087559904, 2127796.229604493], [442319.87087559904, 2127806.229604493], [442319.87087559904, 2127816.229604493], [442329.87087559904, 2127816.229604493], [442339.87087559904, 2127816.229604493], [442339.87087559904, 2127826.229604493], [442349.87087559904, 2127826.229604493], [442359.87087559904, 2127826.229604493], [442359.87087559904, 2127836.229604493], [442369.87087559904, 2127836.229604493], [442379.87087559904, 2127836.229604493], [442379.87087559904, 2127846.229604493], [442389.87087559904, 2127846.229604493], [442399.87087559904, 2127846.229604493], [442399.87087559904, 2127856.229604493], [442409.87087559904, 2127856.229604493], [442419.87087559904, 2127856.229604493], [442419.87087559904, 2127866.229604493], [442429.87087559904, 2127866.229604493], [442429.87087559904, 2127876.229604493], [442429.87087559904, 2127886.229604493], [442429.87087559904, 2127896.229604493], [442419.87087559904, 2127896.229604493], [442419.87087559904, 2127906.229604493], [442409.87087559904, 2127906.229604493], [442409.87087559904, 2127916.229604493], [442419.87087559904, 2127916.229604493], [442419.87087559904, 2127926.229604493], [442419.87087559904, 2127936.229604493], [442419.87087559904, 2127946.229604493], [442429.87087559904, 2127946.229604493], [442429.87087559904, 2127936.229604493], [442429.87087559904, 2127926.229604493], [442439.87087559904, 2127926.229604493], [442439.87087559904, 2127916.229604493], [442449.87087559904, 2127916.229604493], [442459.87087559904, 2127916.229604493], [442469.87087559904, 2127916.229604493], [442479.87087559904, 2127916.229604493], [442479.87087559904, 2127926.229604493], [442479.87087559904, 2127936.229604493], [442489.87087559904, 2127936.229604493], [442489.87087559904, 2127946.229604493], [442489.87087559904, 2127956.229604493], [442499.87087559904, 2127956.229604493], [442499.87087559904, 2127966.229604493], [442499.87087559904, 2127976.229604493], [442509.87087559904, 2127976.229604493], [442509.87087559904, 2127986.229604493], [442509.87087559904, 2127996.229604493], [442519.87087559904, 2127996.229604493], [442519.87087559904, 2128006.229604493], [442519.87087559904, 2128016.229604493], [442529.87087559904, 2128016.229604493], [442529.87087559904, 2128026.229604493], [442529.87087559904, 2128036.229604493], [442539.87087559904, 2128036.229604493], [442539.87087559904, 2128046.229604493], [442539.87087559904, 2128056.229604493], [442549.87087559904, 2128056.229604493], [442549.87087559904, 2128066.229604493], [442549.87087559904, 2128076.229604493], [442559.87087559904, 2128076.229604493], [442559.87087559904, 2128086.229604493], [442559.87087559904, 2128096.229604493], [442569.87087559904, 2128096.229604493], [442569.87087559904, 2128106.229604493], [442569.87087559904, 2128116.229604493], [442579.87087559904, 2128116.229604493], [442579.87087559904, 2128126.229604493], [442579.87087559904, 2128136.229604493], [442589.87087559904, 2128136.229604493], [442589.87087559904, 2128146.229604493], [442589.87087559904, 2128156.229604493], [442599.87087559904, 2128156.229604493], [442599.87087559904, 2128166.229604493], [442609.87087559904, 2128166.229604493], [442609.87087559904, 2128176.229604493], [442619.87087559904, 2128176.229604493], [442619.87087559904, 2128186.229604493], [442629.87087559904, 2128186.229604493], [442629.87087559904, 2128196.229604493], [442639.87087559904, 2128196.229604493], [442639.87087559904, 2128206.229604493], [442649.87087559904, 2128206.229604493], [442649.87087559904, 2128216.229604493], [442659.87087559904, 2128216.229604493], [442659.87087559904, 2128226.229604493], [442669.87087559904, 2128226.229604493], [442669.87087559904, 2128236.229604493], [442679.87087559904, 2128236.229604493], [442679.87087559904, 2128246.229604493], [442689.87087559904, 2128246.229604493], [442689.87087559904, 2128256.229604493], [442699.87087559904, 2128256.229604493], [442709.87087559904, 2128256.229604493], [442719.87087559904, 2128256.229604493], [442719.87087559904, 2128266.229604493], [442729.87087559904, 2128266.229604493], [442739.87087559904, 2128266.229604493], [442749.87087559904, 2128266.229604493], [442759.87087559904, 2128266.229604493], [442769.87087559904, 2128266.229604493], [442779.87087559904, 2128266.229604493], [442779.87087559904, 2128276.229604493], [442789.87087559904, 2128276.229604493], [442799.87087559904, 2128276.229604493], [442809.87087559904, 2128276.229604493], [442819.87087559904, 2128276.229604493], [442819.87087559904, 2128286.229604493], [442829.87087559904, 2128286.229604493], [442829.87087559904, 2128296.229604493], [442829.87087559904, 2128306.229604493], [442839.87087559904, 2128306.229604493], [442839.87087559904, 2128316.229604493], [442839.87087559904, 2128326.229604493], [442849.87087559904, 2128326.229604493], [442849.87087559904, 2128336.229604493], [442849.87087559904, 2128346.229604493], [442859.87087559904, 2128346.229604493], [442859.87087559904, 2128356.229604493], [442869.87087559904, 2128356.229604493], [442869.87087559904, 2128366.229604493], [442869.87087559904, 2128376.229604493], [442879.87087559904, 2128376.229604493], [442879.87087559904, 2128386.229604493], [442879.87087559904, 2128396.229604493], [442889.87087559904, 2128396.229604493], [442889.87087559904, 2128406.229604493], [442889.87087559904, 2128416.229604493], [442899.87087559904, 2128416.229604493], [442899.87087559904, 2128426.229604493], [442909.87087559904, 2128426.229604493], [442909.87087559904, 2128436.229604493], [442919.87087559904, 2128436.229604493], [442919.87087559904, 2128446.229604493], [442929.87087559904, 2128446.229604493], [442929.87087559904, 2128456.229604493], [442939.87087559904, 2128456.229604493], [442939.87087559904, 2128466.229604493], [442949.87087559904, 2128466.229604493], [442949.87087559904, 2128476.229604493], [442949.87087559904, 2128486.229604493], [442959.87087559904, 2128486.229604493], [442959.87087559904, 2128496.229604493], [442969.87087559904, 2128496.229604493], [442969.87087559904, 2128506.229604493], [442979.87087559904, 2128506.229604493], [442979.87087559904, 2128516.229604493], [442989.87087559904, 2128516.229604493], [442989.87087559904, 2128526.229604493], [442999.87087559904, 2128526.229604493], [442999.87087559904, 2128536.229604493], [443009.87087559904, 2128536.229604493], [443009.87087559904, 2128546.229604493], [443019.87087559904, 2128546.229604493], [443019.87087559904, 2128556.229604493], [443029.87087559904, 2128556.229604493], [443029.87087559904, 2128566.229604493], [443039.87087559904, 2128566.229604493], [443039.87087559904, 2128576.229604493], [443039.87087559904, 2128586.229604493], [443049.87087559904, 2128586.229604493], [443049.87087559904, 2128596.229604493], [443059.87087559904, 2128596.229604493], [443059.87087559904, 2128606.229604493], [443069.87087559904, 2128606.229604493], [443069.87087559904, 2128616.229604493], [443079.87087559904, 2128616.229604493], [443079.87087559904, 2128626.229604493], [443089.87087559904, 2128626.229604493], [443089.87087559904, 2128636.229604493], [443099.87087559904, 2128636.229604493], [443109.87087559904, 2128636.229604493], [443119.87087559904, 2128636.229604493], [443129.87087559904, 2128636.229604493], [443139.87087559904, 2128636.229604493], [443149.87087559904, 2128636.229604493], [443149.87087559904, 2128646.229604493], [443159.87087559904, 2128646.229604493], [443169.87087559904, 2128646.229604493], [443179.87087559904, 2128646.229604493], [443189.87087559904, 2128646.229604493], [443199.87087559904, 2128646.229604493], [443209.87087559904, 2128646.229604493], [443219.87087559904, 2128646.229604493], [443229.87087559904, 2128646.229604493], [443239.87087559904, 2128646.229604493], [443249.87087559904, 2128646.229604493], [443259.87087559904, 2128646.229604493], [443259.87087559904, 2128656.229604493], [443269.87087559904, 2128656.229604493], [443279.87087559904, 2128656.229604493], [443289.87087559904, 2128656.229604493], [443299.87087559904, 2128656.229604493], [443309.87087559904, 2128656.229604493], [443319.87087559904, 2128656.229604493], [443329.87087559904, 2128656.229604493], [443329.87087559904, 2128646.229604493], [443339.87087559904, 2128646.229604493], [443349.87087559904, 2128646.229604493], [443349.87087559904, 2128636.229604493], [443359.87087559904, 2128636.229604493], [443369.87087559904, 2128636.229604493], [443379.87087559904, 2128636.229604493], [443379.87087559904, 2128626.229604493], [443389.87087559904, 2128626.229604493], [443399.87087559904, 2128626.229604493], [443399.87087559904, 2128616.229604493], [443409.87087559904, 2128616.229604493], [443419.87087559904, 2128616.229604493], [443429.87087559904, 2128616.229604493], [443439.87087559904, 2128616.229604493], [443449.87087559904, 2128616.229604493], [443459.87087559904, 2128616.229604493], [443469.87087559904, 2128616.229604493], [443479.87087559904, 2128616.229604493], [443489.87087559904, 2128616.229604493], [443499.87087559904, 2128616.229604493], [443509.87087559904, 2128616.229604493], [443519.87087559904, 2128616.229604493], [443529.87087559904, 2128616.229604493], [443539.87087559904, 2128616.229604493], [443549.87087559904, 2128616.229604493], [443559.87087559904, 2128616.229604493], [443569.87087559904, 2128616.229604493], [443579.87087559904, 2128616.229604493], [443589.87087559904, 2128616.229604493], [443599.87087559904, 2128616.229604493], [443609.87087559904, 2128616.229604493], [443619.87087559904, 2128616.229604493], [443619.87087559904, 2128606.229604493], [443629.87087559904, 2128606.229604493], [443629.87087559904, 2128596.229604493], [443639.87087559904, 2128596.229604493], [443639.87087559904, 2128586.229604493], [443649.87087559904, 2128586.229604493], [443649.87087559904, 2128576.229604493], [443659.87087559904, 2128576.229604493], [443669.87087559904, 2128576.229604493], [443669.87087559904, 2128566.229604493], [443679.87087559904, 2128566.229604493], [443679.87087559904, 2128556.229604493], [443689.87087559904, 2128556.229604493], [443689.87087559904, 2128546.229604493], [443699.87087559904, 2128546.229604493], [443699.87087559904, 2128536.229604493], [443709.87087559904, 2128536.229604493], [443709.87087559904, 2128526.229604493], [443719.87087559904, 2128526.229604493], [443719.87087559904, 2128516.229604493], [443729.87087559904, 2128516.229604493], [443729.87087559904, 2128506.229604493], [443739.87087559904, 2128506.229604493], [443739.87087559904, 2128496.229604493], [443749.87087559904, 2128496.229604493], [443759.87087559904, 2128496.229604493], [443759.87087559904, 2128486.229604493], [443769.87087559904, 2128486.229604493], [443769.87087559904, 2128476.229604493], [443779.87087559904, 2128476.229604493], [443779.87087559904, 2128466.229604493], [443789.87087559904, 2128466.229604493], [443789.87087559904, 2128456.229604493], [443799.87087559904, 2128456.229604493], [443799.87087559904, 2128446.229604493], [443809.87087559904, 2128446.229604493], [443809.87087559904, 2128436.229604493], [443819.87087559904, 2128436.229604493], [443819.87087559904, 2128426.229604493], [443829.87087559904, 2128426.229604493], [443829.87087559904, 2128416.229604493], [443839.87087559904, 2128416.229604493], [443839.87087559904, 2128406.229604493], [443849.87087559904, 2128406.229604493], [443859.87087559904, 2128406.229604493], [443859.87087559904, 2128396.229604493], [443869.87087559904, 2128396.229604493], [443869.87087559904, 2128386.229604493], [443879.87087559904, 2128386.229604493], [443879.87087559904, 2128376.229604493], [443889.87087559904, 2128376.229604493], [443889.87087559904, 2128366.229604493], [443899.87087559904, 2128366.229604493], [443899.87087559904, 2128356.229604493], [443899.87087559904, 2128346.229604493], [443909.87087559904, 2128346.229604493], [443909.87087559904, 2128336.229604493], [443909.87087559904, 2128326.229604493], [443919.87087559904, 2128326.229604493], [443919.87087559904, 2128316.229604493], [443919.87087559904, 2128306.229604493], [443929.87087559904, 2128306.229604493], [443929.87087559904, 2128296.229604493], [443929.87087559904, 2128286.229604493], [443939.87087559904, 2128286.229604493], [443939.87087559904, 2128276.229604493], [443939.87087559904, 2128266.229604493], [443949.87087559904, 2128266.229604493], [443949.87087559904, 2128256.229604493], [443949.87087559904, 2128246.229604493], [443959.87087559904, 2128246.229604493], [443959.87087559904, 2128236.229604493], [443959.87087559904, 2128226.229604493], [443959.87087559904, 2128216.229604493], [443959.87087559904, 2128206.229604493], [443959.87087559904, 2128196.229604493], [443959.87087559904, 2128186.229604493], [443959.87087559904, 2128176.229604493], [443959.87087559904, 2128166.229604493], [443959.87087559904, 2128156.229604493], [443959.87087559904, 2128146.229604493], [443959.87087559904, 2128136.229604493], [443969.87087559904, 2128136.229604493], [443969.87087559904, 2128126.229604493], [443969.87087559904, 2128116.229604493], [443979.87087559904, 2128116.229604493], [443979.87087559904, 2128106.229604493], [443989.87087559904, 2128106.229604493], [443989.87087559904, 2128096.229604493], [443999.87087559904, 2128096.229604493], [443999.87087559904, 2128086.229604493], [443999.87087559904, 2128076.229604493], [444009.87087559904, 2128076.229604493], [444009.87087559904, 2128066.229604493], [444019.87087559904, 2128066.229604493], [444019.87087559904, 2128056.229604493], [444019.87087559904, 2128046.229604493], [444019.87087559904, 2128036.229604493], [444019.87087559904, 2128026.229604493], [444019.87087559904, 2128016.229604493], [444029.87087559904, 2128016.229604493], [444029.87087559904, 2128006.229604493], [444029.87087559904, 2127996.229604493], [444029.87087559904, 2127986.229604493], [444029.87087559904, 2127976.229604493], [444029.87087559904, 2127966.229604493], [444029.87087559904, 2127956.229604493], [444029.87087559904, 2127946.229604493], [444029.87087559904, 2127936.229604493], [444039.87087559904, 2127936.229604493], [444039.87087559904, 2127926.229604493], [444039.87087559904, 2127916.229604493], [444039.87087559904, 2127906.229604493], [444039.87087559904, 2127896.229604493], [444039.87087559904, 2127886.229604493], [444039.87087559904, 2127876.229604493], [444049.87087559904, 2127876.229604493], [444049.87087559904, 2127866.229604493], [444049.87087559904, 2127856.229604493], [444059.87087559904, 2127856.229604493], [444059.87087559904, 2127846.229604493], [444069.87087559904, 2127846.229604493], [444069.87087559904, 2127836.229604493], [444079.87087559904, 2127836.229604493], [444079.87087559904, 2127826.229604493], [444079.87087559904, 2127816.229604493], [444089.87087559904, 2127816.229604493], [444089.87087559904, 2127806.229604493], [444099.87087559904, 2127806.229604493], [444099.87087559904, 2127796.229604493], [444109.87087559904, 2127796.229604493], [444119.87087559904, 2127796.229604493], [444129.87087559904, 2127796.229604493], [444139.87087559904, 2127796.229604493], [444139.87087559904, 2127806.229604493], [444149.87087559904, 2127806.229604493], [444149.87087559904, 2127796.229604493], [444149.87087559904, 2127786.229604493], [444149.87087559904, 2127776.229604493], [444149.87087559904, 2127766.229604493], [444139.87087559904, 2127766.229604493], [444139.87087559904, 2127756.229604493], [444139.87087559904, 2127746.229604493], [444139.87087559904, 2127736.229604493], [444139.87087559904, 2127726.229604493], [444139.87087559904, 2127716.229604493], [444149.87087559904, 2127716.229604493], [444149.87087559904, 2127706.229604493], [444159.87087559904, 2127706.229604493], [444159.87087559904, 2127696.229604493], [444159.87087559904, 2127686.229604493], [444169.87087559904, 2127686.229604493], [444169.87087559904, 2127676.229604493], [444179.87087559904, 2127676.229604493], [444179.87087559904, 2127666.229604493], [444179.87087559904, 2127656.229604493], [444179.87087559904, 2127646.229604493], [444179.87087559904, 2127636.229604493], [444179.87087559904, 2127626.229604493], [444179.87087559904, 2127616.229604493], [444179.87087559904, 2127606.229604493], [444179.87087559904, 2127596.229604493], [444179.87087559904, 2127586.229604493], [444179.87087559904, 2127576.229604493], [444179.87087559904, 2127566.229604493], [444179.87087559904, 2127556.229604493], [444189.87087559904, 2127556.229604493], [444189.87087559904, 2127546.229604493], [444199.87087559904, 2127546.229604493], [444209.87087559904, 2127546.229604493], [444209.87087559904, 2127536.229604493], [444219.87087559904, 2127536.229604493], [444229.87087559904, 2127536.229604493], [444229.87087559904, 2127526.229604493], [444239.87087559904, 2127526.229604493], [444239.87087559904, 2127516.229604493], [444249.87087559904, 2127516.229604493], [444259.87087559904, 2127516.229604493], [444259.87087559904, 2127506.229604493], [444269.87087559904, 2127506.229604493], [444279.87087559904, 2127506.229604493], [444279.87087559904, 2127496.229604493], [444289.87087559904, 2127496.229604493], [444299.87087559904, 2127496.229604493], [444299.87087559904, 2127486.229604493], [444309.87087559904, 2127486.229604493], [444309.87087559904, 2127476.229604493], [444319.87087559904, 2127476.229604493], [444329.87087559904, 2127476.229604493], [444329.87087559904, 2127466.229604493], [444339.87087559904, 2127466.229604493], [444349.87087559904, 2127466.229604493], [444349.87087559904, 2127456.229604493], [444359.87087559904, 2127456.229604493], [444359.87087559904, 2127446.229604493], [444359.87087559904, 2127436.229604493], [444369.87087559904, 2127436.229604493], [444369.87087559904, 2127426.229604493], [444369.87087559904, 2127416.229604493], [444379.87087559904, 2127416.229604493], [444379.87087559904, 2127406.229604493], [444379.87087559904, 2127396.229604493], [444389.87087559904, 2127396.229604493], [444389.87087559904, 2127386.229604493], [444389.87087559904, 2127376.229604493], [444399.87087559904, 2127376.229604493], [444399.87087559904, 2127366.229604493], [444399.87087559904, 2127356.229604493], [444409.87087559904, 2127356.229604493], [444409.87087559904, 2127346.229604493], [444409.87087559904, 2127336.229604493], [444419.87087559904, 2127336.229604493], [444419.87087559904, 2127326.229604493], [444419.87087559904, 2127316.229604493], [444419.87087559904, 2127306.229604493], [444429.87087559904, 2127306.229604493], [444429.87087559904, 2127296.229604493], [444429.87087559904, 2127286.229604493], [444439.87087559904, 2127286.229604493], [444439.87087559904, 2127276.229604493], [444439.87087559904, 2127266.229604493], [444449.87087559904, 2127266.229604493], [444449.87087559904, 2127256.229604493], [444449.87087559904, 2127246.229604493], [444459.87087559904, 2127246.229604493], [444459.87087559904, 2127236.229604493], [444459.87087559904, 2127226.229604493], [444469.87087559904, 2127226.229604493], [444469.87087559904, 2127216.229604493], [444469.87087559904, 2127206.229604493], [444479.87087559904, 2127206.229604493], [444479.87087559904, 2127196.229604493], [444479.87087559904, 2127186.229604493], [444479.87087559904, 2127176.229604493], [444479.87087559904, 2127166.229604493], [444479.87087559904, 2127156.229604493], [444479.87087559904, 2127146.229604493], [444479.87087559904, 2127136.229604493], [444479.87087559904, 2127126.229604493], [444479.87087559904, 2127116.229604493], [444479.87087559904, 2127106.229604493], [444479.87087559904, 2127096.229604493], [444479.87087559904, 2127086.229604493], [444479.87087559904, 2127076.229604493], [444479.87087559904, 2127066.229604493], [444479.87087559904, 2127056.229604493], [444479.87087559904, 2127046.229604493], [444479.87087559904, 2127036.229604493], [444489.87087559904, 2127036.229604493], [444489.87087559904, 2127026.229604493], [444489.87087559904, 2127016.229604493], [444499.87087559904, 2127016.229604493], [444499.87087559904, 2127006.229604493], [444509.87087559904, 2127006.229604493], [444509.87087559904, 2126996.229604493], [444519.87087559904, 2126996.229604493], [444519.87087559904, 2126986.229604493], [444519.87087559904, 2126976.229604493], [444529.87087559904, 2126976.229604493], [444529.87087559904, 2126966.229604493], [444539.87087559904, 2126966.229604493], [444539.87087559904, 2126956.229604493], [444539.87087559904, 2126946.229604493], [444549.87087559904, 2126946.229604493], [444549.87087559904, 2126936.229604493], [444559.87087559904, 2126936.229604493], [444559.87087559904, 2126926.229604493], [444569.87087559904, 2126926.229604493], [444569.87087559904, 2126916.229604493], [444569.87087559904, 2126906.229604493], [444579.87087559904, 2126906.229604493], [444579.87087559904, 2126896.229604493], [444589.87087559904, 2126896.229604493], [444589.87087559904, 2126886.229604493], [444599.87087559904, 2126886.229604493], [444599.87087559904, 2126876.229604493], [444609.87087559904, 2126876.229604493], [444619.87087559904, 2126876.229604493], [444619.87087559904, 2126866.229604493], [444629.87087559904, 2126866.229604493], [444629.87087559904, 2126856.229604493], [444639.87087559904, 2126856.229604493], [444639.87087559904, 2126846.229604493], [444649.87087559904, 2126846.229604493], [444649.87087559904, 2126836.229604493], [444659.87087559904, 2126836.229604493], [444669.87087559904, 2126836.229604493], [444669.87087559904, 2126826.229604493], [444679.87087559904, 2126826.229604493], [444679.87087559904, 2126816.229604493], [444689.87087559904, 2126816.229604493], [444699.87087559904, 2126816.229604493], [444709.87087559904, 2126816.229604493], [444719.87087559904, 2126816.229604493], [444729.87087559904, 2126816.229604493], [444729.87087559904, 2126826.229604493], [444729.87087559904, 2126836.229604493], [444739.87087559904, 2126836.229604493], [444739.87087559904, 2126846.229604493], [444749.87087559904, 2126846.229604493], [444749.87087559904, 2126856.229604493], [444759.87087559904, 2126856.229604493], [444769.87087559904, 2126856.229604493], [444779.87087559904, 2126856.229604493], [444789.87087559904, 2126856.229604493], [444799.87087559904, 2126856.229604493], [444809.87087559904, 2126856.229604493], [444819.87087559904, 2126856.229604493], [444829.87087559904, 2126856.229604493], [444839.87087559904, 2126856.229604493], [444849.87087559904, 2126856.229604493], [444859.87087559904, 2126856.229604493], [444869.87087559904, 2126856.229604493], [444879.87087559904, 2126856.229604493], [444889.87087559904, 2126856.229604493], [444899.87087559904, 2126856.229604493], [444909.87087559904, 2126856.229604493], [444919.87087559904, 2126856.229604493], [444929.87087559904, 2126856.229604493], [444939.87087559904, 2126856.229604493], [444949.87087559904, 2126856.229604493], [444959.87087559904, 2126856.229604493], [444969.87087559904, 2126856.229604493], [444979.87087559904, 2126856.229604493], [444989.87087559904, 2126856.229604493], [444989.87087559904, 2126846.229604493], [444999.87087559904, 2126846.229604493], [444999.87087559904, 2126836.229604493], [445009.87087559904, 2126836.229604493], [445009.87087559904, 2126826.229604493], [445009.87087559904, 2126816.229604493], [445009.87087559904, 2126806.229604493], [445009.87087559904, 2126796.229604493], [445009.87087559904, 2126786.229604493], [445009.87087559904, 2126776.229604493], [445009.87087559904, 2126766.229604493], [445009.87087559904, 2126756.229604493], [445009.87087559904, 2126746.229604493], [445009.87087559904, 2126736.229604493], [445009.87087559904, 2126726.229604493], [445009.87087559904, 2126716.229604493], [445009.87087559904, 2126706.229604493], [445009.87087559904, 2126696.229604493], [445009.87087559904, 2126686.229604493], [445009.87087559904, 2126676.229604493], [445009.87087559904, 2126666.229604493], [445009.87087559904, 2126656.229604493], [445009.87087559904, 2126646.229604493], [445009.87087559904, 2126636.229604493], [445009.87087559904, 2126626.229604493], [445009.87087559904, 2126616.229604493], [445009.87087559904, 2126606.229604493], [445019.87087559904, 2126606.229604493], [445019.87087559904, 2126596.229604493], [445019.87087559904, 2126586.229604493], [445019.87087559904, 2126576.229604493], [445019.87087559904, 2126566.229604493], [445019.87087559904, 2126556.229604493], [445019.87087559904, 2126546.229604493], [445019.87087559904, 2126536.229604493], [445019.87087559904, 2126526.229604493], [445019.87087559904, 2126516.229604493], [445029.87087559904, 2126516.229604493], [445029.87087559904, 2126506.229604493], [445029.87087559904, 2126496.229604493], [445029.87087559904, 2126486.229604493], [445029.87087559904, 2126476.229604493], [445029.87087559904, 2126466.229604493], [445029.87087559904, 2126456.229604493], [445029.87087559904, 2126446.229604493], [445029.87087559904, 2126436.229604493], [445029.87087559904, 2126426.229604493], [445029.87087559904, 2126416.229604493], [445029.87087559904, 2126406.229604493], [445029.87087559904, 2126396.229604493], [445029.87087559904, 2126386.229604493], [445029.87087559904, 2126376.229604493], [445029.87087559904, 2126366.229604493], [445029.87087559904, 2126356.229604493], [445029.87087559904, 2126346.229604493], [445029.87087559904, 2126336.229604493], [445039.87087559904, 2126336.229604493], [445039.87087559904, 2126326.229604493], [445039.87087559904, 2126316.229604493], [445039.87087559904, 2126306.229604493], [445039.87087559904, 2126296.229604493], [445039.87087559904, 2126286.229604493], [445039.87087559904, 2126276.229604493], [445039.87087559904, 2126266.229604493], [445039.87087559904, 2126256.229604493], [445039.87087559904, 2126246.229604493], [445029.87087559904, 2126246.229604493], [445029.87087559904, 2126236.229604493], [445019.87087559904, 2126236.229604493], [445019.87087559904, 2126226.229604493], [445019.87087559904, 2126216.229604493], [445009.87087559904, 2126216.229604493], [445009.87087559904, 2126206.229604493], [444999.87087559904, 2126206.229604493], [444999.87087559904, 2126196.229604493], [444989.87087559904, 2126196.229604493], [444989.87087559904, 2126186.229604493], [444989.87087559904, 2126176.229604493], [444979.87087559904, 2126176.229604493], [444979.87087559904, 2126166.229604493], [444969.87087559904, 2126166.229604493], [444969.87087559904, 2126156.229604493], [444959.87087559904, 2126156.229604493], [444959.87087559904, 2126146.229604493], [444959.87087559904, 2126136.229604493], [444949.87087559904, 2126136.229604493], [444949.87087559904, 2126126.229604493], [444939.87087559904, 2126126.229604493], [444939.87087559904, 2126116.229604493], [444929.87087559904, 2126116.229604493], [444929.87087559904, 2126106.229604493], [444919.87087559904, 2126106.229604493], [444919.87087559904, 2126096.229604493], [444919.87087559904, 2126086.229604493], [444909.87087559904, 2126086.229604493], [444909.87087559904, 2126076.229604493], [444899.87087559904, 2126076.229604493], [444899.87087559904, 2126066.229604493], [444889.87087559904, 2126066.229604493], [444889.87087559904, 2126056.229604493], [444889.87087559904, 2126046.229604493], [444879.87087559904, 2126046.229604493], [444879.87087559904, 2126036.229604493], [444869.87087559904, 2126036.229604493], [444869.87087559904, 2126026.229604493], [444859.87087559904, 2126026.229604493], [444859.87087559904, 2126016.229604493], [444859.87087559904, 2126006.229604493], [444849.87087559904, 2126006.229604493], [444849.87087559904, 2125996.229604493], [444839.87087559904, 2125996.229604493], [444839.87087559904, 2125986.229604493], [444839.87087559904, 2125976.229604493], [444839.87087559904, 2125966.229604493], [444839.87087559904, 2125956.229604493], [444839.87087559904, 2125946.229604493], [444839.87087559904, 2125936.229604493], [444839.87087559904, 2125926.229604493], [444839.87087559904, 2125916.229604493], [444839.87087559904, 2125906.229604493], [444839.87087559904, 2125896.229604493], [444849.87087559904, 2125896.229604493], [444849.87087559904, 2125886.229604493], [444859.87087559904, 2125886.229604493], [444859.87087559904, 2125876.229604493], [444859.87087559904, 2125866.229604493], [444869.87087559904, 2125866.229604493], [444869.87087559904, 2125856.229604493], [444879.87087559904, 2125856.229604493], [444879.87087559904, 2125846.229604493], [444889.87087559904, 2125846.229604493], [444889.87087559904, 2125836.229604493], [444899.87087559904, 2125836.229604493], [444899.87087559904, 2125826.229604493], [444899.87087559904, 2125816.229604493], [444909.87087559904, 2125816.229604493], [444909.87087559904, 2125806.229604493], [444919.87087559904, 2125806.229604493], [444919.87087559904, 2125796.229604493], [444919.87087559904, 2125786.229604493], [444929.87087559904, 2125786.229604493], [444929.87087559904, 2125776.229604493], [444929.87087559904, 2125766.229604493], [444939.87087559904, 2125766.229604493], [444939.87087559904, 2125756.229604493], [444939.87087559904, 2125746.229604493], [444949.87087559904, 2125746.229604493], [444949.87087559904, 2125736.229604493], [444949.87087559904, 2125726.229604493], [444959.87087559904, 2125726.229604493], [444959.87087559904, 2125716.229604493], [444959.87087559904, 2125706.229604493], [444969.87087559904, 2125706.229604493], [444969.87087559904, 2125696.229604493], [444969.87087559904, 2125686.229604493], [444979.87087559904, 2125686.229604493], [444979.87087559904, 2125676.229604493], [444979.87087559904, 2125666.229604493], [444989.87087559904, 2125666.229604493], [444989.87087559904, 2125656.229604493], [444989.87087559904, 2125646.229604493], [444999.87087559904, 2125646.229604493], [444999.87087559904, 2125636.229604493], [444999.87087559904, 2125626.229604493], [445009.87087559904, 2125626.229604493], [445009.87087559904, 2125616.229604493], [445009.87087559904, 2125606.229604493], [445019.87087559904, 2125606.229604493], [445019.87087559904, 2125596.229604493], [445019.87087559904, 2125586.229604493], [445029.87087559904, 2125586.229604493], [445029.87087559904, 2125576.229604493], [445029.87087559904, 2125566.229604493], [445039.87087559904, 2125566.229604493], [445039.87087559904, 2125556.229604493], [445039.87087559904, 2125546.229604493], [445049.87087559904, 2125546.229604493], [445049.87087559904, 2125536.229604493], [445049.87087559904, 2125526.229604493], [445059.87087559904, 2125526.229604493], [445059.87087559904, 2125516.229604493], [445059.87087559904, 2125506.229604493], [445069.87087559904, 2125506.229604493], [445069.87087559904, 2125496.229604493], [445069.87087559904, 2125486.229604493], [445079.87087559904, 2125486.229604493], [445079.87087559904, 2125476.229604493], [445079.87087559904, 2125466.229604493], [445089.87087559904, 2125466.229604493], [445089.87087559904, 2125456.229604493], [445089.87087559904, 2125446.229604493], [445099.87087559904, 2125446.229604493], [445099.87087559904, 2125436.229604493], [445099.87087559904, 2125426.229604493], [445109.87087559904, 2125426.229604493], [445109.87087559904, 2125416.229604493], [445109.87087559904, 2125406.229604493], [445119.87087559904, 2125406.229604493], [445119.87087559904, 2125396.229604493], [445119.87087559904, 2125386.229604493], [445129.87087559904, 2125386.229604493], [445129.87087559904, 2125376.229604493], [445129.87087559904, 2125366.229604493], [445139.87087559904, 2125366.229604493], [445139.87087559904, 2125356.229604493], [445149.87087559904, 2125356.229604493], [445149.87087559904, 2125346.229604493], [445159.87087559904, 2125346.229604493], [445159.87087559904, 2125336.229604493], [445169.87087559904, 2125336.229604493], [445169.87087559904, 2125326.229604493], [445179.87087559904, 2125326.229604493], [445189.87087559904, 2125326.229604493], [445189.87087559904, 2125316.229604493], [445199.87087559904, 2125316.229604493], [445199.87087559904, 2125306.229604493], [445209.87087559904, 2125306.229604493], [445209.87087559904, 2125296.229604493], [445219.87087559904, 2125296.229604493], [445219.87087559904, 2125286.229604493], [445229.87087559904, 2125286.229604493], [445229.87087559904, 2125276.229604493], [445239.87087559904, 2125276.229604493], [445239.87087559904, 2125266.229604493], [445249.87087559904, 2125266.229604493], [445249.87087559904, 2125256.229604493], [445259.87087559904, 2125256.229604493], [445269.87087559904, 2125256.229604493], [445269.87087559904, 2125246.229604493], [445279.87087559904, 2125246.229604493], [445279.87087559904, 2125236.229604493], [445289.87087559904, 2125236.229604493], [445289.87087559904, 2125226.229604493], [445299.87087559904, 2125226.229604493], [445299.87087559904, 2125216.229604493], [445289.87087559904, 2125216.229604493], [445279.87087559904, 2125216.229604493], [445279.87087559904, 2125226.229604493], [445269.87087559904, 2125226.229604493], [445269.87087559904, 2125236.229604493], [445259.87087559904, 2125236.229604493], [445259.87087559904, 2125246.229604493], [445249.87087559904, 2125246.229604493], [445239.87087559904, 2125246.229604493], [445239.87087559904, 2125256.229604493], [445229.87087559904, 2125256.229604493], [445229.87087559904, 2125266.229604493], [445219.87087559904, 2125266.229604493], [445219.87087559904, 2125276.229604493], [445209.87087559904, 2125276.229604493], [445209.87087559904, 2125286.229604493], [445199.87087559904, 2125286.229604493], [445199.87087559904, 2125296.229604493], [445189.87087559904, 2125296.229604493], [445189.87087559904, 2125306.229604493], [445179.87087559904, 2125306.229604493], [445179.87087559904, 2125316.229604493], [445169.87087559904, 2125316.229604493], [445159.87087559904, 2125316.229604493], [445159.87087559904, 2125326.229604493], [445149.87087559904, 2125326.229604493], [445149.87087559904, 2125336.229604493], [445139.87087559904, 2125336.229604493], [445139.87087559904, 2125346.229604493], [445129.87087559904, 2125346.229604493], [445129.87087559904, 2125356.229604493], [445119.87087559904, 2125356.229604493], [445119.87087559904, 2125366.229604493], [445119.87087559904, 2125376.229604493], [445109.87087559904, 2125376.229604493], [445109.87087559904, 2125386.229604493], [445109.87087559904, 2125396.229604493], [445099.87087559904, 2125396.229604493], [445099.87087559904, 2125406.229604493], [445099.87087559904, 2125416.229604493], [445089.87087559904, 2125416.229604493], [445089.87087559904, 2125426.229604493], [445089.87087559904, 2125436.229604493], [445079.87087559904, 2125436.229604493], [445079.87087559904, 2125446.229604493], [445079.87087559904, 2125456.229604493], [445069.87087559904, 2125456.229604493], [445069.87087559904, 2125466.229604493], [445069.87087559904, 2125476.229604493], [445059.87087559904, 2125476.229604493], [445059.87087559904, 2125486.229604493], [445059.87087559904, 2125496.229604493], [445049.87087559904, 2125496.229604493], [445049.87087559904, 2125506.229604493], [445049.87087559904, 2125516.229604493], [445039.87087559904, 2125516.229604493], [445039.87087559904, 2125526.229604493], [445039.87087559904, 2125536.229604493], [445029.87087559904, 2125536.229604493], [445029.87087559904, 2125546.229604493], [445029.87087559904, 2125556.229604493], [445019.87087559904, 2125556.229604493], [445019.87087559904, 2125566.229604493], [445019.87087559904, 2125576.229604493], [445009.87087559904, 2125576.229604493], [445009.87087559904, 2125586.229604493], [445009.87087559904, 2125596.229604493], [444999.87087559904, 2125596.229604493], [444999.87087559904, 2125606.229604493], [444999.87087559904, 2125616.229604493], [444989.87087559904, 2125616.229604493], [444989.87087559904, 2125626.229604493], [444989.87087559904, 2125636.229604493], [444979.87087559904, 2125636.229604493], [444979.87087559904, 2125646.229604493], [444979.87087559904, 2125656.229604493], [444969.87087559904, 2125656.229604493], [444969.87087559904, 2125666.229604493], [444969.87087559904, 2125676.229604493], [444959.87087559904, 2125676.229604493], [444959.87087559904, 2125686.229604493], [444959.87087559904, 2125696.229604493], [444949.87087559904, 2125696.229604493], [444949.87087559904, 2125706.229604493], [444949.87087559904, 2125716.229604493], [444939.87087559904, 2125716.229604493], [444939.87087559904, 2125726.229604493], [444939.87087559904, 2125736.229604493], [444929.87087559904, 2125736.229604493], [444929.87087559904, 2125746.229604493], [444929.87087559904, 2125756.229604493], [444919.87087559904, 2125756.229604493], [444919.87087559904, 2125766.229604493], [444919.87087559904, 2125776.229604493], [444909.87087559904, 2125776.229604493], [444909.87087559904, 2125786.229604493], [444909.87087559904, 2125796.229604493], [444899.87087559904, 2125796.229604493], [444899.87087559904, 2125806.229604493], [444889.87087559904, 2125806.229604493], [444889.87087559904, 2125816.229604493], [444889.87087559904, 2125826.229604493], [444879.87087559904, 2125826.229604493], [444879.87087559904, 2125836.229604493], [444869.87087559904, 2125836.229604493], [444869.87087559904, 2125846.229604493], [444859.87087559904, 2125846.229604493], [444859.87087559904, 2125856.229604493], [444849.87087559904, 2125856.229604493], [444849.87087559904, 2125866.229604493], [444849.87087559904, 2125876.229604493], [444839.87087559904, 2125876.229604493], [444839.87087559904, 2125886.229604493], [444829.87087559904, 2125886.229604493], [444829.87087559904, 2125896.229604493], [444829.87087559904, 2125906.229604493], [444829.87087559904, 2125916.229604493], [444829.87087559904, 2125926.229604493], [444829.87087559904, 2125936.229604493], [444829.87087559904, 2125946.229604493], [444829.87087559904, 2125956.229604493], [444829.87087559904, 2125966.229604493], [444829.87087559904, 2125976.229604493], [444829.87087559904, 2125986.229604493], [444829.87087559904, 2125996.229604493], [444829.87087559904, 2126006.229604493], [444839.87087559904, 2126006.229604493], [444839.87087559904, 2126016.229604493], [444849.87087559904, 2126016.229604493], [444849.87087559904, 2126026.229604493], [444849.87087559904, 2126036.229604493], [444859.87087559904, 2126036.229604493], [444859.87087559904, 2126046.229604493], [444869.87087559904, 2126046.229604493], [444869.87087559904, 2126056.229604493], [444879.87087559904, 2126056.229604493], [444879.87087559904, 2126066.229604493], [444879.87087559904, 2126076.229604493], [444889.87087559904, 2126076.229604493], [444889.87087559904, 2126086.229604493], [444899.87087559904, 2126086.229604493], [444899.87087559904, 2126096.229604493], [444909.87087559904, 2126096.229604493], [444909.87087559904, 2126106.229604493], [444909.87087559904, 2126116.229604493], [444919.87087559904, 2126116.229604493], [444919.87087559904, 2126126.229604493], [444929.87087559904, 2126126.229604493], [444929.87087559904, 2126136.229604493], [444939.87087559904, 2126136.229604493], [444939.87087559904, 2126146.229604493], [444949.87087559904, 2126146.229604493], [444949.87087559904, 2126156.229604493], [444949.87087559904, 2126166.229604493], [444959.87087559904, 2126166.229604493], [444959.87087559904, 2126176.229604493], [444969.87087559904, 2126176.229604493], [444969.87087559904, 2126186.229604493], [444979.87087559904, 2126186.229604493], [444979.87087559904, 2126196.229604493], [444979.87087559904, 2126206.229604493], [444989.87087559904, 2126206.229604493], [444989.87087559904, 2126216.229604493], [444999.87087559904, 2126216.229604493], [444999.87087559904, 2126226.229604493], [445009.87087559904, 2126226.229604493], [445009.87087559904, 2126236.229604493], [445009.87087559904, 2126246.229604493], [445019.87087559904, 2126246.229604493], [445019.87087559904, 2126256.229604493], [445029.87087559904, 2126256.229604493], [445029.87087559904, 2126266.229604493], [445029.87087559904, 2126276.229604493], [445029.87087559904, 2126286.229604493], [445029.87087559904, 2126296.229604493], [445029.87087559904, 2126306.229604493], [445029.87087559904, 2126316.229604493], [445029.87087559904, 2126326.229604493], [445019.87087559904, 2126326.229604493], [445019.87087559904, 2126336.229604493], [445019.87087559904, 2126346.229604493], [445019.87087559904, 2126356.229604493], [445019.87087559904, 2126366.229604493], [445019.87087559904, 2126376.229604493], [445019.87087559904, 2126386.229604493], [445019.87087559904, 2126396.229604493], [445019.87087559904, 2126406.229604493], [445019.87087559904, 2126416.229604493], [445019.87087559904, 2126426.229604493], [445019.87087559904, 2126436.229604493], [445019.87087559904, 2126446.229604493], [445019.87087559904, 2126456.229604493], [445019.87087559904, 2126466.229604493], [445019.87087559904, 2126476.229604493], [445019.87087559904, 2126486.229604493], [445019.87087559904, 2126496.229604493], [445019.87087559904, 2126506.229604493], [445009.87087559904, 2126506.229604493], [445009.87087559904, 2126516.229604493], [445009.87087559904, 2126526.229604493], [445009.87087559904, 2126536.229604493], [445009.87087559904, 2126546.229604493], [445009.87087559904, 2126556.229604493], [445009.87087559904, 2126566.229604493], [445009.87087559904, 2126576.229604493], [445009.87087559904, 2126586.229604493], [445009.87087559904, 2126596.229604493], [444999.87087559904, 2126596.229604493], [444999.87087559904, 2126606.229604493], [444999.87087559904, 2126616.229604493], [444999.87087559904, 2126626.229604493], [444999.87087559904, 2126636.229604493], [444999.87087559904, 2126646.229604493], [444999.87087559904, 2126656.229604493], [444999.87087559904, 2126666.229604493], [444999.87087559904, 2126676.229604493], [444999.87087559904, 2126686.229604493], [444999.87087559904, 2126696.229604493], [444999.87087559904, 2126706.229604493], [444999.87087559904, 2126716.229604493], [444999.87087559904, 2126726.229604493], [444999.87087559904, 2126736.229604493], [444999.87087559904, 2126746.229604493], [444999.87087559904, 2126756.229604493], [444999.87087559904, 2126766.229604493], [444999.87087559904, 2126776.229604493], [444999.87087559904, 2126786.229604493], [444999.87087559904, 2126796.229604493], [444999.87087559904, 2126806.229604493], [444999.87087559904, 2126816.229604493], [444999.87087559904, 2126826.229604493], [444989.87087559904, 2126826.229604493], [444989.87087559904, 2126836.229604493], [444979.87087559904, 2126836.229604493], [444979.87087559904, 2126846.229604493], [444969.87087559904, 2126846.229604493], [444959.87087559904, 2126846.229604493], [444949.87087559904, 2126846.229604493], [444939.87087559904, 2126846.229604493], [444929.87087559904, 2126846.229604493], [444919.87087559904, 2126846.229604493], [444909.87087559904, 2126846.229604493], [444899.87087559904, 2126846.229604493], [444889.87087559904, 2126846.229604493], [444879.87087559904, 2126846.229604493], [444869.87087559904, 2126846.229604493], [444859.87087559904, 2126846.229604493], [444849.87087559904, 2126846.229604493], [444839.87087559904, 2126846.229604493], [444829.87087559904, 2126846.229604493], [444819.87087559904, 2126846.229604493], [444809.87087559904, 2126846.229604493], [444799.87087559904, 2126846.229604493], [444789.87087559904, 2126846.229604493], [444779.87087559904, 2126846.229604493], [444769.87087559904, 2126846.229604493], [444759.87087559904, 2126846.229604493], [444759.87087559904, 2126836.229604493], [444749.87087559904, 2126836.229604493], [444749.87087559904, 2126826.229604493], [444739.87087559904, 2126826.229604493], [444739.87087559904, 2126816.229604493], [444739.87087559904, 2126806.229604493], [444729.87087559904, 2126806.229604493], [444719.87087559904, 2126806.229604493], [444709.87087559904, 2126806.229604493], [444699.87087559904, 2126806.229604493], [444689.87087559904, 2126806.229604493], [444679.87087559904, 2126806.229604493], [444669.87087559904, 2126806.229604493], [444669.87087559904, 2126816.229604493], [444659.87087559904, 2126816.229604493], [444659.87087559904, 2126826.229604493], [444649.87087559904, 2126826.229604493], [444639.87087559904, 2126826.229604493], [444639.87087559904, 2126836.229604493], [444629.87087559904, 2126836.229604493], [444629.87087559904, 2126846.229604493], [444619.87087559904, 2126846.229604493], [444619.87087559904, 2126856.229604493], [444609.87087559904, 2126856.229604493], [444609.87087559904, 2126866.229604493], [444599.87087559904, 2126866.229604493], [444589.87087559904, 2126866.229604493], [444589.87087559904, 2126876.229604493], [444579.87087559904, 2126876.229604493], [444579.87087559904, 2126886.229604493], [444569.87087559904, 2126886.229604493], [444569.87087559904, 2126896.229604493], [444559.87087559904, 2126896.229604493], [444559.87087559904, 2126906.229604493], [444559.87087559904, 2126916.229604493], [444549.87087559904, 2126916.229604493], [444549.87087559904, 2126926.229604493], [444539.87087559904, 2126926.229604493], [444539.87087559904, 2126936.229604493], [444529.87087559904, 2126936.229604493], [444529.87087559904, 2126946.229604493], [444529.87087559904, 2126956.229604493], [444519.87087559904, 2126956.229604493], [444519.87087559904, 2126966.229604493], [444509.87087559904, 2126966.229604493], [444509.87087559904, 2126976.229604493], [444509.87087559904, 2126986.229604493], [444499.87087559904, 2126986.229604493], [444499.87087559904, 2126996.229604493], [444489.87087559904, 2126996.229604493], [444489.87087559904, 2127006.229604493], [444479.87087559904, 2127006.229604493], [444479.87087559904, 2127016.229604493], [444479.87087559904, 2127026.229604493], [444469.87087559904, 2127026.229604493], [444469.87087559904, 2127036.229604493], [444469.87087559904, 2127046.229604493], [444469.87087559904, 2127056.229604493], [444469.87087559904, 2127066.229604493], [444469.87087559904, 2127076.229604493], [444469.87087559904, 2127086.229604493], [444469.87087559904, 2127096.229604493], [444469.87087559904, 2127106.229604493], [444469.87087559904, 2127116.229604493], [444469.87087559904, 2127126.229604493], [444469.87087559904, 2127136.229604493], [444469.87087559904, 2127146.229604493], [444469.87087559904, 2127156.229604493], [444469.87087559904, 2127166.229604493], [444469.87087559904, 2127176.229604493], [444469.87087559904, 2127186.229604493], [444469.87087559904, 2127196.229604493], [444459.87087559904, 2127196.229604493], [444459.87087559904, 2127206.229604493], [444459.87087559904, 2127216.229604493], [444449.87087559904, 2127216.229604493], [444449.87087559904, 2127226.229604493], [444449.87087559904, 2127236.229604493], [444439.87087559904, 2127236.229604493], [444439.87087559904, 2127246.229604493], [444439.87087559904, 2127256.229604493], [444429.87087559904, 2127256.229604493], [444429.87087559904, 2127266.229604493], [444429.87087559904, 2127276.229604493], [444419.87087559904, 2127276.229604493], [444419.87087559904, 2127286.229604493], [444419.87087559904, 2127296.229604493], [444409.87087559904, 2127296.229604493], [444409.87087559904, 2127306.229604493], [444409.87087559904, 2127316.229604493], [444409.87087559904, 2127326.229604493], [444399.87087559904, 2127326.229604493], [444399.87087559904, 2127336.229604493], [444399.87087559904, 2127346.229604493], [444389.87087559904, 2127346.229604493], [444389.87087559904, 2127356.229604493], [444389.87087559904, 2127366.229604493], [444379.87087559904, 2127366.229604493], [444379.87087559904, 2127376.229604493], [444379.87087559904, 2127386.229604493], [444369.87087559904, 2127386.229604493], [444369.87087559904, 2127396.229604493], [444369.87087559904, 2127406.229604493], [444359.87087559904, 2127406.229604493], [444359.87087559904, 2127416.229604493], [444359.87087559904, 2127426.229604493], [444349.87087559904, 2127426.229604493], [444349.87087559904, 2127436.229604493], [444349.87087559904, 2127446.229604493], [444339.87087559904, 2127446.229604493], [444339.87087559904, 2127456.229604493], [444329.87087559904, 2127456.229604493], [444319.87087559904, 2127456.229604493], [444319.87087559904, 2127466.229604493], [444309.87087559904, 2127466.229604493], [444299.87087559904, 2127466.229604493], [444299.87087559904, 2127476.229604493], [444289.87087559904, 2127476.229604493], [444289.87087559904, 2127486.229604493], [444279.87087559904, 2127486.229604493], [444269.87087559904, 2127486.229604493], [444269.87087559904, 2127496.229604493], [444259.87087559904, 2127496.229604493], [444249.87087559904, 2127496.229604493], [444249.87087559904, 2127506.229604493], [444239.87087559904, 2127506.229604493], [444229.87087559904, 2127506.229604493], [444229.87087559904, 2127516.229604493], [444219.87087559904, 2127516.229604493], [444219.87087559904, 2127526.229604493], [444209.87087559904, 2127526.229604493], [444199.87087559904, 2127526.229604493], [444199.87087559904, 2127536.229604493], [444189.87087559904, 2127536.229604493], [444179.87087559904, 2127536.229604493], [444179.87087559904, 2127546.229604493], [444169.87087559904, 2127546.229604493], [444169.87087559904, 2127556.229604493], [444169.87087559904, 2127566.229604493], [444169.87087559904, 2127576.229604493], [444169.87087559904, 2127586.229604493], [444169.87087559904, 2127596.229604493], [444169.87087559904, 2127606.229604493], [444169.87087559904, 2127616.229604493], [444169.87087559904, 2127626.229604493], [444169.87087559904, 2127636.229604493], [444169.87087559904, 2127646.229604493], [444169.87087559904, 2127656.229604493], [444169.87087559904, 2127666.229604493], [444159.87087559904, 2127666.229604493], [444159.87087559904, 2127676.229604493], [444149.87087559904, 2127676.229604493], [444149.87087559904, 2127686.229604493], [444149.87087559904, 2127696.229604493], [444139.87087559904, 2127696.229604493], [444139.87087559904, 2127706.229604493], [444129.87087559904, 2127706.229604493], [444129.87087559904, 2127716.229604493], [444129.87087559904, 2127726.229604493], [444129.87087559904, 2127736.229604493], [444129.87087559904, 2127746.229604493], [444129.87087559904, 2127756.229604493], [444129.87087559904, 2127766.229604493], [444129.87087559904, 2127776.229604493], [444139.87087559904, 2127776.229604493], [444139.87087559904, 2127786.229604493], [444129.87087559904, 2127786.229604493], [444119.87087559904, 2127786.229604493], [444109.87087559904, 2127786.229604493], [444099.87087559904, 2127786.229604493], [444089.87087559904, 2127786.229604493], [444089.87087559904, 2127796.229604493], [444079.87087559904, 2127796.229604493], [444079.87087559904, 2127806.229604493], [444069.87087559904, 2127806.229604493], [444069.87087559904, 2127816.229604493], [444069.87087559904, 2127826.229604493], [444059.87087559904, 2127826.229604493], [444059.87087559904, 2127836.229604493], [444049.87087559904, 2127836.229604493], [444049.87087559904, 2127846.229604493], [444039.87087559904, 2127846.229604493], [444039.87087559904, 2127856.229604493], [444039.87087559904, 2127866.229604493], [444029.87087559904, 2127866.229604493], [444029.87087559904, 2127876.229604493], [444029.87087559904, 2127886.229604493], [444029.87087559904, 2127896.229604493], [444029.87087559904, 2127906.229604493], [444029.87087559904, 2127916.229604493], [444029.87087559904, 2127926.229604493], [444019.87087559904, 2127926.229604493], [444019.87087559904, 2127936.229604493], [444019.87087559904, 2127946.229604493], [444019.87087559904, 2127956.229604493], [444019.87087559904, 2127966.229604493], [444019.87087559904, 2127976.229604493], [444019.87087559904, 2127986.229604493], [444019.87087559904, 2127996.229604493], [444019.87087559904, 2128006.229604493], [444009.87087559904, 2128006.229604493], [444009.87087559904, 2128016.229604493], [444009.87087559904, 2128026.229604493], [444009.87087559904, 2128036.229604493], [444009.87087559904, 2128046.229604493], [444009.87087559904, 2128056.229604493], [443999.87087559904, 2128056.229604493], [443999.87087559904, 2128066.229604493], [443989.87087559904, 2128066.229604493], [443989.87087559904, 2128076.229604493], [443989.87087559904, 2128086.229604493], [443979.87087559904, 2128086.229604493], [443979.87087559904, 2128096.229604493], [443969.87087559904, 2128096.229604493], [443969.87087559904, 2128106.229604493], [443959.87087559904, 2128106.229604493], [443959.87087559904, 2128116.229604493], [443959.87087559904, 2128126.229604493], [443949.87087559904, 2128126.229604493], [443949.87087559904, 2128136.229604493], [443949.87087559904, 2128146.229604493], [443949.87087559904, 2128156.229604493], [443949.87087559904, 2128166.229604493], [443949.87087559904, 2128176.229604493], [443949.87087559904, 2128186.229604493], [443949.87087559904, 2128196.229604493], [443949.87087559904, 2128206.229604493], [443949.87087559904, 2128216.229604493], [443949.87087559904, 2128226.229604493], [443949.87087559904, 2128236.229604493], [443939.87087559904, 2128236.229604493], [443939.87087559904, 2128246.229604493], [443939.87087559904, 2128256.229604493], [443929.87087559904, 2128256.229604493], [443929.87087559904, 2128266.229604493], [443929.87087559904, 2128276.229604493], [443919.87087559904, 2128276.229604493], [443919.87087559904, 2128286.229604493], [443919.87087559904, 2128296.229604493], [443909.87087559904, 2128296.229604493], [443909.87087559904, 2128306.229604493], [443909.87087559904, 2128316.229604493], [443899.87087559904, 2128316.229604493], [443899.87087559904, 2128326.229604493], [443899.87087559904, 2128336.229604493], [443889.87087559904, 2128336.229604493], [443889.87087559904, 2128346.229604493], [443889.87087559904, 2128356.229604493], [443879.87087559904, 2128356.229604493], [443879.87087559904, 2128366.229604493], [443869.87087559904, 2128366.229604493], [443869.87087559904, 2128376.229604493], [443859.87087559904, 2128376.229604493], [443859.87087559904, 2128386.229604493], [443849.87087559904, 2128386.229604493], [443849.87087559904, 2128396.229604493], [443839.87087559904, 2128396.229604493], [443829.87087559904, 2128396.229604493], [443829.87087559904, 2128406.229604493], [443819.87087559904, 2128406.229604493], [443819.87087559904, 2128416.229604493], [443809.87087559904, 2128416.229604493], [443809.87087559904, 2128426.229604493], [443799.87087559904, 2128426.229604493], [443799.87087559904, 2128436.229604493], [443789.87087559904, 2128436.229604493], [443789.87087559904, 2128446.229604493], [443779.87087559904, 2128446.229604493], [443779.87087559904, 2128456.229604493], [443769.87087559904, 2128456.229604493], [443769.87087559904, 2128466.229604493], [443759.87087559904, 2128466.229604493], [443759.87087559904, 2128476.229604493], [443749.87087559904, 2128476.229604493], [443749.87087559904, 2128486.229604493], [443739.87087559904, 2128486.229604493], [443729.87087559904, 2128486.229604493], [443729.87087559904, 2128496.229604493], [443719.87087559904, 2128496.229604493], [443719.87087559904, 2128506.229604493], [443709.87087559904, 2128506.229604493], [443709.87087559904, 2128516.229604493], [443699.87087559904, 2128516.229604493], [443699.87087559904, 2128526.229604493], [443689.87087559904, 2128526.229604493], [443689.87087559904, 2128536.229604493], [443679.87087559904, 2128536.229604493], [443679.87087559904, 2128546.229604493], [443669.87087559904, 2128546.229604493], [443669.87087559904, 2128556.229604493], [443659.87087559904, 2128556.229604493], [443659.87087559904, 2128566.229604493], [443649.87087559904, 2128566.229604493], [443639.87087559904, 2128566.229604493], [443639.87087559904, 2128576.229604493], [443629.87087559904, 2128576.229604493], [443629.87087559904, 2128586.229604493], [443619.87087559904, 2128586.229604493], [443619.87087559904, 2128596.229604493], [443609.87087559904, 2128596.229604493], [443609.87087559904, 2128606.229604493], [443599.87087559904, 2128606.229604493], [443589.87087559904, 2128606.229604493], [443579.87087559904, 2128606.229604493], [443569.87087559904, 2128606.229604493], [443559.87087559904, 2128606.229604493], [443549.87087559904, 2128606.229604493], [443539.87087559904, 2128606.229604493], [443529.87087559904, 2128606.229604493], [443519.87087559904, 2128606.229604493], [443509.87087559904, 2128606.229604493], [443499.87087559904, 2128606.229604493], [443489.87087559904, 2128606.229604493], [443479.87087559904, 2128606.229604493], [443469.87087559904, 2128606.229604493], [443459.87087559904, 2128606.229604493], [443449.87087559904, 2128606.229604493], [443439.87087559904, 2128606.229604493], [443429.87087559904, 2128606.229604493], [443419.87087559904, 2128606.229604493], [443409.87087559904, 2128606.229604493], [443399.87087559904, 2128606.229604493], [443389.87087559904, 2128606.229604493], [443389.87087559904, 2128616.229604493], [443379.87087559904, 2128616.229604493], [443369.87087559904, 2128616.229604493], [443369.87087559904, 2128626.229604493], [443359.87087559904, 2128626.229604493], [443349.87087559904, 2128626.229604493], [443339.87087559904, 2128626.229604493], [443339.87087559904, 2128636.229604493], [443329.87087559904, 2128636.229604493], [443319.87087559904, 2128636.229604493], [443319.87087559904, 2128646.229604493], [443309.87087559904, 2128646.229604493], [443299.87087559904, 2128646.229604493], [443289.87087559904, 2128646.229604493], [443279.87087559904, 2128646.229604493], [443269.87087559904, 2128646.229604493], [443269.87087559904, 2128636.229604493], [443259.87087559904, 2128636.229604493], [443249.87087559904, 2128636.229604493], [443239.87087559904, 2128636.229604493], [443229.87087559904, 2128636.229604493], [443219.87087559904, 2128636.229604493], [443209.87087559904, 2128636.229604493], [443199.87087559904, 2128636.229604493], [443189.87087559904, 2128636.229604493], [443179.87087559904, 2128636.229604493], [443169.87087559904, 2128636.229604493], [443159.87087559904, 2128636.229604493], [443159.87087559904, 2128626.229604493], [443149.87087559904, 2128626.229604493], [443139.87087559904, 2128626.229604493], [443129.87087559904, 2128626.229604493], [443119.87087559904, 2128626.229604493], [443109.87087559904, 2128626.229604493], [443099.87087559904, 2128626.229604493], [443099.87087559904, 2128616.229604493], [443089.87087559904, 2128616.229604493], [443089.87087559904, 2128606.229604493], [443079.87087559904, 2128606.229604493], [443079.87087559904, 2128596.229604493], [443069.87087559904, 2128596.229604493], [443069.87087559904, 2128586.229604493], [443059.87087559904, 2128586.229604493], [443059.87087559904, 2128576.229604493], [443049.87087559904, 2128576.229604493], [443049.87087559904, 2128566.229604493], [443049.87087559904, 2128556.229604493], [443039.87087559904, 2128556.229604493], [443039.87087559904, 2128546.229604493], [443029.87087559904, 2128546.229604493], [443029.87087559904, 2128536.229604493], [443019.87087559904, 2128536.229604493], [443019.87087559904, 2128526.229604493], [443009.87087559904, 2128526.229604493], [443009.87087559904, 2128516.229604493], [442999.87087559904, 2128516.229604493], [442999.87087559904, 2128506.229604493], [442989.87087559904, 2128506.229604493], [442989.87087559904, 2128496.229604493], [442979.87087559904, 2128496.229604493], [442979.87087559904, 2128486.229604493], [442969.87087559904, 2128486.229604493], [442969.87087559904, 2128476.229604493], [442959.87087559904, 2128476.229604493], [442959.87087559904, 2128466.229604493], [442959.87087559904, 2128456.229604493], [442949.87087559904, 2128456.229604493], [442949.87087559904, 2128446.229604493], [442939.87087559904, 2128446.229604493], [442939.87087559904, 2128436.229604493], [442929.87087559904, 2128436.229604493], [442929.87087559904, 2128426.229604493], [442919.87087559904, 2128426.229604493], [442919.87087559904, 2128416.229604493], [442909.87087559904, 2128416.229604493], [442909.87087559904, 2128406.229604493], [442899.87087559904, 2128406.229604493], [442899.87087559904, 2128396.229604493], [442899.87087559904, 2128386.229604493], [442889.87087559904, 2128386.229604493], [442889.87087559904, 2128376.229604493], [442889.87087559904, 2128366.229604493], [442879.87087559904, 2128366.229604493], [442879.87087559904, 2128356.229604493], [442879.87087559904, 2128346.229604493], [442869.87087559904, 2128346.229604493], [442869.87087559904, 2128336.229604493], [442859.87087559904, 2128336.229604493], [442859.87087559904, 2128326.229604493], [442859.87087559904, 2128316.229604493], [442849.87087559904, 2128316.229604493], [442849.87087559904, 2128306.229604493], [442849.87087559904, 2128296.229604493], [442839.87087559904, 2128296.229604493], [442839.87087559904, 2128286.229604493], [442839.87087559904, 2128276.229604493], [442829.87087559904, 2128276.229604493], [442829.87087559904, 2128266.229604493], [442819.87087559904, 2128266.229604493], [442809.87087559904, 2128266.229604493], [442799.87087559904, 2128266.229604493], [442789.87087559904, 2128266.229604493], [442789.87087559904, 2128256.229604493], [442779.87087559904, 2128256.229604493], [442769.87087559904, 2128256.229604493], [442759.87087559904, 2128256.229604493], [442749.87087559904, 2128256.229604493], [442739.87087559904, 2128256.229604493], [442729.87087559904, 2128256.229604493], [442729.87087559904, 2128246.229604493], [442719.87087559904, 2128246.229604493], [442709.87087559904, 2128246.229604493], [442699.87087559904, 2128246.229604493], [442699.87087559904, 2128236.229604493], [442689.87087559904, 2128236.229604493], [442689.87087559904, 2128226.229604493], [442679.87087559904, 2128226.229604493], [442679.87087559904, 2128216.229604493], [442669.87087559904, 2128216.229604493], [442669.87087559904, 2128206.229604493], [442659.87087559904, 2128206.229604493], [442659.87087559904, 2128196.229604493], [442649.87087559904, 2128196.229604493], [442649.87087559904, 2128186.229604493], [442639.87087559904, 2128186.229604493], [442639.87087559904, 2128176.229604493], [442629.87087559904, 2128176.229604493], [442629.87087559904, 2128166.229604493], [442619.87087559904, 2128166.229604493], [442619.87087559904, 2128156.229604493], [442609.87087559904, 2128156.229604493], [442609.87087559904, 2128146.229604493], [442599.87087559904, 2128146.229604493], [442599.87087559904, 2128136.229604493], [442599.87087559904, 2128126.229604493], [442589.87087559904, 2128126.229604493], [442589.87087559904, 2128116.229604493], [442589.87087559904, 2128106.229604493], [442579.87087559904, 2128106.229604493], [442579.87087559904, 2128096.229604493], [442579.87087559904, 2128086.229604493], [442569.87087559904, 2128086.229604493], [442569.87087559904, 2128076.229604493], [442569.87087559904, 2128066.229604493], [442559.87087559904, 2128066.229604493], [442559.87087559904, 2128056.229604493], [442559.87087559904, 2128046.229604493], [442549.87087559904, 2128046.229604493], [442549.87087559904, 2128036.229604493], [442549.87087559904, 2128026.229604493], [442539.87087559904, 2128026.229604493], [442539.87087559904, 2128016.229604493], [442539.87087559904, 2128006.229604493], [442529.87087559904, 2128006.229604493], [442529.87087559904, 2127996.229604493], [442529.87087559904, 2127986.229604493], [442519.87087559904, 2127986.229604493], [442519.87087559904, 2127976.229604493], [442519.87087559904, 2127966.229604493], [442509.87087559904, 2127966.229604493], [442509.87087559904, 2127956.229604493], [442509.87087559904, 2127946.229604493], [442499.87087559904, 2127946.229604493], [442499.87087559904, 2127936.229604493], [442499.87087559904, 2127926.229604493], [442489.87087559904, 2127926.229604493], [442489.87087559904, 2127916.229604493], [442489.87087559904, 2127906.229604493], [442479.87087559904, 2127906.229604493], [442469.87087559904, 2127906.229604493], [442459.87087559904, 2127906.229604493], [442449.87087559904, 2127906.229604493], [442439.87087559904, 2127906.229604493], [442439.87087559904, 2127896.229604493], [442439.87087559904, 2127886.229604493], [442439.87087559904, 2127876.229604493], [442439.87087559904, 2127866.229604493], [442439.87087559904, 2127856.229604493], [442429.87087559904, 2127856.229604493], [442429.87087559904, 2127846.229604493], [442419.87087559904, 2127846.229604493], [442409.87087559904, 2127846.229604493], [442409.87087559904, 2127836.229604493], [442399.87087559904, 2127836.229604493], [442389.87087559904, 2127836.229604493], [442389.87087559904, 2127826.229604493], [442379.87087559904, 2127826.229604493], [442369.87087559904, 2127826.229604493], [442369.87087559904, 2127816.229604493], [442359.87087559904, 2127816.229604493], [442349.87087559904, 2127816.229604493], [442349.87087559904, 2127806.229604493], [442339.87087559904, 2127806.229604493], [442329.87087559904, 2127806.229604493], [442329.87087559904, 2127796.229604493], [442329.87087559904, 2127786.229604493], [442319.87087559904, 2127786.229604493], [442319.87087559904, 2127776.229604493], [442319.87087559904, 2127766.229604493], [442319.87087559904, 2127756.229604493], [442319.87087559904, 2127746.229604493], [442309.87087559904, 2127746.229604493], [442309.87087559904, 2127736.229604493], [442309.87087559904, 2127726.229604493], [442309.87087559904, 2127716.229604493], [442299.87087559904, 2127716.229604493], [442299.87087559904, 2127706.229604493], [442299.87087559904, 2127696.229604493], [442299.87087559904, 2127686.229604493], [442299.87087559904, 2127676.229604493], [442289.87087559904, 2127676.229604493], [442289.87087559904, 2127666.229604493], [442289.87087559904, 2127656.229604493], [442289.87087559904, 2127646.229604493], [442289.87087559904, 2127636.229604493], [442279.87087559904, 2127636.229604493], [442279.87087559904, 2127626.229604493], [442279.87087559904, 2127616.229604493], [442269.87087559904, 2127616.229604493], [442269.87087559904, 2127606.229604493], [442259.87087559904, 2127606.229604493], [442249.87087559904, 2127606.229604493], [442249.87087559904, 2127596.229604493], [442239.87087559904, 2127596.229604493], [442229.87087559904, 2127596.229604493], [442229.87087559904, 2127586.229604493], [442229.87087559904, 2127576.229604493], [442229.87087559904, 2127566.229604493], [442229.87087559904, 2127556.229604493], [442219.87087559904, 2127556.229604493], [442219.87087559904, 2127546.229604493], [442219.87087559904, 2127536.229604493], [442219.87087559904, 2127526.229604493], [442219.87087559904, 2127516.229604493], [442209.87087559904, 2127516.229604493], [442209.87087559904, 2127506.229604493], [442199.87087559904, 2127506.229604493], [442199.87087559904, 2127496.229604493], [442189.87087559904, 2127496.229604493], [442179.87087559904, 2127496.229604493], [442179.87087559904, 2127486.229604493], [442169.87087559904, 2127486.229604493], [442159.87087559904, 2127486.229604493], [442159.87087559904, 2127476.229604493], [442149.87087559904, 2127476.229604493], [442149.87087559904, 2127466.229604493], [442149.87087559904, 2127456.229604493], [442149.87087559904, 2127446.229604493], [442139.87087559904, 2127446.229604493], [442139.87087559904, 2127436.229604493], [442139.87087559904, 2127426.229604493], [442139.87087559904, 2127416.229604493], [442139.87087559904, 2127406.229604493], [442139.87087559904, 2127396.229604493], [442139.87087559904, 2127386.229604493], [442139.87087559904, 2127376.229604493], [442139.87087559904, 2127366.229604493], [442139.87087559904, 2127356.229604493], [442139.87087559904, 2127346.229604493], [442139.87087559904, 2127336.229604493], [442139.87087559904, 2127326.229604493], [442139.87087559904, 2127316.229604493], [442139.87087559904, 2127306.229604493], [442139.87087559904, 2127296.229604493], [442139.87087559904, 2127286.229604493], [442139.87087559904, 2127276.229604493], [442139.87087559904, 2127266.229604493], [442139.87087559904, 2127256.229604493], [442139.87087559904, 2127246.229604493], [442139.87087559904, 2127236.229604493], [442139.87087559904, 2127226.229604493], [442139.87087559904, 2127216.229604493], [442139.87087559904, 2127206.229604493], [442139.87087559904, 2127196.229604493], [442139.87087559904, 2127186.229604493], [442139.87087559904, 2127176.229604493], [442139.87087559904, 2127166.229604493], [442139.87087559904, 2127156.229604493], [442149.87087559904, 2127156.229604493], [442159.87087559904, 2127156.229604493], [442159.87087559904, 2127146.229604493], [442169.87087559904, 2127146.229604493], [442169.87087559904, 2127136.229604493], [442169.87087559904, 2127126.229604493], [442179.87087559904, 2127126.229604493], [442179.87087559904, 2127116.229604493], [442179.87087559904, 2127106.229604493], [442179.87087559904, 2127096.229604493], [442189.87087559904, 2127096.229604493], [442189.87087559904, 2127086.229604493], [442189.87087559904, 2127076.229604493], [442199.87087559904, 2127076.229604493], [442199.87087559904, 2127066.229604493], [442199.87087559904, 2127056.229604493], [442199.87087559904, 2127046.229604493], [442209.87087559904, 2127046.229604493], [442209.87087559904, 2127036.229604493], [442209.87087559904, 2127026.229604493], [442209.87087559904, 2127016.229604493], [442219.87087559904, 2127016.229604493], [442219.87087559904, 2127006.229604493], [442219.87087559904, 2126996.229604493], [442229.87087559904, 2126996.229604493], [442229.87087559904, 2126986.229604493], [442239.87087559904, 2126986.229604493], [442249.87087559904, 2126986.229604493], [442249.87087559904, 2126976.229604493], [442249.87087559904, 2126966.229604493], [442249.87087559904, 2126956.229604493], [442249.87087559904, 2126946.229604493], [442249.87087559904, 2126936.229604493], [442249.87087559904, 2126926.229604493], [442249.87087559904, 2126916.229604493], [442249.87087559904, 2126906.229604493], [442249.87087559904, 2126896.229604493], [442249.87087559904, 2126886.229604493], [442249.87087559904, 2126876.229604493], [442249.87087559904, 2126866.229604493], [442249.87087559904, 2126856.229604493], [442249.87087559904, 2126846.229604493], [442249.87087559904, 2126836.229604493], [442249.87087559904, 2126826.229604493], [442249.87087559904, 2126816.229604493], [442249.87087559904, 2126806.229604493], [442249.87087559904, 2126796.229604493], [442249.87087559904, 2126786.229604493], [442249.87087559904, 2126776.229604493], [442249.87087559904, 2126766.229604493], [442249.87087559904, 2126756.229604493], [442249.87087559904, 2126746.229604493], [442249.87087559904, 2126736.229604493], [442249.87087559904, 2126726.229604493], [442249.87087559904, 2126716.229604493], [442249.87087559904, 2126706.229604493], [442249.87087559904, 2126696.229604493], [442249.87087559904, 2126686.229604493], [442249.87087559904, 2126676.229604493], [442249.87087559904, 2126666.229604493], [442249.87087559904, 2126656.229604493], [442249.87087559904, 2126646.229604493], [442249.87087559904, 2126636.229604493], [442249.87087559904, 2126626.229604493], [442249.87087559904, 2126616.229604493], [442249.87087559904, 2126606.229604493], [442249.87087559904, 2126596.229604493], [442249.87087559904, 2126586.229604493], [442239.87087559904, 2126586.229604493], [442239.87087559904, 2126576.229604493], [442239.87087559904, 2126566.229604493], [442239.87087559904, 2126556.229604493], [442229.87087559904, 2126556.229604493], [442229.87087559904, 2126546.229604493], [442229.87087559904, 2126536.229604493], [442219.87087559904, 2126536.229604493], [442219.87087559904, 2126526.229604493], [442209.87087559904, 2126526.229604493], [442209.87087559904, 2126516.229604493], [442199.87087559904, 2126516.229604493], [442189.87087559904, 2126516.229604493], [442189.87087559904, 2126506.229604493], [442179.87087559904, 2126506.229604493], [442179.87087559904, 2126496.229604493], [442169.87087559904, 2126496.229604493], [442169.87087559904, 2126486.229604493], [442159.87087559904, 2126486.229604493], [442159.87087559904, 2126476.229604493], [442149.87087559904, 2126476.229604493], [442149.87087559904, 2126466.229604493], [442139.87087559904, 2126466.229604493], [442139.87087559904, 2126456.229604493], [442129.87087559904, 2126456.229604493], [442119.87087559904, 2126456.229604493], [442119.87087559904, 2126446.229604493], [442109.87087559904, 2126446.229604493], [442109.87087559904, 2126436.229604493], [442099.87087559904, 2126436.229604493], [442099.87087559904, 2126426.229604493], [442089.87087559904, 2126426.229604493], [442089.87087559904, 2126416.229604493], [442079.87087559904, 2126416.229604493], [442079.87087559904, 2126406.229604493], [442069.87087559904, 2126406.229604493], [442059.87087559904, 2126406.229604493], [442059.87087559904, 2126396.229604493], [442049.87087559904, 2126396.229604493], [442049.87087559904, 2126386.229604493], [442039.87087559904, 2126386.229604493], [442039.87087559904, 2126376.229604493], [442029.87087559904, 2126376.229604493], [442029.87087559904, 2126366.229604493], [442029.87087559904, 2126356.229604493], [442019.87087559904, 2126356.229604493], [442019.87087559904, 2126346.229604493], [442019.87087559904, 2126336.229604493], [442019.87087559904, 2126326.229604493], [442019.87087559904, 2126316.229604493], [442019.87087559904, 2126306.229604493], [442019.87087559904, 2126296.229604493], [442019.87087559904, 2126286.229604493], [442019.87087559904, 2126276.229604493], [442019.87087559904, 2126266.229604493], [442019.87087559904, 2126256.229604493], [442019.87087559904, 2126246.229604493], [442019.87087559904, 2126236.229604493], [442019.87087559904, 2126226.229604493], [442019.87087559904, 2126216.229604493], [442019.87087559904, 2126206.229604493], [442019.87087559904, 2126196.229604493], [442019.87087559904, 2126186.229604493], [442019.87087559904, 2126176.229604493], [442019.87087559904, 2126166.229604493], [442019.87087559904, 2126156.229604493], [442019.87087559904, 2126146.229604493], [442019.87087559904, 2126136.229604493], [442019.87087559904, 2126126.229604493], [442019.87087559904, 2126116.229604493], [442019.87087559904, 2126106.229604493], [442019.87087559904, 2126096.229604493], [442019.87087559904, 2126086.229604493], [442019.87087559904, 2126076.229604493], [442019.87087559904, 2126066.229604493], [442019.87087559904, 2126056.229604493], [442019.87087559904, 2126046.229604493], [442019.87087559904, 2126036.229604493], [442019.87087559904, 2126026.229604493], [442019.87087559904, 2126016.229604493], [442019.87087559904, 2126006.229604493], [442019.87087559904, 2125996.229604493], [442019.87087559904, 2125986.229604493], [442019.87087559904, 2125976.229604493], [442019.87087559904, 2125966.229604493], [442019.87087559904, 2125956.229604493], [442019.87087559904, 2125946.229604493], [442019.87087559904, 2125936.229604493], [442009.87087559904, 2125936.229604493], [442009.87087559904, 2125926.229604493], [441999.87087559904, 2125926.229604493], [441999.87087559904, 2125916.229604493], [441989.87087559904, 2125916.229604493], [441979.87087559904, 2125916.229604493], [441979.87087559904, 2125906.229604493], [441969.87087559904, 2125906.229604493], [441969.87087559904, 2125896.229604493], [441969.87087559904, 2125886.229604493], [441959.87087559904, 2125886.229604493], [441959.87087559904, 2125876.229604493], [441959.87087559904, 2125866.229604493], [441959.87087559904, 2125856.229604493], [441959.87087559904, 2125846.229604493], [441949.87087559904, 2125846.229604493], [441939.87087559904, 2125846.229604493], [441939.87087559904, 2125856.229604493], [441949.87087559904, 2125856.229604493], [441949.87087559904, 2125866.229604493], [441949.87087559904, 2125876.229604493], [441949.87087559904, 2125886.229604493], [441949.87087559904, 2125896.229604493]]], [[[442409.87087559904, 2127916.229604493], [442399.87087559904, 2127916.229604493], [442399.87087559904, 2127926.229604493], [442409.87087559904, 2127926.229604493], [442409.87087559904, 2127916.229604493]]], [[[442409.87087559904, 2127976.229604493], [442409.87087559904, 2127966.229604493], [442409.87087559904, 2127956.229604493], [442419.87087559904, 2127956.229604493], [442419.87087559904, 2127946.229604493], [442409.87087559904, 2127946.229604493], [442399.87087559904, 2127946.229604493], [442399.87087559904, 2127956.229604493], [442399.87087559904, 2127966.229604493], [442389.87087559904, 2127966.229604493], [442389.87087559904, 2127976.229604493], [442389.87087559904, 2127986.229604493], [442399.87087559904, 2127986.229604493], [442399.87087559904, 2127976.229604493], [442409.87087559904, 2127976.229604493]]]]}}, {"type": "Feature", "properties": {"细尖刺": 53300, "area_m2": 53300, "length_m": 3386, "bearing": ""}, "geometry": {"type": "Polygon", "coordinates": [[[442059.87087559904, 2125236.229604493], [442049.87087559904, 2125236.229604493], [442049.87087559904, 2125246.229604493], [442039.87087559904, 2125246.229604493], [442039.87087559904, 2125256.229604493], [442039.87087559904, 2125266.229604493], [442039.87087559904, 2125276.229604493], [442039.87087559904, 2125286.229604493], [442039.87087559904, 2125296.229604493], [442029.87087559904, 2125296.229604493], [442029.87087559904, 2125306.229604493], [442029.87087559904, 2125316.229604493], [442029.87087559904, 2125326.229604493], [442029.87087559904, 2125336.229604493], [442029.87087559904, 2125346.229604493], [442019.87087559904, 2125346.229604493], [442019.87087559904, 2125356.229604493], [442009.87087559904, 2125356.229604493], [442009.87087559904, 2125366.229604493], [442009.87087559904, 2125376.229604493], [441999.87087559904, 2125376.229604493], [441999.87087559904, 2125386.229604493], [441999.87087559904, 2125396.229604493], [441989.87087559904, 2125396.229604493], [441989.87087559904, 2125406.229604493], [441989.87087559904, 2125416.229604493], [441979.87087559904, 2125416.229604493], [441979.87087559904, 2125426.229604493], [441969.87087559904, 2125426.229604493], [441969.87087559904, 2125436.229604493], [441969.87087559904, 2125446.229604493], [441959.87087559904, 2125446.229604493], [441959.87087559904, 2125456.229604493], [441959.87087559904, 2125466.229604493], [441949.87087559904, 2125466.229604493], [441949.87087559904, 2125476.229604493], [441949.87087559904, 2125486.229604493], [441939.87087559904, 2125486.229604493], [441939.87087559904, 2125496.229604493], [441949.87087559904, 2125496.229604493], [441959.87087559904, 2125496.229604493], [441959.87087559904, 2125486.229604493], [441959.87087559904, 2125476.229604493], [441969.87087559904, 2125476.229604493], [441969.87087559904, 2125466.229604493], [441969.87087559904, 2125456.229604493], [441979.87087559904, 2125456.229604493], [441979.87087559904, 2125446.229604493], [441979.87087559904, 2125436.229604493], [441989.87087559904, 2125436.229604493], [441989.87087559904, 2125426.229604493], [441999.87087559904, 2125426.229604493], [441999.87087559904, 2125416.229604493], [441999.87087559904, 2125406.229604493], [442009.87087559904, 2125406.229604493], [442009.87087559904, 2125396.229604493], [442009.87087559904, 2125386.229604493], [442019.87087559904, 2125386.229604493], [442019.87087559904, 2125376.229604493], [442019.87087559904, 2125366.229604493], [442029.87087559904, 2125366.229604493], [442029.87087559904, 2125356.229604493], [442039.87087559904, 2125356.229604493], [442039.87087559904, 2125346.229604493], [442039.87087559904, 2125336.229604493], [442039.87087559904, 2125326.229604493], [442039.87087559904, 2125316.229604493], [442039.87087559904, 2125306.229604493], [442049.87087559904, 2125306.229604493], [442049.87087559904, 2125316.229604493], [442049.87087559904, 2125326.229604493], [442049.87087559904, 2125336.229604493], [442049.87087559904, 2125346.229604493], [442049.87087559904, 2125356.229604493], [442049.87087559904, 2125366.229604493], [442059.87087559904, 2125366.229604493], [442059.87087559904, 2125376.229604493], [442069.87087559904, 2125376.229604493], [442069.87087559904, 2125386.229604493], [442069.87087559904, 2125396.229604493], [442079.87087559904, 2125396.229604493], [442079.87087559904, 2125406.229604493], [442089.87087559904, 2125406.229604493], [442089.87087559904, 2125416.229604493], [442099.87087559904, 2125416.229604493], [442099.87087559904, 2125426.229604493], [442109.87087559904, 2125426.229604493], [442109.87087559904, 2125436.229604493], [442109.87087559904, 2125446.229604493], [442119.87087559904, 2125446.229604493], [442119.87087559904, 2125456.229604493], [442129.87087559904, 2125456.229604493], [442129.87087559904, 2125466.229604493], [442139.87087559904, 2125466.229604493], [442149.87087559904, 2125466.229604493], [442149.87087559904, 2125476.229604493], [442159.87087559904, 2125476.229604493], [442169.87087559904, 2125476.229604493], [442179.87087559904, 2125476.229604493], [442189.87087559904, 2125476.229604493], [442199.87087559904, 2125476.229604493], [442209.87087559904, 2125476.229604493], [442219.87087559904, 2125476.229604493], [442229.87087559904, 2125476.229604493], [442229.87087559904, 2125466.229604493], [442239.87087559904, 2125466.229604493], [442249.87087559904, 2125466.229604493], [442259.87087559904, 2125466.229604493], [442269.87087559904, 2125466.229604493], [442279.87087559904, 2125466.229604493], [442289.87087559904, 2125466.229604493], [442299.87087559904, 2125466.229604493], [442309.87087559904, 2125466.229604493], [442319.87087559904, 2125466.229604493], [442329.87087559904, 2125466.229604493], [442329.87087559904, 2125456.229604493], [442339.87087559904, 2125456.229604493], [442349.87087559904, 2125456.229604493], [442359.87087559904, 2125456.229604493], [442369.87087559904, 2125456.229604493], [442369.87087559904, 2125466.229604493], [442379.87087559904, 2125466.229604493], [442379.87087559904, 2125476.229604493], [442389.87087559904, 2125476.229604493], [442389.87087559904, 2125486.229604493], [442399.87087559904, 2125486.229604493], [442399.87087559904, 2125496.229604493], [442409.87087559904, 2125496.229604493], [442409.87087559904, 2125506.229604493], [442419.87087559904, 2125506.229604493], [442419.87087559904, 2125516.229604493], [442429.87087559904, 2125516.229604493], [442429.87087559904, 2125526.229604493], [442439.87087559904, 2125526.229604493], [442439.87087559904, 2125536.229604493], [442449.87087559904, 2125536.229604493], [442449.87087559904, 2125546.229604493], [442459.87087559904, 2125546.229604493], [442459.87087559904, 2125556.229604493], [442469.87087559904, 2125556.229604493], [442479.87087559904, 2125556.229604493], [442479.87087559904, 2125566.229604493], [442489.87087559904, 2125566.229604493], [442499.87087559904, 2125566.229604493], [442499.87087559904, 2125576.229604493], [442509.87087559904, 2125576.229604493], [442519.87087559904, 2125576.229604493], [442519.87087559904, 2125586.229604493], [442529.87087559904, 2125586.229604493], [442529.87087559904, 2125596.229604493], [442539.87087559904, 2125596.229604493], [442549.87087559904, 2125596.229604493], [442549.87087559904, 2125606.229604493], [442559.87087559904, 2125606.229604493], [442569.87087559904, 2125606.229604493], [442569.87087559904, 2125616.229604493], [442579.87087559904, 2125616.229604493], [442589.87087559904, 2125616.229604493], [442589.87087559904, 2125626.229604493], [442599.87087559904, 2125626.229604493], [442609.87087559904, 2125626.229604493], [442609.87087559904, 2125636.229604493], [442619.87087559904, 2125636.229604493], [442629.87087559904, 2125636.229604493], [442639.87087559904, 2125636.229604493], [442649.87087559904, 2125636.229604493], [442659.87087559904, 2125636.229604493], [442669.87087559904, 2125636.229604493], [442669.87087559904, 2125626.229604493], [442679.87087559904, 2125626.229604493], [442689.87087559904, 2125626.229604493], [442699.87087559904, 2125626.229604493], [442709.87087559904, 2125626.229604493], [442719.87087559904, 2125626.229604493], [442729.87087559904, 2125626.229604493], [442739.87087559904, 2125626.229604493], [442739.87087559904, 2125616.229604493], [442749.87087559904, 2125616.229604493], [442759.87087559904, 2125616.229604493], [442769.87087559904, 2125616.229604493], [442779.87087559904, 2125616.229604493], [442789.87087559904, 2125616.229604493], [442799.87087559904, 2125616.229604493], [442799.87087559904, 2125606.229604493], [442809.87087559904, 2125606.229604493], [442819.87087559904, 2125606.229604493], [442829.87087559904, 2125606.229604493], [442839.87087559904, 2125606.229604493], [442849.87087559904, 2125606.229604493], [442859.87087559904, 2125606.229604493], [442869.87087559904, 2125606.229604493], [442869.87087559904, 2125596.229604493], [442879.87087559904, 2125596.229604493], [442889.87087559904, 2125596.229604493], [442889.87087559904, 2125606.229604493], [442899.87087559904, 2125606.229604493], [442899.87087559904, 2125616.229604493], [442909.87087559904, 2125616.229604493], [442909.87087559904, 2125626.229604493], [442919.87087559904, 2125626.229604493], [442929.87087559904, 2125626.229604493], [442929.87087559904, 2125636.229604493], [442939.87087559904, 2125636.229604493], [442939.87087559904, 2125646.229604493], [442949.87087559904, 2125646.229604493], [442949.87087559904, 2125656.229604493], [442959.87087559904, 2125656.229604493], [442959.87087559904, 2125666.229604493], [442969.87087559904, 2125666.229604493], [442969.87087559904, 2125676.229604493], [442979.87087559904, 2125676.229604493], [442979.87087559904, 2125686.229604493], [442989.87087559904, 2125686.229604493], [442989.87087559904, 2125696.229604493], [442999.87087559904, 2125696.229604493], [443009.87087559904, 2125696.229604493], [443009.87087559904, 2125706.229604493], [443019.87087559904, 2125706.229604493], [443019.87087559904, 2125716.229604493], [443029.87087559904, 2125716.229604493], [443029.87087559904, 2125726.229604493], [443039.87087559904, 2125726.229604493], [443049.87087559904, 2125726.229604493], [443049.87087559904, 2125736.229604493], [443059.87087559904, 2125736.229604493], [443069.87087559904, 2125736.229604493], [443079.87087559904, 2125736.229604493], [443089.87087559904, 2125736.229604493], [443099.87087559904, 2125736.229604493], [443109.87087559904, 2125736.229604493], [443119.87087559904, 2125736.229604493], [443129.87087559904, 2125736.229604493], [443129.87087559904, 2125726.229604493], [443139.87087559904, 2125726.229604493], [443149.87087559904, 2125726.229604493], [443149.87087559904, 2125716.229604493], [443159.87087559904, 2125716.229604493], [443159.87087559904, 2125706.229604493], [443159.87087559904, 2125696.229604493], [443169.87087559904, 2125696.229604493], [443169.87087559904, 2125686.229604493], [443179.87087559904, 2125686.229604493], [443189.87087559904, 2125686.229604493], [443189.87087559904, 2125676.229604493], [443199.87087559904, 2125676.229604493], [443209.87087559904, 2125676.229604493], [443209.87087559904, 2125666.229604493], [443219.87087559904, 2125666.229604493], [443229.87087559904, 2125666.229604493], [443229.87087559904, 2125656.229604493], [443239.87087559904, 2125656.229604493], [443249.87087559904, 2125656.229604493], [443249.87087559904, 2125646.229604493], [443259.87087559904, 2125646.229604493], [443269.87087559904, 2125646.229604493], [443269.87087559904, 2125636.229604493], [443279.87087559904, 2125636.229604493], [443279.87087559904, 2125626.229604493], [443279.87087559904, 2125616.229604493], [443279.87087559904, 2125606.229604493], [443289.87087559904, 2125606.229604493], [443289.87087559904, 2125596.229604493], [443289.87087559904, 2125586.229604493], [443299.87087559904, 2125586.229604493], [443309.87087559904, 2125586.229604493], [443319.87087559904, 2125586.229604493], [443329.87087559904, 2125586.229604493], [443339.87087559904, 2125586.229604493], [443349.87087559904, 2125586.229604493], [443359.87087559904, 2125586.229604493], [443369.87087559904, 2125586.229604493], [443379.87087559904, 2125586.229604493], [443389.87087559904, 2125586.229604493], [443389.87087559904, 2125576.229604493], [443399.87087559904, 2125576.229604493], [443409.87087559904, 2125576.229604493], [443419.87087559904, 2125576.229604493], [443429.87087559904, 2125576.229604493], [443439.87087559904, 2125576.229604493], [443449.87087559904, 2125576.229604493], [443459.87087559904, 2125576.229604493], [443469.87087559904, 2125576.229604493], [443479.87087559904, 2125576.229604493], [443479.87087559904, 2125566.229604493], [443489.87087559904, 2125566.229604493], [443489.87087559904, 2125556.229604493], [443499.87087559904, 2125556.229604493], [443499.87087559904, 2125546.229604493], [443509.87087559904, 2125546.229604493], [443509.87087559904, 2125536.229604493], [443519.87087559904, 2125536.229604493], [443519.87087559904, 2125526.229604493], [443529.87087559904, 2125526.229604493], [443529.87087559904, 2125516.229604493], [443539.87087559904, 2125516.229604493], [443539.87087559904, 2125506.229604493], [443539.87087559904, 2125496.229604493], [443549.87087559904, 2125496.229604493], [443549.87087559904, 2125486.229604493], [443559.87087559904, 2125486.229604493], [443559.87087559904, 2125476.229604493], [443569.87087559904, 2125476.229604493], [443569.87087559904, 2125466.229604493], [443579.87087559904, 2125466.229604493], [443579.87087559904, 2125456.229604493], [443589.87087559904, 2125456.229604493], [443589.87087559904, 2125446.229604493], [443599.87087559904, 2125446.229604493], [443599.87087559904, 2125436.229604493], [443609.87087559904, 2125436.229604493], [443619.87087559904, 2125436.229604493], [443629.87087559904, 2125436.229604493], [443639.87087559904, 2125436.229604493], [443649.87087559904, 2125436.229604493], [443659.87087559904, 2125436.229604493], [443669.87087559904, 2125436.229604493], [443679.87087559904, 2125436.229604493], [443689.87087559904, 2125436.229604493], [443699.87087559904, 2125436.229604493], [443709.87087559904, 2125436.229604493], [443709.87087559904, 2125426.229604493], [443719.87087559904, 2125426.229604493], [443729.87087559904, 2125426.229604493], [443739.87087559904, 2125426.229604493], [443739.87087559904, 2125416.229604493], [443749.87087559904, 2125416.229604493], [443759.87087559904, 2125416.229604493], [443769.87087559904, 2125416.229604493], [443769.87087559904, 2125406.229604493], [443779.87087559904, 2125406.229604493], [443789.87087559904, 2125406.229604493], [443789.87087559904, 2125396.229604493], [443799.87087559904, 2125396.229604493], [443809.87087559904, 2125396.229604493], [443819.87087559904, 2125396.229604493], [443819.87087559904, 2125386.229604493], [443829.87087559904, 2125386.229604493], [443839.87087559904, 2125386.229604493], [443849.87087559904, 2125386.229604493], [443849.87087559904, 2125376.229604493], [443859.87087559904, 2125376.229604493], [443869.87087559904, 2125376.229604493], [443869.87087559904, 2125366.229604493], [443879.87087559904, 2125366.229604493], [443889.87087559904, 2125366.229604493], [443889.87087559904, 2125356.229604493], [443899.87087559904, 2125356.229604493], [443899.87087559904, 2125346.229604493], [443909.87087559904, 2125346.229604493], [443909.87087559904, 2125336.229604493], [443919.87087559904, 2125336.229604493], [443919.87087559904, 2125326.229604493], [443919.87087559904, 2125316.229604493], [443929.87087559904, 2125316.229604493], [443929.87087559904, 2125306.229604493], [443939.87087559904, 2125306.229604493], [443939.87087559904, 2125296.229604493], [443949.87087559904, 2125296.229604493], [443949.87087559904, 2125286.229604493], [443959.87087559904, 2125286.229604493], [443959.87087559904, 2125276.229604493], [443969.87087559904, 2125276.229604493], [443969.87087559904, 2125266.229604493], [443979.87087559904, 2125266.229604493], [443979.87087559904, 2125256.229604493], [443979.87087559904, 2125246.229604493], [443989.87087559904, 2125246.229604493], [443989.87087559904, 2125236.229604493], [443999.87087559904, 2125236.229604493], [443999.87087559904, 2125226.229604493], [444009.87087559904, 2125226.229604493], [444009.87087559904, 2125216.229604493], [444019.87087559904, 2125216.229604493], [444019.87087559904, 2125206.229604493], [444029.87087559904, 2125206.229604493], [444029.87087559904, 2125196.229604493], [444039.87087559904, 2125196.229604493], [444039.87087559904, 2125186.229604493], [444039.87087559904, 2125176.229604493], [444049.87087559904, 2125176.229604493], [444049.87087559904, 2125166.229604493], [444059.87087559904, 2125166.229604493], [444059.87087559904, 2125156.229604493], [444069.87087559904, 2125156.229604493], [444069.87087559904, 2125146.229604493], [444079.87087559904, 2125146.229604493], [444079.87087559904, 2125136.229604493], [444089.87087559904, 2125136.229604493], [444099.87087559904, 2125136.229604493], [444099.87087559904, 2125126.229604493], [444109.87087559904, 2125126.229604493], [444119.87087559904, 2125126.229604493], [444119.87087559904, 2125116.229604493], [444129.87087559904, 2125116.229604493], [444139.87087559904, 2125116.229604493], [444139.87087559904, 2125106.229604493], [444149.87087559904, 2125106.229604493], [444159.87087559904, 2125106.229604493], [444159.87087559904, 2125096.229604493], [444169.87087559904, 2125096.229604493], [444179.87087559904, 2125096.229604493], [444179.87087559904, 2125086.229604493], [444189.87087559904, 2125086.229604493], [444189.87087559904, 2125076.229604493], [444199.87087559904, 2125076.229604493], [444199.87087559904, 2125066.229604493], [444209.87087559904, 2125066.229604493], [444209.87087559904, 2125056.229604493], [444209.87087559904, 2125046.229604493], [444219.87087559904, 2125046.229604493], [444219.87087559904, 2125036.229604493], [444229.87087559904, 2125036.229604493], [444229.87087559904, 2125026.229604493], [444239.87087559904, 2125026.229604493], [444239.87087559904, 2125016.229604493], [444249.87087559904, 2125016.229604493], [444259.87087559904, 2125016.229604493], [444269.87087559904, 2125016.229604493], [444279.87087559904, 2125016.229604493], [444289.87087559904, 2125016.229604493], [444299.87087559904, 2125016.229604493], [444309.87087559904, 2125016.229604493], [444319.87087559904, 2125016.229604493], [444329.87087559904, 2125016.229604493], [444339.87087559904, 2125016.229604493], [444349.87087559904, 2125016.229604493], [444359.87087559904, 2125016.229604493], [444369.87087559904, 2125016.229604493], [444379.87087559904, 2125016.229604493], [444389.87087559904, 2125016.229604493], [444399.87087559904, 2125016.229604493], [444409.87087559904, 2125016.229604493], [444419.87087559904, 2125016.229604493], [444429.87087559904, 2125016.229604493], [444439.87087559904, 2125016.229604493], [444449.87087559904, 2125016.229604493], [444459.87087559904, 2125016.229604493], [444469.87087559904, 2125016.229604493], [444479.87087559904, 2125016.229604493], [444489.87087559904, 2125016.229604493], [444499.87087559904, 2125016.229604493], [444509.87087559904, 2125016.229604493], [444509.87087559904, 2125006.229604493], [444519.87087559904, 2125006.229604493], [444529.87087559904, 2125006.229604493], [444539.87087559904, 2125006.229604493], [444539.87087559904, 2124996.229604493], [444549.87087559904, 2124996.229604493], [444559.87087559904, 2124996.229604493], [444559.87087559904, 2124986.229604493], [444569.87087559904, 2124986.229604493], [444579.87087559904, 2124986.229604493], [444579.87087559904, 2124976.229604493], [444589.87087559904, 2124976.229604493], [444599.87087559904, 2124976.229604493], [444599.87087559904, 2124966.229604493], [444609.87087559904, 2124966.229604493], [444619.87087559904, 2124966.229604493], [444619.87087559904, 2124956.229604493], [444629.87087559904, 2124956.229604493], [444639.87087559904, 2124956.229604493], [444639.87087559904, 2124946.229604493], [444649.87087559904, 2124946.229604493], [444659.87087559904, 2124946.229604493], [444669.87087559904, 2124946.229604493], [444679.87087559904, 2124946.229604493], [444689.87087559904, 2124946.229604493], [444699.87087559904, 2124946.229604493], [444709.87087559904, 2124946.229604493], [444719.87087559904, 2124946.229604493], [444729.87087559904, 2124946.229604493], [444739.87087559904, 2124946.229604493], [444749.87087559904, 2124946.229604493], [444759.87087559904, 2124946.229604493], [444769.87087559904, 2124946.229604493], [444779.87087559904, 2124946.229604493], [444789.87087559904, 2124946.229604493], [444799.87087559904, 2124946.229604493], [444809.87087559904, 2124946.229604493], [444819.87087559904, 2124946.229604493], [444829.87087559904, 2124946.229604493], [444839.87087559904, 2124946.229604493], [444849.87087559904, 2124946.229604493], [444859.87087559904, 2124946.229604493], [444869.87087559904, 2124946.229604493], [444879.87087559904, 2124946.229604493], [444889.87087559904, 2124946.229604493], [444899.87087559904, 2124946.229604493], [444909.87087559904, 2124946.229604493], [444919.87087559904, 2124946.229604493], [444929.87087559904, 2124946.229604493], [444939.87087559904, 2124946.229604493], [444949.87087559904, 2124946.229604493], [444959.87087559904, 2124946.229604493], [444969.87087559904, 2124946.229604493], [444979.87087559904, 2124946.229604493], [444989.87087559904, 2124946.229604493], [444999.87087559904, 2124946.229604493], [445009.87087559904, 2124946.229604493], [445009.87087559904, 2124956.229604493], [445019.87087559904, 2124956.229604493], [445029.87087559904, 2124956.229604493], [445029.87087559904, 2124966.229604493], [445039.87087559904, 2124966.229604493], [445039.87087559904, 2124976.229604493], [445049.87087559904, 2124976.229604493], [445049.87087559904, 2124986.229604493], [445059.87087559904, 2124986.229604493], [445069.87087559904, 2124986.229604493], [445069.87087559904, 2124996.229604493], [445079.87087559904, 2124996.229604493], [445079.87087559904, 2125006.229604493], [445089.87087559904, 2125006.229604493], [445089.87087559904, 2125016.229604493], [445099.87087559904, 2125016.229604493], [445099.87087559904, 2125026.229604493], [445109.87087559904, 2125026.229604493], [445119.87087559904, 2125026.229604493], [445119.87087559904, 2125036.229604493], [445129.87087559904, 2125036.229604493], [445129.87087559904, 2125046.229604493], [445139.87087559904, 2125046.229604493], [445149.87087559904, 2125046.229604493], [445149.87087559904, 2125056.229604493], [445159.87087559904, 2125056.229604493], [445169.87087559904, 2125056.229604493], [445179.87087559904, 2125056.229604493], [445189.87087559904, 2125056.229604493], [445199.87087559904, 2125056.229604493], [445209.87087559904, 2125056.229604493], [445219.87087559904, 2125056.229604493], [445229.87087559904, 2125056.229604493], [445239.87087559904, 2125056.229604493], [445249.87087559904, 2125056.229604493], [445259.87087559904, 2125056.229604493], [445259.87087559904, 2125066.229604493], [445269.87087559904, 2125066.229604493], [445269.87087559904, 2125076.229604493], [445279.87087559904, 2125076.229604493], [445279.87087559904, 2125086.229604493], [445289.87087559904, 2125086.229604493], [445299.87087559904, 2125086.229604493], [445299.87087559904, 2125076.229604493], [445289.87087559904, 2125076.229604493], [445289.87087559904, 2125066.229604493], [445279.87087559904, 2125066.229604493], [445279.87087559904, 2125056.229604493], [445269.87087559904, 2125056.229604493], [445269.87087559904, 2125046.229604493], [445259.87087559904, 2125046.229604493], [445249.87087559904, 2125046.229604493], [445239.87087559904, 2125046.229604493], [445229.87087559904, 2125046.229604493], [445219.87087559904, 2125046.229604493], [445209.87087559904, 2125046.229604493], [445199.87087559904, 2125046.229604493], [445189.87087559904, 2125046.229604493], [445179.87087559904, 2125046.229604493], [445169.87087559904, 2125046.229604493], [445159.87087559904, 2125046.229604493], [445159.87087559904, 2125036.229604493], [445149.87087559904, 2125036.229604493], [445139.87087559904, 2125036.229604493], [445139.87087559904, 2125026.229604493], [445129.87087559904, 2125026.229604493], [445129.87087559904, 2125016.229604493], [445119.87087559904, 2125016.229604493], [445109.87087559904, 2125016.229604493], [445109.87087559904, 2125006.229604493], [445099.87087559904, 2125006.229604493], [445099.87087559904, 2124996.229604493], [445089.87087559904, 2124996.229604493], [445089.87087559904, 2124986.229604493], [445079.87087559904, 2124986.229604493], [445079.87087559904, 2124976.229604493], [445069.87087559904, 2124976.229604493], [445059.87087559904, 2124976.229604493], [445059.87087559904, 2124966.229604493], [445049.87087559904, 2124966.229604493], [445049.87087559904, 2124956.229604493], [445039.87087559904, 2124956.229604493], [445039.87087559904, 2124946.229604493], [445029.87087559904, 2124946.229604493], [445019.87087559904, 2124946.229604493], [445019.87087559904, 2124936.229604493], [445009.87087559904, 2124936.229604493], [445009.87087559904, 2124926.229604493], [444999.87087559904, 2124926.229604493], [444999.87087559904, 2124936.229604493], [444989.87087559904, 2124936.229604493], [444979.87087559904, 2124936.229604493], [444969.87087559904, 2124936.229604493], [444959.87087559904, 2124936.229604493], [444949.87087559904, 2124936.229604493], [444939.87087559904, 2124936.229604493], [444929.87087559904, 2124936.229604493], [444919.87087559904, 2124936.229604493], [444909.87087559904, 2124936.229604493], [444899.87087559904, 2124936.229604493], [444889.87087559904, 2124936.229604493], [444879.87087559904, 2124936.229604493], [444869.87087559904, 2124936.229604493], [444859.87087559904, 2124936.229604493], [444849.87087559904, 2124936.229604493], [444839.87087559904, 2124936.229604493], [444829.87087559904, 2124936.229604493], [444819.87087559904, 2124936.229604493], [444809.87087559904, 2124936.229604493], [444799.87087559904, 2124936.229604493], [444789.87087559904, 2124936.229604493], [444779.87087559904, 2124936.229604493], [444769.87087559904, 2124936.229604493], [444759.87087559904, 2124936.229604493], [444749.87087559904, 2124936.229604493], [444739.87087559904, 2124936.229604493], [444729.87087559904, 2124936.229604493], [444719.87087559904, 2124936.229604493], [444709.87087559904, 2124936.229604493], [444699.87087559904, 2124936.229604493], [444689.87087559904, 2124936.229604493], [444679.87087559904, 2124936.229604493], [444669.87087559904, 2124936.229604493], [444659.87087559904, 2124936.229604493], [444659.87087559904, 2124926.229604493], [444649.87087559904, 2124926.229604493], [444649.87087559904, 2124936.229604493], [444639.87087559904, 2124936.229604493], [444629.87087559904, 2124936.229604493], [444629.87087559904, 2124946.229604493], [444619.87087559904, 2124946.229604493], [444609.87087559904, 2124946.229604493], [444609.87087559904, 2124956.229604493], [444599.87087559904, 2124956.229604493], [444589.87087559904, 2124956.229604493], [444589.87087559904, 2124966.229604493], [444579.87087559904, 2124966.229604493], [444569.87087559904, 2124966.229604493], [444569.87087559904, 2124976.229604493], [444559.87087559904, 2124976.229604493], [444549.87087559904, 2124976.229604493], [444549.87087559904, 2124986.229604493], [444539.87087559904, 2124986.229604493], [444529.87087559904, 2124986.229604493], [444529.87087559904, 2124996.229604493], [444519.87087559904, 2124996.229604493], [444509.87087559904, 2124996.229604493], [444499.87087559904, 2124996.229604493], [444499.87087559904, 2125006.229604493], [444489.87087559904, 2125006.229604493], [444479.87087559904, 2125006.229604493], [444469.87087559904, 2125006.229604493], [444459.87087559904, 2125006.229604493], [444449.87087559904, 2125006.229604493], [444439.87087559904, 2125006.229604493], [444429.87087559904, 2125006.229604493], [444419.87087559904, 2125006.229604493], [444409.87087559904, 2125006.229604493], [444399.87087559904, 2125006.229604493], [444389.87087559904, 2125006.229604493], [444379.87087559904, 2125006.229604493], [444369.87087559904, 2125006.229604493], [444359.87087559904, 2125006.229604493], [444349.87087559904, 2125006.229604493], [444339.87087559904, 2125006.229604493], [444329.87087559904, 2125006.229604493], [444319.87087559904, 2125006.229604493], [444309.87087559904, 2125006.229604493], [444299.87087559904, 2125006.229604493], [444289.87087559904, 2125006.229604493], [444279.87087559904, 2125006.229604493], [444269.87087559904, 2125006.229604493], [444259.87087559904, 2125006.229604493], [444249.87087559904, 2125006.229604493], [444239.87087559904, 2125006.229604493], [444229.87087559904, 2125006.229604493], [444229.87087559904, 2125016.229604493], [444219.87087559904, 2125016.229604493], [444219.87087559904, 2125026.229604493], [444209.87087559904, 2125026.229604493], [444209.87087559904, 2125036.229604493], [444199.87087559904, 2125036.229604493], [444199.87087559904, 2125046.229604493], [444199.87087559904, 2125056.229604493], [444189.87087559904, 2125056.229604493], [444189.87087559904, 2125066.229604493], [444179.87087559904, 2125066.229604493], [444179.87087559904, 2125076.229604493], [444169.87087559904, 2125076.229604493], [444169.87087559904, 2125086.229604493], [444159.87087559904, 2125086.229604493], [444149.87087559904, 2125086.229604493], [444149.87087559904, 2125096.229604493], [444139.87087559904, 2125096.229604493], [444129.87087559904, 2125096.229604493], [444129.87087559904, 2125106.229604493], [444119.87087559904, 2125106.229604493], [444109.87087559904, 2125106.229604493], [444109.87087559904, 2125116.229604493], [444099.87087559904, 2125116.229604493], [444089.87087559904, 2125116.229604493], [444089.87087559904, 2125126.229604493], [444079.87087559904, 2125126.229604493], [444069.87087559904, 2125126.229604493], [444069.87087559904, 2125136.229604493], [444059.87087559904, 2125136.229604493], [444059.87087559904, 2125146.229604493], [444049.87087559904, 2125146.229604493], [444049.87087559904, 2125156.229604493], [444039.87087559904, 2125156.229604493], [444039.87087559904, 2125166.229604493], [444029.87087559904, 2125166.229604493], [444029.87087559904, 2125176.229604493], [444029.87087559904, 2125186.229604493], [444019.87087559904, 2125186.229604493], [444019.87087559904, 2125196.229604493], [444009.87087559904, 2125196.229604493], [444009.87087559904, 2125206.229604493], [443999.87087559904, 2125206.229604493], [443999.87087559904, 2125216.229604493], [443989.87087559904, 2125216.229604493], [443989.87087559904, 2125226.229604493], [443979.87087559904, 2125226.229604493], [443979.87087559904, 2125236.229604493], [443969.87087559904, 2125236.229604493], [443969.87087559904, 2125246.229604493], [443969.87087559904, 2125256.229604493], [443959.87087559904, 2125256.229604493], [443959.87087559904, 2125266.229604493], [443949.87087559904, 2125266.229604493], [443949.87087559904, 2125276.229604493], [443939.87087559904, 2125276.229604493], [443939.87087559904, 2125286.229604493], [443929.87087559904, 2125286.229604493], [443929.87087559904, 2125296.229604493], [443919.87087559904, 2125296.229604493], [443919.87087559904, 2125306.229604493], [443909.87087559904, 2125306.229604493], [443909.87087559904, 2125316.229604493], [443909.87087559904, 2125326.229604493], [443899.87087559904, 2125326.229604493], [443899.87087559904, 2125336.229604493], [443889.87087559904, 2125336.229604493], [443889.87087559904, 2125346.229604493], [443879.87087559904, 2125346.229604493], [443879.87087559904, 2125356.229604493], [443869.87087559904, 2125356.229604493], [443859.87087559904, 2125356.229604493], [443859.87087559904, 2125366.229604493], [443849.87087559904, 2125366.229604493], [443839.87087559904, 2125366.229604493], [443839.87087559904, 2125376.229604493], [443829.87087559904, 2125376.229604493], [443819.87087559904, 2125376.229604493], [443809.87087559904, 2125376.229604493], [443809.87087559904, 2125386.229604493], [443799.87087559904, 2125386.229604493], [443789.87087559904, 2125386.229604493], [443779.87087559904, 2125386.229604493], [443779.87087559904, 2125396.229604493], [443769.87087559904, 2125396.229604493], [443759.87087559904, 2125396.229604493], [443759.87087559904, 2125406.229604493], [443749.87087559904, 2125406.229604493], [443739.87087559904, 2125406.229604493], [443729.87087559904, 2125406.229604493], [443729.87087559904, 2125416.229604493], [443719.87087559904, 2125416.229604493], [443709.87087559904, 2125416.229604493], [443699.87087559904, 2125416.229604493], [443699.87087559904, 2125426.229604493], [443689.87087559904, 2125426.229604493], [443679.87087559904, 2125426.229604493], [443669.87087559904, 2125426.229604493], [443659.87087559904, 2125426.229604493], [443649.87087559904, 2125426.229604493], [443639.87087559904, 2125426.229604493], [443629.87087559904, 2125426.229604493], [443619.87087559904, 2125426.229604493], [443609.87087559904, 2125426.229604493], [443599.87087559904, 2125426.229604493], [443589.87087559904, 2125426.229604493], [443589.87087559904, 2125436.229604493], [443579.87087559904, 2125436.229604493], [443579.87087559904, 2125446.229604493], [443569.87087559904, 2125446.229604493], [443569.87087559904, 2125456.229604493], [443559.87087559904, 2125456.229604493], [443559.87087559904, 2125466.229604493], [443549.87087559904, 2125466.229604493], [443549.87087559904, 2125476.229604493], [443539.87087559904, 2125476.229604493], [443539.87087559904, 2125486.229604493], [443529.87087559904, 2125486.229604493], [443529.87087559904, 2125496.229604493], [443529.87087559904, 2125506.229604493], [443519.87087559904, 2125506.229604493], [443519.87087559904, 2125516.229604493], [443509.87087559904, 2125516.229604493], [443509.87087559904, 2125526.229604493], [443499.87087559904, 2125526.229604493], [443499.87087559904, 2125536.229604493], [443489.87087559904, 2125536.229604493], [443489.87087559904, 2125546.229604493], [443479.87087559904, 2125546.229604493], [443479.87087559904, 2125556.229604493], [443469.87087559904, 2125556.229604493], [443469.87087559904, 2125566.229604493], [443459.87087559904, 2125566.229604493], [443449.87087559904, 2125566.229604493], [443439.87087559904, 2125566.229604493], [443429.87087559904, 2125566.229604493], [443419.87087559904, 2125566.229604493], [443409.87087559904, 2125566.229604493], [443399.87087559904, 2125566.229604493], [443389.87087559904, 2125566.229604493], [443379.87087559904, 2125566.229604493], [443379.87087559904, 2125576.229604493], [443369.87087559904, 2125576.229604493], [443359.87087559904, 2125576.229604493], [443349.87087559904, 2125576.229604493], [443339.87087559904, 2125576.229604493], [443329.87087559904, 2125576.229604493], [443319.87087559904, 2125576.229604493], [443309.87087559904, 2125576.229604493], [443299.87087559904, 2125576.229604493], [443289.87087559904, 2125576.229604493], [443279.87087559904, 2125576.229604493], [443279.87087559904, 2125586.229604493], [443279.87087559904, 2125596.229604493], [443269.87087559904, 2125596.229604493], [443269.87087559904, 2125606.229604493], [443269.87087559904, 2125616.229604493], [443269.87087559904, 2125626.229604493], [443259.87087559904, 2125626.229604493], [443259.87087559904, 2125636.229604493], [443249.87087559904, 2125636.229604493], [443239.87087559904, 2125636.229604493], [443239.87087559904, 2125646.229604493], [443229.87087559904, 2125646.229604493], [443219.87087559904, 2125646.229604493], [443219.87087559904, 2125656.229604493], [443209.87087559904, 2125656.229604493], [443199.87087559904, 2125656.229604493], [443199.87087559904, 2125666.229604493], [443189.87087559904, 2125666.229604493], [443179.87087559904, 2125666.229604493], [443179.87087559904, 2125676.229604493], [443169.87087559904, 2125676.229604493], [443159.87087559904, 2125676.229604493], [443159.87087559904, 2125686.229604493], [443149.87087559904, 2125686.229604493], [443149.87087559904, 2125696.229604493], [443149.87087559904, 2125706.229604493], [443139.87087559904, 2125706.229604493], [443139.87087559904, 2125716.229604493], [443129.87087559904, 2125716.229604493], [443119.87087559904, 2125716.229604493], [443119.87087559904, 2125726.229604493], [443109.87087559904, 2125726.229604493], [443099.87087559904, 2125726.229604493], [443089.87087559904, 2125726.229604493], [443079.87087559904, 2125726.229604493], [443069.87087559904, 2125726.229604493], [443059.87087559904, 2125726.229604493], [443059.87087559904, 2125716.229604493], [443049.87087559904, 2125716.229604493], [443039.87087559904, 2125716.229604493], [443039.87087559904, 2125706.229604493], [443029.87087559904, 2125706.229604493], [443029.87087559904, 2125696.229604493], [443019.87087559904, 2125696.229604493], [443019.87087559904, 2125686.229604493], [443009.87087559904, 2125686.229604493], [442999.87087559904, 2125686.229604493], [442999.87087559904, 2125676.229604493], [442989.87087559904, 2125676.229604493], [442989.87087559904, 2125666.229604493], [442979.87087559904, 2125666.229604493], [442979.87087559904, 2125656.229604493], [442969.87087559904, 2125656.229604493], [442969.87087559904, 2125646.229604493], [442959.87087559904, 2125646.229604493], [442959.87087559904, 2125636.229604493], [442949.87087559904, 2125636.229604493], [442949.87087559904, 2125626.229604493], [442939.87087559904, 2125626.229604493], [442939.87087559904, 2125616.229604493], [442929.87087559904, 2125616.229604493], [442919.87087559904, 2125616.229604493], [442919.87087559904, 2125606.229604493], [442909.87087559904, 2125606.229604493], [442909.87087559904, 2125596.229604493], [442899.87087559904, 2125596.229604493], [442899.87087559904, 2125586.229604493], [442889.87087559904, 2125586.229604493], [442879.87087559904, 2125586.229604493], [442869.87087559904, 2125586.229604493], [442859.87087559904, 2125586.229604493], [442859.87087559904, 2125596.229604493], [442849.87087559904, 2125596.229604493], [442839.87087559904, 2125596.229604493], [442829.87087559904, 2125596.229604493], [442819.87087559904, 2125596.229604493], [442809.87087559904, 2125596.229604493], [442799.87087559904, 2125596.229604493], [442789.87087559904, 2125596.229604493], [442789.87087559904, 2125606.229604493], [442779.87087559904, 2125606.229604493], [442769.87087559904, 2125606.229604493], [442759.87087559904, 2125606.229604493], [442749.87087559904, 2125606.229604493], [442739.87087559904, 2125606.229604493], [442729.87087559904, 2125606.229604493], [442729.87087559904, 2125616.229604493], [442719.87087559904, 2125616.229604493], [442709.87087559904, 2125616.229604493], [442699.87087559904, 2125616.229604493], [442689.87087559904, 2125616.229604493], [442679.87087559904, 2125616.229604493], [442669.87087559904, 2125616.229604493], [442659.87087559904, 2125616.229604493], [442659.87087559904, 2125626.229604493], [442649.87087559904, 2125626.229604493], [442639.87087559904, 2125626.229604493], [442629.87087559904, 2125626.229604493], [442619.87087559904, 2125626.229604493], [442619.87087559904, 2125616.229604493], [442609.87087559904, 2125616.229604493], [442599.87087559904, 2125616.229604493], [442599.87087559904, 2125606.229604493], [442589.87087559904, 2125606.229604493], [442579.87087559904, 2125606.229604493], [442579.87087559904, 2125596.229604493], [442569.87087559904, 2125596.229604493], [442559.87087559904, 2125596.229604493], [442559.87087559904, 2125586.229604493], [442549.87087559904, 2125586.229604493], [442539.87087559904, 2125586.229604493], [442539.87087559904, 2125576.229604493], [442529.87087559904, 2125576.229604493], [442529.87087559904, 2125566.229604493], [442519.87087559904, 2125566.229604493], [442509.87087559904, 2125566.229604493], [442509.87087559904, 2125556.229604493], [442499.87087559904, 2125556.229604493], [442489.87087559904, 2125556.229604493], [442489.87087559904, 2125546.229604493], [442479.87087559904, 2125546.229604493], [442469.87087559904, 2125546.229604493], [442469.87087559904, 2125536.229604493], [442459.87087559904, 2125536.229604493], [442459.87087559904, 2125526.229604493], [442449.87087559904, 2125526.229604493], [442449.87087559904, 2125516.229604493], [442439.87087559904, 2125516.229604493], [442439.87087559904, 2125506.229604493], [442429.87087559904, 2125506.229604493], [442429.87087559904, 2125496.229604493], [442419.87087559904, 2125496.229604493], [442419.87087559904, 2125486.229604493], [442409.87087559904, 2125486.229604493], [442409.87087559904, 2125476.229604493], [442399.87087559904, 2125476.229604493], [442399.87087559904, 2125466.229604493], [442389.87087559904, 2125466.229604493], [442389.87087559904, 2125456.229604493], [442379.87087559904, 2125456.229604493], [442379.87087559904, 2125446.229604493], [442369.87087559904, 2125446.229604493], [442359.87087559904, 2125446.229604493], [442349.87087559904, 2125446.229604493], [442339.87087559904, 2125446.229604493], [442329.87087559904, 2125446.229604493], [442319.87087559904, 2125446.229604493], [442319.87087559904, 2125456.229604493], [442309.87087559904, 2125456.229604493], [442299.87087559904, 2125456.229604493], [442289.87087559904, 2125456.229604493], [442279.87087559904, 2125456.229604493], [442269.87087559904, 2125456.229604493], [442259.87087559904, 2125456.229604493], [442249.87087559904, 2125456.229604493], [442239.87087559904, 2125456.229604493], [442229.87087559904, 2125456.229604493], [442219.87087559904, 2125456.229604493], [442219.87087559904, 2125466.229604493], [442209.87087559904, 2125466.229604493], [442199.87087559904, 2125466.229604493], [442189.87087559904, 2125466.229604493], [442179.87087559904, 2125466.229604493], [442169.87087559904, 2125466.229604493], [442159.87087559904, 2125466.229604493], [442159.87087559904, 2125456.229604493], [442149.87087559904, 2125456.229604493], [442139.87087559904, 2125456.229604493], [442139.87087559904, 2125446.229604493], [442129.87087559904, 2125446.229604493], [442129.87087559904, 2125436.229604493], [442119.87087559904, 2125436.229604493], [442119.87087559904, 2125426.229604493], [442119.87087559904, 2125416.229604493], [442109.87087559904, 2125416.229604493], [442109.87087559904, 2125406.229604493], [442099.87087559904, 2125406.229604493], [442099.87087559904, 2125396.229604493], [442089.87087559904, 2125396.229604493], [442089.87087559904, 2125386.229604493], [442079.87087559904, 2125386.229604493], [442079.87087559904, 2125376.229604493], [442079.87087559904, 2125366.229604493], [442069.87087559904, 2125366.229604493], [442069.87087559904, 2125356.229604493], [442059.87087559904, 2125356.229604493], [442059.87087559904, 2125346.229604493], [442059.87087559904, 2125336.229604493], [442059.87087559904, 2125326.229604493], [442059.87087559904, 2125316.229604493], [442069.87087559904, 2125316.229604493], [442069.87087559904, 2125306.229604493], [442069.87087559904, 2125296.229604493], [442079.87087559904, 2125296.229604493], [442079.87087559904, 2125286.229604493], [442079.87087559904, 2125276.229604493], [442089.87087559904, 2125276.229604493], [442089.87087559904, 2125266.229604493], [442099.87087559904, 2125266.229604493], [442099.87087559904, 2125256.229604493], [442099.87087559904, 2125246.229604493], [442109.87087559904, 2125246.229604493], [442109.87087559904, 2125236.229604493], [442109.87087559904, 2125226.229604493], [442109.87087559904, 2125216.229604493], [442099.87087559904, 2125216.229604493], [442099.87087559904, 2125206.229604493], [442099.87087559904, 2125196.229604493], [442089.87087559904, 2125196.229604493], [442089.87087559904, 2125206.229604493], [442089.87087559904, 2125216.229604493], [442079.87087559904, 2125216.229604493], [442069.87087559904, 2125216.229604493], [442069.87087559904, 2125226.229604493], [442059.87087559904, 2125226.229604493], [442059.87087559904, 2125236.229604493]], [[442049.87087559904, 2125296.229604493], [442049.87087559904, 2125286.229604493], [442049.87087559904, 2125276.229604493], [442049.87087559904, 2125266.229604493], [442049.87087559904, 2125256.229604493], [442059.87087559904, 2125256.229604493], [442059.87087559904, 2125246.229604493], [442069.87087559904, 2125246.229604493], [442069.87087559904, 2125236.229604493], [442079.87087559904, 2125236.229604493], [442079.87087559904, 2125226.229604493], [442089.87087559904, 2125226.229604493], [442099.87087559904, 2125226.229604493], [442099.87087559904, 2125236.229604493], [442089.87087559904, 2125236.229604493], [442089.87087559904, 2125246.229604493], [442089.87087559904, 2125256.229604493], [442079.87087559904, 2125256.229604493], [442079.87087559904, 2125266.229604493], [442069.87087559904, 2125266.229604493], [442069.87087559904, 2125276.229604493], [442069.87087559904, 2125286.229604493], [442059.87087559904, 2125286.229604493], [442059.87087559904, 2125296.229604493], [442059.87087559904, 2125306.229604493], [442049.87087559904, 2125306.229604493], [442049.87087559904, 2125296.229604493]]]}}, {"type": "Feature", "properties": {"细尖刺": 1800, "area_m2": 1800, "length_m": 151, "bearing": ""}, "geometry": {"type": "MultiPolygon", "coordinates": [[[[442119.87087559904, 2124906.229604493], [442119.87087559904, 2124916.229604493], [442119.87087559904, 2124926.229604493], [442119.87087559904, 2124936.229604493], [442119.87087559904, 2124946.229604493], [442119.87087559904, 2124956.229604493], [442119.87087559904, 2124966.229604493], [442119.87087559904, 2124976.229604493], [442129.87087559904, 2124976.229604493], [442129.87087559904, 2124966.229604493], [442129.87087559904, 2124956.229604493], [442129.87087559904, 2124946.229604493], [442129.87087559904, 2124936.229604493], [442129.87087559904, 2124926.229604493], [442129.87087559904, 2124916.229604493], [442129.87087559904, 2124906.229604493], [442129.87087559904, 2124896.229604493], [442129.87087559904, 2124886.229604493], [442119.87087559904, 2124886.229604493], [442119.87087559904, 2124896.229604493], [442119.87087559904, 2124906.229604493]]], [[[442129.87087559904, 2124976.229604493], [442129.87087559904, 2124986.229604493], [442129.87087559904, 2124996.229604493], [442129.87087559904, 2125006.229604493], [442129.87087559904, 2125016.229604493], [442129.87087559904, 2125026.229604493], [442129.87087559904, 2125036.229604493], [442139.87087559904, 2125036.229604493], [442139.87087559904, 2125026.229604493], [442139.87087559904, 2125016.229604493], [442139.87087559904, 2125006.229604493], [442149.87087559904, 2125006.229604493], [442149.87087559904, 2124996.229604493], [442149.87087559904, 2124986.229604493], [442149.87087559904, 2124976.229604493], [442139.87087559904, 2124976.229604493], [442129.87087559904, 2124976.229604493]]]]}}]}